conferente,data_operacao,caixas,tempo_conferencia
Filial C.M,2026-08-28,92,0 days 00:01:17
Filial C.M,2026-08-28,79,0 days 00:00:19
Filial C.M,2026-08-28,180,0 days 00:00:07
Filial C.M,2026-08-28,84,0 days 00:01:48
Filial C.M,2026-08-28,32,0 days 00:03:21
Filial C.M,2026-08-28,84,0 days 00:01:47
Filial C.M,2026-08-28,84,0 days 00:01:59
Filial C.M,2026-08-28,45,0 days 00:01:07
Filial C.M,2026-08-28,90,0 days 00:01:22
Filial C.M,2026-08-28,131,0 days 00:01:25
Filial C.M,2026-08-28,147,0 days 00:00:59
Filial C.M,2026-08-28,24,0 days 00:01:15
Filial C.M,2026-08-28,43,0 days 00:02:23
Filial C.M,2026-08-28,62,0 days 00:00:35
Filial C.M,2026-08-28,180,0 days 00:00:04
Filial C.M,2026-08-28,198,0 days 00:00:04
Filial C.M,2026-08-28,81,0 days 00:02:05
Filial C.M,2026-08-28,136,0 days 00:01:34
Filial C.M,2026-08-28,81,0 days 00:00:05
Filial C.M,2026-08-28,24,0 days 00:01:46
Filial C.M,2026-08-28,70,0 days 00:01:11
Filial C.M,2026-08-28,113,0 days 00:02:06
Filial C.M,2026-08-28,79,0 days 00:00:05
Filial C.M,2026-08-28,38,0 days 00:00:39
Filial C.M,2026-08-28,74,0 days 00:01:25
Filial C.M,2026-08-28,124,0 days 00:03:43
Filial C.M,2026-08-28,27,0 days 00:00:52
Filial C.M,2026-08-28,26,0 days 00:00:44
Filial C.M,2026-08-28,29,0 days 00:00:27
Filial C.M,2026-08-28,60,0 days 00:00:27
Filial C.M,2026-08-28,34,0 days 00:00:59
Filial C.M,2026-08-28,62,0 days 00:01:51
Filial C.M,2026-08-28,118,0 days 00:00:27
Filial C.M,2026-08-28,180,0 days 00:00:04
Filial C.M,2026-08-28,67,0 days 00:01:11
Filial C.M,2026-08-28,71,0 days 00:01:25
Filial C.M,2026-08-28,164,0 days 00:00:11
Filial C.M,2026-08-28,182,0 days 00:00:27
Filial C.M,2026-08-28,64,0 days 00:01:07
Filial C.M,2026-08-28,81,0 days 00:00:09
Filial C.M,2026-08-28,93,0 days 00:01:30
Filial C.M,2026-08-28,41,0 days 00:00:21
Filial C.M,2026-08-28,44,0 days 00:00:56
Filial C.M,2026-08-28,40,0 days 00:01:33
Filial C.M,2026-08-28,63,0 days 00:00:21
Filial C.M,2026-08-28,84,0 days 00:02:20
Filial C.M,2026-08-28,121,0 days 00:01:36
Filial C.M,2026-08-28,180,0 days 00:00:04
Filial C.M,2026-08-28,100,0 days 00:00:12
Filial C.M,2026-08-28,180,0 days 00:00:03
Filial C.M,2026-08-28,44,0 days 00:01:03
Filial C.M,2026-08-28,64,0 days 00:01:35
Filial C.M,2026-08-28,89,0 days 00:02:44
Filial C.M,2026-08-28,62,0 days 00:01:21
Filial C.M,2026-08-28,42,0 days 00:00:53
Filial C.M,2026-08-28,114,0 days 00:01:24
Filial C.M,2026-08-28,68,0 days 00:00:08
Filial C.M,2026-08-28,102,0 days 00:00:51
Filial C.M,2026-08-28,124,0 days 00:03:19
Filial C.M,2026-08-28,9,0 days 00:00:24
Filial C.M,2026-08-28,52,0 days 00:00:58
Filial C.M,2026-08-28,36,0 days 00:00:13
Filial C.M,2026-08-28,65,0 days 00:01:44
Filial C.M,2026-08-28,133,0 days 00:01:22
Filial C.M,2026-08-28,179,0 days 00:01:42
Filial C.M,2026-08-28,47,0 days 00:00:40
Filial C.M,2026-08-28,180,0 days 00:00:04
Filial C.M,2026-08-28,11,0 days 00:00:25
Filial C.M,2026-08-28,41,0 days 00:01:23
Filial C.M,2026-08-28,50,0 days 00:00:32
Filial C.M,2026-08-28,67,0 days 00:02:31
Filial C.M,2026-08-28,96,0 days 00:05:03
Filial C.M,2026-08-28,34,0 days 00:03:07
Filial C.M,2026-08-28,180,0 days 00:00:03
Filial C.M,2026-08-28,180,0 days 00:00:04
Filial C.M,2026-08-28,21,0 days 00:04:05
Filial C.M,2026-08-28,35,0 days 00:00:38
Filial C.M,2026-08-28,34,0 days 00:01:45
Filial C.M,2026-08-28,116,0 days 00:02:36
Filial C.M,2026-08-28,100,0 days 00:00:20
Filial C.M,2026-08-28,183,0 days 00:00:34
Filial C.M,2026-08-28,48,0 days 00:01:51
CONFERENTE / SUPERVISOR ,2026-02-03,66,0 days 00:00:05
CONFERENTE / SUPERVISOR ,2026-02-03,58,0 days 00:00:05
CONFERENTE / SUPERVISOR ,2026-02-03,24,0 days 00:00:04
CONFERENTE / SUPERVISOR ,2026-02-03,34,0 days 00:00:04
CONFERENTE / SUPERVISOR ,2026-02-03,71,0 days 00:00:05
CONFERENTE / SUPERVISOR ,2026-02-03,45,0 days 00:00:04
CONFERENTE / SUPERVISOR ,2026-02-03,180,0 days 00:00:05
CONFERENTE / SUPERVISOR ,2026-02-03,131,0 days 00:00:06
CONFERENTE / SUPERVISOR ,2026-02-03,147,0 days 00:00:05
CONFERENTE / SUPERVISOR ,2026-02-03,34,0 days 00:00:03
CONFERENTE / SUPERVISOR ,2026-02-03,25,0 days 00:00:04
CONFERENTE / SUPERVISOR ,2026-02-03,81,0 days 00:00:05
CONFERENTE / SUPERVISOR ,2026-02-03,62,0 days 00:00:12
CONFERENTE / SUPERVISOR ,2026-02-03,98,0 days 00:00:03
CONFERENTE / SUPERVISOR ,2026-02-03,99,0 days 00:00:03
CONFERENTE / SUPERVISOR ,2026-02-03,80,0 days 00:00:05
CONFERENTE / SUPERVISOR ,2026-02-03,68,0 days 00:00:03
CONFERENTE / SUPERVISOR ,2026-02-03,208,0 days 00:05:34
CONFERENTE / SUPERVISOR ,2026-02-03,228,0 days 00:00:18
CONFERENTE / SUPERVISOR ,2026-02-03,56,0 days 00:00:04
CONFERENTE / SUPERVISOR ,2026-02-03,38,0 days 00:00:04
CONFERENTE / SUPERVISOR ,2026-02-03,99,0 days 00:00:03
CONFERENTE / SUPERVISOR ,2026-02-03,59,0 days 00:00:04
CONFERENTE / SUPERVISOR ,2026-02-03,107,0 days 00:00:05
CONFERENTE / SUPERVISOR ,2026-02-03,80,0 days 00:00:03
CONFERENTE / SUPERVISOR ,2026-02-03,191,0 days 00:00:04
CONFERENTE / SUPERVISOR ,2026-02-03,88,0 days 00:00:04
CLAUDENIR RODRIGUES MARTINS,2026-02-03,126,0 days 00:00:04
CLAUDENIR RODRIGUES MARTINS,2026-02-03,180,0 days 00:00:04
CLAUDENIR RODRIGUES MARTINS,2026-02-03,88,0 days 00:00:04
CLAUDENIR RODRIGUES MARTINS,2026-02-03,24,0 days 00:00:07
CLAUDENIR RODRIGUES MARTINS,2026-02-03,24,0 days 00:00:04
CLAUDENIR RODRIGUES MARTINS,2026-02-03,65,0 days 00:00:04
CLAUDENIR RODRIGUES MARTINS,2026-02-03,100,0 days 00:00:03
CLAUDENIR RODRIGUES MARTINS,2026-02-03,4,0 days 00:00:16
CONFERENTE / SUPERVISOR ,2026-02-03,180,0 days 00:00:05
CONFERENTE / SUPERVISOR ,2026-02-03,183,0 days 00:00:43
CONFERENTE / SUPERVISOR ,2026-02-03,81,0 days 00:00:04
CONFERENTE / SUPERVISOR ,2026-02-03,30,0 days 00:00:06
CONFERENTE / SUPERVISOR ,2026-02-03,45,0 days 00:00:05
CONFERENTE / SUPERVISOR ,2026-02-03,85,0 days 00:00:04
CONFERENTE / SUPERVISOR ,2026-02-03,99,0 days 00:00:05
CONFERENTE / SUPERVISOR ,2026-02-03,100,0 days 00:00:04
CONFERENTE / SUPERVISOR ,2026-02-03,143,0 days 00:00:03
CONFERENTE / SUPERVISOR ,2026-08-17,103,0 days 00:04:06
CONFERENTE / SUPERVISOR ,2026-08-17,175,0 days 00:04:22
CONFERENTE / SUPERVISOR ,2026-08-17,130,0 days 00:01:02
CONFERENTE / SUPERVISOR ,2026-08-17,43,0 days 00:01:12
CONFERENTE / SUPERVISOR ,2026-08-17,75,0 days 00:02:06
CONFERENTE / SUPERVISOR ,2026-08-17,45,0 days 00:01:59
CONFERENTE / SUPERVISOR ,2026-08-17,85,0 days 00:00:20
CONFERENTE / SUPERVISOR ,2026-08-17,63,0 days 00:01:25
CONFERENTE / SUPERVISOR ,2026-08-17,100,0 days 00:00:04
CONFERENTE / SUPERVISOR ,2026-08-17,100,0 days 00:00:05
CONFERENTE / SUPERVISOR ,2026-08-17,1,0 days 00:00:28
CONFERENTE / SUPERVISOR ,2026-08-17,50,0 days 00:01:46
CONFERENTE / SUPERVISOR ,2026-08-17,100,0 days 00:01:31
CONFERENTE / SUPERVISOR ,2026-08-17,46,0 days 00:00:09
CONFERENTE / SUPERVISOR ,2026-08-17,150,0 days 00:00:58
CONFERENTE / SUPERVISOR ,2026-08-17,252,0 days 00:00:06
CONFERENTE / SUPERVISOR ,2026-08-17,49,0 days 00:01:14
CONFERENTE / SUPERVISOR ,2026-08-17,5,0 days 00:00:31
CONFERENTE / SUPERVISOR ,2026-08-17,31,0 days 00:01:08
CONFERENTE / SUPERVISOR ,2026-08-17,93,0 days 00:00:41
CONFERENTE / SUPERVISOR ,2026-08-17,96,0 days 00:03:00
CONFERENTE / SUPERVISOR ,2026-08-17,15,0 days 00:00:14
CONFERENTE / SUPERVISOR ,2026-08-17,40,0 days 00:00:03
CONFERENTE / SUPERVISOR ,2026-08-17,8,0 days 00:00:04
CONFERENTE / SUPERVISOR ,2026-08-17,123,0 days 00:00:03
CONFERENTE / SUPERVISOR ,2026-08-17,263,0 days 00:00:03
CONFERENTE / SUPERVISOR ,2026-08-17,100,0 days 00:00:30
CONFERENTE / SUPERVISOR ,2026-08-17,59,0 days 00:00:03
CONFERENTE / SUPERVISOR ,2026-08-17,100,0 days 00:00:04
CONFERENTE / SUPERVISOR ,2026-08-17,142,0 days 00:00:04
CONFERENTE / SUPERVISOR ,2026-08-17,111,0 days 00:00:04
CONFERENTE / SUPERVISOR ,2026-08-17,55,0 days 00:01:42
CONFERENTE / SUPERVISOR ,2026-08-17,112,0 days 00:00:03
CONFERENTE / SUPERVISOR ,2026-08-17,194,0 days 00:00:06
CONFERENTE / SUPERVISOR ,2026-08-17,57,0 days 00:00:05
CONFERENTE / SUPERVISOR ,2026-08-17,100,0 days 00:00:05
CONFERENTE / SUPERVISOR ,2026-08-17,180,0 days 00:00:04
CONFERENTE / SUPERVISOR ,2026-08-17,1,0 days 00:00:03
CONFERENTE / SUPERVISOR ,2026-08-17,55,0 days 00:00:15
CONFERENTE / SUPERVISOR ,2026-08-17,82,0 days 00:00:17
CONFERENTE / SUPERVISOR ,2026-08-17,22,0 days 00:00:03
CONFERENTE / SUPERVISOR ,2026-08-17,45,0 days 00:00:05
CONFERENTE / SUPERVISOR ,2026-08-17,100,0 days 00:00:04
CONFERENTE / SUPERVISOR ,2026-08-17,180,0 days 00:00:07
CONFERENTE / SUPERVISOR ,2026-08-17,7,0 days 00:00:58
CONFERENTE / SUPERVISOR ,2026-08-17,198,0 days 00:00:42
CONFERENTE / SUPERVISOR ,2026-08-17,45,0 days 00:01:53
CONFERENTE / SUPERVISOR ,2026-08-17,180,0 days 00:00:04
CONFERENTE / SUPERVISOR ,2026-08-17,59,0 days 00:00:40
CONFERENTE / SUPERVISOR ,2026-08-17,77,0 days 00:02:45
CONFERENTE / SUPERVISOR ,2026-08-17,65,0 days 00:01:26
CONFERENTE / SUPERVISOR ,2026-08-17,186,0 days 00:00:34
CONFERENTE / SUPERVISOR ,2026-08-17,92,0 days 00:01:16
CONFERENTE / SUPERVISOR ,2026-08-17,62,0 days 00:02:15
CONFERENTE / SUPERVISOR ,2026-08-17,147,0 days 00:03:24
CONFERENTE / SUPERVISOR ,2026-08-17,70,0 days 00:02:25
CONFERENTE / SUPERVISOR ,2026-08-17,70,0 days 00:00:05
CONFERENTE / SUPERVISOR ,2026-08-17,140,0 days 00:00:07
CONFERENTE / SUPERVISOR ,2026-08-17,75,0 days 00:00:05
CONFERENTE / SUPERVISOR ,2026-08-17,1,0 days 00:00:04
CONFERENTE / SUPERVISOR ,2026-08-17,40,0 days 00:00:09
CONFERENTE / SUPERVISOR ,2026-08-17,174,0 days 00:00:04
CONFERENTE / SUPERVISOR ,2026-08-17,1,0 days 00:00:03
CONFERENTE / SUPERVISOR ,2026-08-17,198,0 days 00:00:10
CONFERENTE / SUPERVISOR ,2026-08-17,58,0 days 00:03:46
CONFERENTE / SUPERVISOR ,2026-08-17,63,0 days 00:00:05
CONFERENTE / SUPERVISOR ,2026-08-17,39,0 days 00:03:09
CONFERENTE / SUPERVISOR ,2026-08-17,180,0 days 00:00:04
CONFERENTE / SUPERVISOR ,2026-08-17,116,0 days 00:00:19
CONFERENTE / SUPERVISOR ,2026-08-17,215,0 days 00:01:35
CONFERENTE / SUPERVISOR ,2026-08-17,81,0 days 00:00:06
CONFERENTE / SUPERVISOR ,2026-08-17,53,0 days 00:00:20
CONFERENTE / SUPERVISOR ,2026-08-17,100,0 days 00:03:13
CONFERENTE / SUPERVISOR ,2026-08-17,163,0 days 00:00:03
CONFERENTE / SUPERVISOR ,2026-08-17,100,0 days 00:00:04
CONFERENTE / SUPERVISOR ,2026-08-17,261,0 days 00:00:03
CONFERENTE / SUPERVISOR ,2026-08-17,100,0 days 00:00:03
CONFERENTE / SUPERVISOR ,2026-08-17,194,0 days 00:00:03
CONFERENTE / SUPERVISOR ,2026-08-17,75,0 days 00:00:04
CONFERENTE / SUPERVISOR ,2026-08-17,54,0 days 00:00:03
CONFERENTE / SUPERVISOR ,2026-08-17,4,0 days 00:00:38
CONFERENTE / SUPERVISOR ,2026-08-17,35,0 days 00:00:05
CONFERENTE / SUPERVISOR ,2026-08-17,29,0 days 00:00:04
CONFERENTE / SUPERVISOR ,2026-08-17,10,0 days 00:00:04
CONFERENTE / SUPERVISOR ,2026-02-04,66,0 days 00:00:04
CONFERENTE / SUPERVISOR ,2026-02-04,56,0 days 00:00:04
CONFERENTE / SUPERVISOR ,2026-02-04,96,0 days 00:00:06
CONFERENTE / SUPERVISOR ,2026-02-04,59,0 days 00:00:04
CONFERENTE / SUPERVISOR ,2026-02-04,180,0 days 00:00:18
CONFERENTE / SUPERVISOR ,2026-02-04,56,0 days 00:00:04
CONFERENTE / SUPERVISOR ,2026-02-04,129,0 days 00:00:03
CONFERENTE / SUPERVISOR ,2026-02-04,99,0 days 00:00:03
CONFERENTE / SUPERVISOR ,2026-02-04,218,0 days 00:00:25
CONFERENTE / SUPERVISOR ,2026-02-04,47,0 days 00:00:06
CONFERENTE / SUPERVISOR ,2026-02-04,28,0 days 00:00:04
CONFERENTE / SUPERVISOR ,2026-02-04,52,0 days 00:00:04
CONFERENTE / SUPERVISOR ,2026-02-04,79,0 days 00:00:11
CONFERENTE / SUPERVISOR ,2026-02-04,81,0 days 00:00:05
CONFERENTE / SUPERVISOR ,2026-02-04,47,0 days 00:00:18
CONFERENTE / SUPERVISOR ,2026-02-04,57,0 days 00:00:05
CONFERENTE / SUPERVISOR ,2026-02-04,191,0 days 00:00:11
CONFERENTE / SUPERVISOR ,2026-02-04,75,0 days 00:00:08
CONFERENTE / SUPERVISOR ,2026-02-04,23,0 days 00:00:06
CONFERENTE / SUPERVISOR ,2026-02-04,198,0 days 00:00:04
CONFERENTE / SUPERVISOR ,2026-02-04,198,0 days 00:00:24
CONFERENTE / SUPERVISOR ,2026-02-04,154,0 days 00:00:09
CONFERENTE / SUPERVISOR ,2026-02-04,4,0 days 00:00:05
CONFERENTE / SUPERVISOR ,2026-02-04,13,0 days 00:00:09
CONFERENTE / SUPERVISOR ,2026-02-04,100,0 days 00:00:04
CONFERENTE / SUPERVISOR ,2026-02-04,44,0 days 00:00:04
CONFERENTE / SUPERVISOR ,2026-02-04,2,0 days 00:00:04
CONFERENTE / SUPERVISOR ,2026-02-04,117,0 days 00:00:04
CONFERENTE / SUPERVISOR ,2026-02-04,99,0 days 00:00:03
CONFERENTE / SUPERVISOR ,2026-02-04,124,0 days 00:00:05
CONFERENTE / SUPERVISOR ,2026-02-04,66,0 days 00:00:04
CONFERENTE / SUPERVISOR ,2026-02-04,194,0 days 00:00:04
CONFERENTE / SUPERVISOR ,2026-02-04,73,0 days 00:00:14
CONFERENTE / SUPERVISOR ,2026-02-04,47,0 days 00:00:04
CONFERENTE / SUPERVISOR ,2026-02-04,100,0 days 00:00:06
CONFERENTE / SUPERVISOR ,2026-02-04,102,0 days 00:00:04
CONFERENTE / SUPERVISOR ,2026-02-04,70,0 days 00:00:03
CONFERENTE / SUPERVISOR ,2026-02-04,98,0 days 00:00:04
CONFERENTE / SUPERVISOR ,2026-02-04,75,0 days 00:00:04
CONFERENTE / SUPERVISOR ,2026-02-04,161,0 days 00:00:03
CONFERENTE / SUPERVISOR ,2026-02-04,99,0 days 00:00:04
CONFERENTE / SUPERVISOR ,2026-02-04,38,0 days 00:00:07
CONFERENTE / SUPERVISOR ,2026-02-04,143,0 days 00:00:03
CONFERENTE / SUPERVISOR ,2026-02-04,52,0 days 00:00:06
CONFERENTE / SUPERVISOR ,2026-02-04,54,0 days 00:00:06
CONFERENTE / SUPERVISOR ,2026-02-04,73,0 days 00:00:06
CONFERENTE / SUPERVISOR ,2026-02-04,102,0 days 00:00:10
CONFERENTE / SUPERVISOR ,2026-02-04,90,0 days 00:00:13
CONFERENTE / SUPERVISOR ,2026-02-04,99,0 days 00:00:04
CONFERENTE / SUPERVISOR ,2026-02-04,45,0 days 00:00:04
CONFERENTE / SUPERVISOR ,2026-02-04,27,0 days 00:00:08
CONFERENTE / SUPERVISOR ,2026-02-04,51,0 days 00:00:05
CONFERENTE / SUPERVISOR ,2026-02-04,65,0 days 00:00:04
CONFERENTE / SUPERVISOR ,2026-02-04,129,0 days 00:00:06
CONFERENTE / SUPERVISOR ,2026-02-04,66,0 days 00:00:04
CONFERENTE / SUPERVISOR ,2026-02-04,50,0 days 00:00:04
CONFERENTE / SUPERVISOR ,2026-02-04,99,0 days 00:00:04
CONFERENTE / SUPERVISOR ,2026-02-04,100,0 days 00:00:33
CONFERENTE / SUPERVISOR ,2026-01-09,28,0 days 00:00:11
CONFERENTE / SUPERVISOR ,2026-01-09,42,0 days 00:00:05
CONFERENTE / SUPERVISOR ,2026-01-09,28,0 days 00:00:03
CONFERENTE / SUPERVISOR ,2026-01-09,7,0 days 00:00:06
CONFERENTE / SUPERVISOR ,2026-01-09,7,0 days 00:00:18
CONFERENTE / SUPERVISOR ,2026-01-13,131,0 days 00:02:33
CONFERENTE / SUPERVISOR ,2026-01-13,1,0 days 00:00:06
CONFERENTE / SUPERVISOR ,2026-01-13,23,0 days 00:00:51
CONFERENTE / SUPERVISOR ,2026-01-13,23,0 days 00:00:46
CONFERENTE / SUPERVISOR ,2026-01-13,128,0 days 00:00:46
CONFERENTE / SUPERVISOR ,2026-02-05,88,0 days 00:02:48
CONFERENTE / SUPERVISOR ,2026-02-05,74,0 days 00:02:58
CONFERENTE / SUPERVISOR ,2026-02-05,230,0 days 00:03:03
CONFERENTE / SUPERVISOR ,2026-02-05,73,0 days 00:00:31
CONFERENTE / SUPERVISOR ,2026-02-05,99,0 days 00:00:10
CONFERENTE / SUPERVISOR ,2026-02-05,62,0 days 00:01:21
CONFERENTE / SUPERVISOR ,2026-02-05,23,0 days 00:00:09
CONFERENTE / SUPERVISOR ,2026-02-05,150,0 days 00:00:30
CONFERENTE / SUPERVISOR ,2026-02-05,110,0 days 00:00:35
CONFERENTE / SUPERVISOR ,2026-02-05,70,0 days 00:00:51
CONFERENTE / SUPERVISOR ,2026-02-05,100,0 days 00:01:14
CONFERENTE / SUPERVISOR ,2026-02-05,150,0 days 00:00:43
CONFERENTE / SUPERVISOR ,2026-02-05,130,0 days 00:03:50
CONFERENTE / SUPERVISOR ,2026-02-05,62,0 days 00:00:04
CONFERENTE / SUPERVISOR ,2026-02-05,167,0 days 00:01:49
CONFERENTE / SUPERVISOR ,2026-02-05,28,0 days 00:00:06
CONFERENTE / SUPERVISOR ,2026-02-05,100,0 days 00:00:16
CONFERENTE / SUPERVISOR ,2026-02-05,80,0 days 00:00:04
CONFERENTE / SUPERVISOR ,2026-02-05,20,0 days 00:00:05
CONFERENTE / SUPERVISOR ,2026-02-05,37,0 days 00:00:04
CONFERENTE / SUPERVISOR ,2026-02-05,72,0 days 00:00:05
CONFERENTE / SUPERVISOR ,2026-02-05,180,0 days 00:00:06
CONFERENTE / SUPERVISOR ,2026-02-05,100,0 days 00:00:11
CONFERENTE / SUPERVISOR ,2026-02-05,172,0 days 00:00:03
CONFERENTE / SUPERVISOR ,2026-02-05,180,0 days 00:00:05
CONFERENTE / SUPERVISOR ,2026-02-05,75,0 days 00:00:04
CONFERENTE / SUPERVISOR ,2026-02-05,96,0 days 00:00:04
CONFERENTE / SUPERVISOR ,2026-02-05,34,0 days 00:00:03
CONFERENTE / SUPERVISOR ,2026-02-05,74,0 days 00:00:06
CONFERENTE / SUPERVISOR ,2026-02-05,42,0 days 00:00:04
CONFERENTE / SUPERVISOR ,2026-02-05,64,0 days 00:00:04
CONFERENTE / SUPERVISOR ,2026-02-05,57,0 days 00:00:04
CONFERENTE / SUPERVISOR ,2026-02-05,71,0 days 00:00:06
CONFERENTE / SUPERVISOR ,2026-02-05,188,0 days 00:02:02
CONFERENTE / SUPERVISOR ,2026-02-05,83,0 days 00:00:03
CONFERENTE / SUPERVISOR ,2026-02-05,102,0 days 00:00:04
CONFERENTE / SUPERVISOR ,2026-02-05,42,0 days 00:00:04
CONFERENTE / SUPERVISOR ,2026-02-05,1,0 days 00:00:05
CONFERENTE / SUPERVISOR ,2026-02-05,18,0 days 00:00:08
CONFERENTE / SUPERVISOR ,2026-02-05,73,0 days 00:00:04
CONFERENTE / SUPERVISOR ,2026-02-05,100,0 days 00:00:05
CONFERENTE / SUPERVISOR ,2026-02-05,81,0 days 00:00:07
CONFERENTE / SUPERVISOR ,2026-02-05,50,0 days 00:00:04
CONFERENTE / SUPERVISOR ,2026-02-05,47,0 days 00:00:04
CONFERENTE / SUPERVISOR ,2026-02-05,24,0 days 00:00:04
CONFERENTE / SUPERVISOR ,2026-02-05,92,0 days 00:00:55
CONFERENTE / SUPERVISOR ,2026-02-05,114,0 days 00:00:05
CONFERENTE / SUPERVISOR ,2026-02-05,42,0 days 00:00:04
CONFERENTE / SUPERVISOR ,2026-02-05,35,0 days 00:00:04
CONFERENTE / SUPERVISOR ,2026-02-05,52,0 days 00:00:04
CONFERENTE / SUPERVISOR ,2026-02-05,59,0 days 00:00:04
CONFERENTE / SUPERVISOR ,2026-02-05,39,0 days 00:00:04
CONFERENTE / SUPERVISOR ,2026-02-05,72,0 days 00:00:05
CONFERENTE / SUPERVISOR ,2026-02-05,100,0 days 00:00:04
CONFERENTE / SUPERVISOR ,2026-02-05,41,0 days 00:00:04
CONFERENTE / SUPERVISOR ,2026-02-05,94,0 days 00:00:03
CONFERENTE / SUPERVISOR ,2026-02-05,28,0 days 00:00:04
CONFERENTE / SUPERVISOR ,2026-02-05,1,0 days 00:00:05
CONFERENTE / SUPERVISOR ,2026-02-05,263,0 days 00:00:06
CONFERENTE / SUPERVISOR ,2026-02-05,29,0 days 00:01:12
CONFERENTE / SUPERVISOR ,2026-02-05,25,0 days 00:01:29
CONFERENTE / SUPERVISOR ,2026-02-05,3,0 days 00:00:28
CONFERENTE / SUPERVISOR ,2026-02-05,24,0 days 00:00:12
CONFERENTE / SUPERVISOR ,2026-02-05,15,0 days 00:00:14
CONFERENTE / SUPERVISOR ,2026-02-05,100,0 days 00:02:48
CONFERENTE / SUPERVISOR ,2026-02-05,240,0 days 00:03:10
CONFERENTE / SUPERVISOR ,2026-02-05,50,0 days 00:01:43
CONFERENTE / SUPERVISOR ,2026-02-05,64,0 days 00:01:20
CONFERENTE / SUPERVISOR ,2026-02-05,23,0 days 00:00:31
CONFERENTE / SUPERVISOR ,2026-02-05,193,0 days 00:00:54
CONFERENTE / SUPERVISOR ,2026-02-05,47,0 days 00:00:54
CONFERENTE / SUPERVISOR ,2026-02-05,145,0 days 00:00:09
CONFERENTE / SUPERVISOR ,2026-02-05,198,0 days 00:00:03
CONFERENTE / SUPERVISOR ,2026-02-05,35,0 days 00:00:07
CONFERENTE / SUPERVISOR ,2026-02-05,30,0 days 00:00:05
CONFERENTE / SUPERVISOR ,2026-02-05,64,0 days 00:00:06
CONFERENTE / SUPERVISOR ,2026-02-05,90,0 days 00:01:42
CONFERENTE / SUPERVISOR ,2026-02-05,69,0 days 00:00:16
CONFERENTE / SUPERVISOR ,2026-02-05,51,0 days 00:00:04
CONFERENTE / SUPERVISOR ,2026-01-21,132,0 days 00:00:04
CONFERENTE / SUPERVISOR ,2026-01-21,160,0 days 00:00:03
CONFERENTE / SUPERVISOR ,2026-01-21,67,0 days 00:00:03
CONFERENTE / SUPERVISOR ,2026-01-21,100,0 days 00:00:03
CONFERENTE / SUPERVISOR ,2026-01-21,74,0 days 00:00:04
CONFERENTE / SUPERVISOR ,2026-01-21,41,0 days 00:00:03
CONFERENTE / SUPERVISOR ,2026-01-21,49,0 days 00:00:03
CONFERENTE / SUPERVISOR ,2026-01-21,44,0 days 00:00:04
CONFERENTE / SUPERVISOR ,2026-01-21,81,0 days 00:00:07
CONFERENTE / SUPERVISOR ,2026-01-21,100,0 days 00:00:04
CONFERENTE / SUPERVISOR ,2026-01-21,180,0 days 00:00:05
CONFERENTE / SUPERVISOR ,2026-01-21,130,0 days 00:00:04
CONFERENTE / SUPERVISOR ,2026-01-21,104,0 days 00:00:03
CONFERENTE / SUPERVISOR ,2026-01-21,56,0 days 00:00:03
CONFERENTE / SUPERVISOR ,2026-01-21,80,0 days 00:00:12
CONFERENTE / SUPERVISOR ,2026-01-21,48,0 days 00:00:04
CONFERENTE / SUPERVISOR ,2026-01-21,81,0 days 00:00:04
CONFERENTE / SUPERVISOR ,2026-01-21,180,0 days 00:00:03
CONFERENTE / SUPERVISOR ,2026-01-21,210,0 days 00:00:24
CONFERENTE / SUPERVISOR ,2026-01-21,52,0 days 00:00:04
CONFERENTE / SUPERVISOR ,2026-01-21,124,0 days 00:00:04
CONFERENTE / SUPERVISOR ,2026-01-21,100,0 days 00:00:04
CONFERENTE / SUPERVISOR ,2026-01-21,70,0 days 00:00:04
CONFERENTE / SUPERVISOR ,2026-01-21,5,0 days 00:00:03
CONFERENTE / SUPERVISOR ,2026-02-06,87,0 days 00:00:03
CONFERENTE / SUPERVISOR ,2026-02-06,70,0 days 00:00:04
CONFERENTE / SUPERVISOR ,2026-02-06,100,0 days 00:00:04
CONFERENTE / SUPERVISOR ,2026-02-06,100,0 days 00:00:03
CONFERENTE / SUPERVISOR ,2026-02-06,100,0 days 00:00:06
CONFERENTE / SUPERVISOR ,2026-02-06,15,0 days 00:00:03
CONFERENTE / SUPERVISOR ,2026-02-06,37,0 days 00:00:04
CONFERENTE / SUPERVISOR ,2026-02-06,46,0 days 00:00:04
CONFERENTE / SUPERVISOR ,2026-02-06,165,0 days 00:01:28
CONFERENTE / SUPERVISOR ,2026-02-06,108,0 days 00:02:17
CONFERENTE / SUPERVISOR ,2026-02-06,32,0 days 00:00:15
CONFERENTE / SUPERVISOR ,2026-02-06,32,0 days 00:00:24
CONFERENTE / SUPERVISOR ,2026-02-06,64,0 days 00:00:49
CONFERENTE / SUPERVISOR ,2026-02-06,181,0 days 00:02:53
CONFERENTE / SUPERVISOR ,2026-02-06,87,0 days 00:00:20
CONFERENTE / SUPERVISOR ,2026-02-06,52,0 days 00:00:08
CONFERENTE / SUPERVISOR ,2026-02-06,61,0 days 00:02:05
CONFERENTE / SUPERVISOR ,2026-02-06,30,0 days 00:01:14
CONFERENTE / SUPERVISOR ,2026-02-06,48,0 days 00:00:37
CONFERENTE / SUPERVISOR ,2026-02-06,68,0 days 00:00:04
CONFERENTE / SUPERVISOR ,2026-02-06,63,0 days 00:00:04
CONFERENTE / SUPERVISOR ,2026-02-06,36,0 days 00:00:04
CONFERENTE / SUPERVISOR ,2026-02-06,20,0 days 00:00:03
CONFERENTE / SUPERVISOR ,2026-02-06,64,0 days 00:00:03
CONFERENTE / SUPERVISOR ,2026-02-06,64,0 days 00:00:13
CONFERENTE / SUPERVISOR ,2026-02-06,87,0 days 00:00:05
CONFERENTE / SUPERVISOR ,2026-02-06,100,0 days 00:00:04
CONFERENTE / SUPERVISOR ,2026-02-06,211,0 days 00:01:30
CONFERENTE / SUPERVISOR ,2026-02-06,118,0 days 00:00:15
CONFERENTE / SUPERVISOR ,2026-02-06,38,0 days 00:00:03
CONFERENTE / SUPERVISOR ,2026-02-06,180,0 days 00:01:15
CONFERENTE / SUPERVISOR ,2026-02-06,80,0 days 00:00:05
CONFERENTE / SUPERVISOR ,2026-02-06,75,0 days 00:04:10
CONFERENTE / SUPERVISOR ,2026-02-06,95,0 days 00:03:02
CONFERENTE / SUPERVISOR ,2026-02-06,45,0 days 00:00:06
CONFERENTE / SUPERVISOR ,2026-02-06,45,0 days 00:00:07
CONFERENTE / SUPERVISOR ,2026-01-22,146,0 days 00:00:06
CONFERENTE / SUPERVISOR ,2026-01-22,113,0 days 00:00:03
CONFERENTE / SUPERVISOR ,2026-01-22,100,0 days 00:00:04
CONFERENTE / SUPERVISOR ,2026-01-22,100,0 days 00:00:06
CONFERENTE / SUPERVISOR ,2026-01-22,73,0 days 00:00:04
CONFERENTE / SUPERVISOR ,2026-01-22,59,0 days 00:00:06
CONFERENTE / SUPERVISOR ,2026-01-22,169,0 days 00:00:04
CONFERENTE / SUPERVISOR ,2026-01-22,157,0 days 00:00:04
CONFERENTE / SUPERVISOR ,2026-01-22,102,0 days 00:00:03
CONFERENTE / SUPERVISOR ,2026-01-22,70,0 days 00:00:03
CONFERENTE / SUPERVISOR ,2026-01-22,146,0 days 00:00:03
CONFERENTE / SUPERVISOR ,2026-01-22,100,0 days 00:00:04
CONFERENTE / SUPERVISOR ,2026-01-22,158,0 days 00:00:03
CONFERENTE / SUPERVISOR ,2026-01-22,258,0 days 00:00:05
CONFERENTE / SUPERVISOR ,2026-01-22,123,0 days 00:00:03
CONFERENTE / SUPERVISOR ,2026-01-22,100,0 days 00:00:03
CONFERENTE / SUPERVISOR ,2026-01-22,61,0 days 00:00:04
CONFERENTE / SUPERVISOR ,2026-01-22,60,0 days 00:00:05
CONFERENTE / SUPERVISOR ,2026-01-22,33,0 days 00:00:06
CONFERENTE / SUPERVISOR ,2026-01-22,14,0 days 00:00:04
CONFERENTE / SUPERVISOR ,2026-01-22,27,0 days 00:00:03
CONFERENTE / SUPERVISOR ,2026-01-22,77,0 days 00:00:04
CONFERENTE / SUPERVISOR ,2026-01-22,193,0 days 00:00:03
CONFERENTE / SUPERVISOR ,2026-01-22,23,0 days 00:00:06
CONFERENTE / SUPERVISOR ,2026-01-22,180,0 days 00:00:04
CONFERENTE / SUPERVISOR ,2026-01-22,100,0 days 00:00:05
CONFERENTE / SUPERVISOR ,2026-01-22,91,0 days 00:00:04
CONFERENTE / SUPERVISOR ,2026-01-22,71,0 days 00:00:04
CONFERENTE / SUPERVISOR ,2026-01-22,64,0 days 00:01:13
CONFERENTE / SUPERVISOR ,2026-01-22,180,0 days 00:00:05
CONFERENTE / SUPERVISOR ,2026-01-22,158,0 days 00:01:18
CONFERENTE / SUPERVISOR ,2026-01-22,24,0 days 00:00:14
CONFERENTE / SUPERVISOR ,2026-01-22,69,0 days 00:01:50
CONFERENTE / SUPERVISOR ,2026-01-22,43,0 days 00:01:29
CONFERENTE / SUPERVISOR ,2026-01-22,113,0 days 00:02:22
CONFERENTE / SUPERVISOR ,2026-01-22,167,0 days 00:00:05
CONFERENTE / SUPERVISOR ,2026-01-22,159,0 days 00:00:05
CONFERENTE / SUPERVISOR ,2026-01-22,102,0 days 00:00:05
CONFERENTE / SUPERVISOR ,2026-01-22,100,0 days 00:00:04
CONFERENTE / SUPERVISOR ,2026-01-22,98,0 days 00:00:04
CONFERENTE / SUPERVISOR ,2026-01-22,81,0 days 00:00:03
CONFERENTE / SUPERVISOR ,2026-01-22,85,0 days 00:00:03
CONFERENTE / SUPERVISOR ,2026-01-22,171,0 days 00:00:05
CONFERENTE / SUPERVISOR ,2026-01-22,19,0 days 00:00:09
CONFERENTE / SUPERVISOR ,2026-01-22,52,0 days 00:02:32
CONFERENTE / SUPERVISOR ,2026-01-22,106,0 days 00:00:57
CONFERENTE / SUPERVISOR ,2026-01-22,196,0 days 00:00:04
CONFERENTE / SUPERVISOR ,2026-01-22,35,0 days 00:01:51
CONFERENTE / SUPERVISOR ,2026-01-22,138,0 days 00:01:13
CONFERENTE / SUPERVISOR ,2026-01-22,13,0 days 00:00:15
CONFERENTE / SUPERVISOR ,2026-01-22,117,0 days 00:00:06
CONFERENTE / SUPERVISOR ,2026-01-22,37,0 days 00:00:03
CONFERENTE / SUPERVISOR ,2026-01-22,32,0 days 00:00:04
CONFERENTE / SUPERVISOR ,2026-01-22,100,0 days 00:00:04
CONFERENTE / SUPERVISOR ,2026-01-22,81,0 days 00:00:03
CONFERENTE / SUPERVISOR ,2026-01-22,193,0 days 00:00:03
CONFERENTE / SUPERVISOR ,2026-01-22,139,0 days 00:00:04
CONFERENTE / SUPERVISOR ,2026-01-22,44,0 days 00:00:04
CONFERENTE / SUPERVISOR ,2026-01-22,42,0 days 00:00:04
CONFERENTE / SUPERVISOR ,2026-01-22,37,0 days 00:00:03
CONFERENTE / SUPERVISOR ,2026-01-22,198,0 days 00:00:04
CONFERENTE / SUPERVISOR ,2026-01-22,92,0 days 00:00:03
CONFERENTE / SUPERVISOR ,2026-01-22,180,0 days 00:00:06
CONFERENTE / SUPERVISOR ,2026-01-22,95,0 days 00:00:03
CONFERENTE / SUPERVISOR ,2026-01-22,145,0 days 00:00:05
CONFERENTE / SUPERVISOR ,2026-01-22,23,0 days 00:00:04
CONFERENTE / SUPERVISOR ,2026-01-22,43,0 days 00:00:03
CONFERENTE / SUPERVISOR ,2026-01-22,74,0 days 00:00:04
CONFERENTE / SUPERVISOR ,2026-01-22,81,0 days 00:00:03
CONFERENTE / SUPERVISOR ,2026-01-22,198,0 days 00:00:04
CONFERENTE / SUPERVISOR ,2026-01-22,18,0 days 00:00:32
CONFERENTE / SUPERVISOR ,2026-01-22,21,0 days 00:00:43
CONFERENTE / SUPERVISOR ,2026-01-22,65,0 days 00:01:37
CONFERENTE / SUPERVISOR ,2026-01-22,47,0 days 00:02:17
CONFERENTE / SUPERVISOR ,2026-01-22,115,0 days 00:02:34
CONFERENTE / SUPERVISOR ,2026-01-22,144,0 days 00:01:33
CONFERENTE / SUPERVISOR ,2026-01-22,38,0 days 00:00:11
CONFERENTE / SUPERVISOR ,2026-01-22,49,0 days 00:01:07
CONFERENTE / SUPERVISOR ,2026-01-22,54,0 days 00:01:11
CONFERENTE / SUPERVISOR ,2026-01-22,59,0 days 00:01:30
CONFERENTE / SUPERVISOR ,2026-01-22,209,0 days 00:00:04
CONFERENTE / SUPERVISOR ,2026-01-22,180,0 days 00:00:04
CONFERENTE / SUPERVISOR ,2026-01-22,100,0 days 00:00:03
CONFERENTE / SUPERVISOR ,2026-01-22,100,0 days 00:00:03
CONFERENTE / SUPERVISOR ,2026-01-22,64,0 days 00:00:03
CONFERENTE / SUPERVISOR ,2026-08-18,121,0 days 00:00:04
CONFERENTE / SUPERVISOR ,2026-08-18,106,0 days 00:00:04
CONFERENTE / SUPERVISOR ,2026-08-18,85,0 days 00:00:03
CONFERENTE / SUPERVISOR ,2026-08-18,84,0 days 00:00:04
CONFERENTE / SUPERVISOR ,2026-08-18,81,0 days 00:00:05
CONFERENTE / SUPERVISOR ,2026-08-18,1,0 days 00:00:03
CONFERENTE / SUPERVISOR ,2026-08-18,21,0 days 00:00:04
CONFERENTE / SUPERVISOR ,2026-08-18,84,0 days 00:00:04
CONFERENTE / SUPERVISOR ,2026-08-18,71,0 days 00:00:03
CONFERENTE / SUPERVISOR ,2026-08-18,39,0 days 00:00:03
CONFERENTE / SUPERVISOR ,2026-08-18,40,0 days 00:00:03
CONFERENTE / SUPERVISOR ,2026-08-18,150,0 days 00:00:22
CONFERENTE / SUPERVISOR ,2026-08-18,248,0 days 00:00:04
CONFERENTE / SUPERVISOR ,2026-08-18,50,0 days 00:00:30
CONFERENTE / SUPERVISOR ,2026-08-18,123,0 days 00:03:11
CONFERENTE / SUPERVISOR ,2026-08-18,45,0 days 00:00:11
CONFERENTE / SUPERVISOR ,2026-08-18,50,0 days 00:00:46
CONFERENTE / SUPERVISOR ,2026-08-18,57,0 days 00:00:44
CONFERENTE / SUPERVISOR ,2026-08-18,83,0 days 00:00:43
CONFERENTE / SUPERVISOR ,2026-08-18,83,0 days 00:05:00
CONFERENTE / SUPERVISOR ,2026-08-18,107,0 days 00:00:38
CONFERENTE / SUPERVISOR ,2026-08-18,42,0 days 00:00:04
CONFERENTE / SUPERVISOR ,2026-08-18,41,0 days 00:00:04
CONFERENTE / SUPERVISOR ,2026-08-18,81,0 days 00:00:03
CONFERENTE / SUPERVISOR ,2026-08-18,100,0 days 00:00:04
CONFERENTE / SUPERVISOR ,2026-08-18,28,0 days 00:00:28
CONFERENTE / SUPERVISOR ,2026-08-18,13,0 days 00:00:32
CONFERENTE / SUPERVISOR ,2026-08-18,18,0 days 00:00:27
CONFERENTE / SUPERVISOR ,2026-08-18,19,0 days 00:01:16
CONFERENTE / SUPERVISOR ,2026-08-18,86,0 days 00:00:07
CONFERENTE / SUPERVISOR ,2026-08-18,69,0 days 00:00:04
CONFERENTE / SUPERVISOR ,2026-08-18,32,0 days 00:01:18
CONFERENTE / SUPERVISOR ,2026-08-18,67,0 days 00:00:12
CONFERENTE / SUPERVISOR ,2026-01-23,252,0 days 00:00:05
CONFERENTE / SUPERVISOR ,2026-01-23,94,0 days 00:00:57
CONFERENTE / SUPERVISOR ,2026-01-23,252,0 days 00:00:04
CONFERENTE / SUPERVISOR ,2026-01-23,100,0 days 00:00:04
CONFERENTE / SUPERVISOR ,2026-01-23,74,0 days 00:01:21
CONFERENTE / SUPERVISOR ,2026-01-23,111,0 days 00:00:52
CONFERENTE / SUPERVISOR ,2026-01-23,100,0 days 00:00:05
CONFERENTE / SUPERVISOR ,2026-01-23,98,0 days 00:01:36
CONFERENTE / SUPERVISOR ,2026-01-23,87,0 days 00:01:26
CONFERENTE / SUPERVISOR ,2026-01-23,48,0 days 00:00:03
CONFERENTE / SUPERVISOR ,2026-01-23,50,0 days 00:00:04
CONFERENTE / SUPERVISOR ,2026-01-23,181,0 days 00:00:04
CONFERENTE / SUPERVISOR ,2026-01-23,149,0 days 00:00:04
CONFERENTE / SUPERVISOR ,2026-01-23,78,0 days 00:00:10
CONFERENTE / SUPERVISOR ,2026-01-23,86,0 days 00:00:03
CONFERENTE / SUPERVISOR ,2026-01-23,77,0 days 00:00:04
CONFERENTE / SUPERVISOR ,2026-01-23,100,0 days 00:00:03
CONFERENTE / SUPERVISOR ,2026-01-23,81,0 days 00:00:04
CONFERENTE / SUPERVISOR ,2026-01-23,1,0 days 00:00:57
CONFERENTE / SUPERVISOR ,2026-02-12,180,0 days 00:00:04
CONFERENTE / SUPERVISOR ,2026-02-12,101,0 days 00:01:26
CONFERENTE / SUPERVISOR ,2026-02-12,198,0 days 00:01:01
CONFERENTE / SUPERVISOR ,2026-02-12,75,0 days 00:00:49
CONFERENTE / SUPERVISOR ,2026-02-12,70,0 days 00:00:32
CONFERENTE / SUPERVISOR ,2026-02-12,48,0 days 00:00:49
CONFERENTE / SUPERVISOR ,2026-02-12,17,0 days 00:00:26
CONFERENTE / SUPERVISOR ,2026-02-12,31,0 days 00:00:46
CONFERENTE / SUPERVISOR ,2026-02-12,122,0 days 00:01:41
CONFERENTE / SUPERVISOR ,2026-02-12,40,0 days 00:01:49
CONFERENTE / SUPERVISOR ,2026-02-12,36,0 days 00:01:42
CONFERENTE / SUPERVISOR ,2026-02-12,37,0 days 00:02:18
CONFERENTE / SUPERVISOR ,2026-02-12,73,0 days 00:01:14
CONFERENTE / SUPERVISOR ,2026-02-12,100,0 days 00:00:21
CONFERENTE / SUPERVISOR ,2026-02-12,54,0 days 00:01:18
CONFERENTE / SUPERVISOR ,2026-02-12,39,0 days 00:01:21
CONFERENTE / SUPERVISOR ,2026-02-12,137,0 days 00:01:01
CONFERENTE / SUPERVISOR ,2026-02-12,180,0 days 00:00:04
CONFERENTE / SUPERVISOR ,2026-02-12,100,0 days 00:00:07
CONFERENTE / SUPERVISOR ,2026-02-12,59,0 days 00:00:14
CONFERENTE / SUPERVISOR ,2026-02-12,21,0 days 00:00:32
CONFERENTE / SUPERVISOR ,2026-02-09,15,0 days 00:00:18
CONFERENTE / SUPERVISOR ,2026-02-09,100,0 days 00:00:33
CONFERENTE / SUPERVISOR ,2026-02-09,81,0 days 00:02:36
CONFERENTE / SUPERVISOR ,2026-02-09,65,0 days 00:01:20
CONFERENTE / SUPERVISOR ,2026-02-09,148,0 days 00:00:57
CONFERENTE / SUPERVISOR ,2026-02-09,37,0 days 00:00:06
CONFERENTE / SUPERVISOR ,2026-02-09,47,0 days 00:00:03
CONFERENTE / SUPERVISOR ,2026-02-09,34,0 days 00:00:04
CONFERENTE / SUPERVISOR ,2026-02-09,187,0 days 00:00:04
CONFERENTE / SUPERVISOR ,2026-02-09,88,0 days 00:00:04
CONFERENTE / SUPERVISOR ,2026-02-09,29,0 days 00:00:05
CONFERENTE / SUPERVISOR ,2026-02-09,173,0 days 00:00:15
CONFERENTE / SUPERVISOR ,2026-02-09,99,0 days 00:00:04
CONFERENTE / SUPERVISOR ,2026-02-09,180,0 days 00:00:07
CONFERENTE / SUPERVISOR ,2026-02-09,44,0 days 00:00:03
CONFERENTE / SUPERVISOR ,2026-02-09,52,0 days 00:00:04
CONFERENTE / SUPERVISOR ,2026-02-09,66,0 days 00:00:04
CONFERENTE / SUPERVISOR ,2026-02-09,52,0 days 00:00:04
CONFERENTE / SUPERVISOR ,2026-02-09,64,0 days 00:00:04
CONFERENTE / SUPERVISOR ,2026-02-09,180,0 days 00:00:04
CONFERENTE / SUPERVISOR ,2026-02-09,81,0 days 00:00:03
CONFERENTE / SUPERVISOR ,2026-02-09,82,0 days 00:00:03
CONFERENTE / SUPERVISOR ,2026-02-09,76,0 days 00:00:05
CONFERENTE / SUPERVISOR ,2026-02-09,81,0 days 00:00:03
CONFERENTE / SUPERVISOR ,2026-02-09,32,0 days 00:00:03
CONFERENTE / SUPERVISOR ,2026-02-09,180,0 days 00:00:05
CONFERENTE / SUPERVISOR ,2026-02-09,100,0 days 00:00:04
CONFERENTE / SUPERVISOR ,2026-02-09,40,0 days 00:00:04
CONFERENTE / SUPERVISOR ,2026-02-09,100,0 days 00:01:46
CONFERENTE / SUPERVISOR ,2026-02-09,71,0 days 00:00:04
CONFERENTE / SUPERVISOR ,2026-02-09,150,0 days 00:00:05
CONFERENTE / SUPERVISOR ,2026-02-09,33,0 days 00:00:05
CONFERENTE / SUPERVISOR ,2026-02-09,240,0 days 00:00:03
CONFERENTE / SUPERVISOR ,2026-02-09,75,0 days 00:00:04
CONFERENTE / SUPERVISOR ,2026-02-09,97,0 days 00:00:03
CONFERENTE / SUPERVISOR ,2026-02-09,32,0 days 00:00:10
CONFERENTE / SUPERVISOR ,2026-02-09,47,0 days 00:00:06
CONFERENTE / SUPERVISOR ,2026-02-09,264,0 days 00:00:06
CONFERENTE / SUPERVISOR ,2026-02-09,78,0 days 00:00:04
CONFERENTE / SUPERVISOR ,2026-02-09,89,0 days 00:00:03
CONFERENTE / SUPERVISOR ,2026-02-09,200,0 days 00:01:18
CONFERENTE / SUPERVISOR ,2026-02-09,85,0 days 00:00:03
CONFERENTE / SUPERVISOR ,2026-02-09,53,0 days 00:00:04
CONFERENTE / SUPERVISOR ,2026-02-09,57,0 days 00:00:03
CONFERENTE / SUPERVISOR ,2026-02-09,180,0 days 00:00:05
CONFERENTE / SUPERVISOR ,2026-02-09,28,0 days 00:00:05
CONFERENTE / SUPERVISOR ,2026-02-09,56,0 days 00:00:04
CONFERENTE / SUPERVISOR ,2026-02-09,2,0 days 00:00:03
CONFERENTE / SUPERVISOR ,2026-02-09,7,0 days 00:00:04
CONFERENTE / SUPERVISOR ,2026-02-09,20,0 days 00:00:04
CONFERENTE / SUPERVISOR ,2026-02-09,176,0 days 00:00:04
CONFERENTE / SUPERVISOR ,2026-02-09,60,0 days 00:00:03
CONFERENTE / SUPERVISOR ,2026-02-09,62,0 days 00:00:07
CONFERENTE / SUPERVISOR ,2026-02-09,80,0 days 00:00:03
CONFERENTE / SUPERVISOR ,2026-02-09,62,0 days 00:00:04
CONFERENTE / SUPERVISOR ,2026-02-09,77,0 days 00:00:03
CONFERENTE / SUPERVISOR ,2026-02-09,94,0 days 00:00:57
CONFERENTE / SUPERVISOR ,2026-02-09,100,0 days 00:00:03
CONFERENTE / SUPERVISOR ,2026-02-09,39,0 days 00:00:55
CONFERENTE / SUPERVISOR ,2026-02-09,82,0 days 00:01:10
CONFERENTE / SUPERVISOR ,2026-02-09,102,0 days 00:01:17
CONFERENTE / SUPERVISOR ,2026-02-09,86,0 days 00:01:24
CONFERENTE / SUPERVISOR ,2026-02-09,40,0 days 00:00:54
CONFERENTE / SUPERVISOR ,2026-02-09,82,0 days 00:00:03
CONFERENTE / SUPERVISOR ,2026-02-09,180,0 days 00:00:08
CONFERENTE / SUPERVISOR ,2026-02-09,106,0 days 00:00:04
CONFERENTE / SUPERVISOR ,2026-02-09,71,0 days 00:00:05
CONFERENTE / SUPERVISOR ,2026-02-09,86,0 days 00:00:04
CONFERENTE / SUPERVISOR ,2026-02-09,100,0 days 00:00:03
CONFERENTE / SUPERVISOR ,2026-02-09,16,0 days 00:00:03
CONFERENTE / SUPERVISOR ,2026-02-09,184,0 days 00:00:32
CONFERENTE / SUPERVISOR ,2026-02-09,56,0 days 00:00:04
CONFERENTE / SUPERVISOR ,2026-02-09,71,0 days 00:00:03
CONFERENTE / SUPERVISOR ,2026-02-09,252,0 days 00:00:03
CONFERENTE / SUPERVISOR ,2026-02-09,102,0 days 00:00:04
CONFERENTE / SUPERVISOR ,2026-02-09,231,0 days 00:00:04
CONFERENTE / SUPERVISOR ,2026-02-09,180,0 days 00:00:04
CONFERENTE / SUPERVISOR ,2026-02-09,100,0 days 00:00:04
CONFERENTE / SUPERVISOR ,2026-02-09,14,0 days 00:00:04
CONFERENTE / SUPERVISOR ,2026-02-09,6,0 days 00:00:03
CONFERENTE / SUPERVISOR ,2026-08-19,82,0 days 00:00:07
CONFERENTE / SUPERVISOR ,2026-08-19,57,0 days 00:00:07
CONFERENTE / SUPERVISOR ,2026-08-19,52,0 days 00:00:04
CONFERENTE / SUPERVISOR ,2026-08-19,78,0 days 00:00:04
CONFERENTE / SUPERVISOR ,2026-08-19,36,0 days 00:00:04
CONFERENTE / SUPERVISOR ,2026-08-19,184,0 days 00:00:04
CONFERENTE / SUPERVISOR ,2026-08-19,139,0 days 00:00:05
CONFERENTE / SUPERVISOR ,2026-08-19,82,0 days 00:00:14
CONFERENTE / SUPERVISOR ,2026-08-19,100,0 days 00:00:04
CONFERENTE / SUPERVISOR ,2026-08-19,73,0 days 00:00:08
CONFERENTE / SUPERVISOR ,2026-08-19,100,0 days 00:00:06
CONFERENTE / SUPERVISOR ,2026-08-19,104,0 days 00:00:03
CONFERENTE / SUPERVISOR ,2026-08-19,168,0 days 00:00:09
CONFERENTE / SUPERVISOR ,2026-08-19,100,0 days 00:00:04
CONFERENTE / SUPERVISOR ,2026-08-19,69,0 days 00:02:46
CONFERENTE / SUPERVISOR ,2026-08-19,180,0 days 00:00:03
CONFERENTE / SUPERVISOR ,2026-08-19,72,0 days 00:01:05
CONFERENTE / SUPERVISOR ,2026-08-19,52,0 days 00:00:36
CONFERENTE / SUPERVISOR ,2026-08-19,48,0 days 00:00:25
CONFERENTE / SUPERVISOR ,2026-08-19,87,0 days 00:02:27
CONFERENTE / SUPERVISOR ,2026-08-19,66,0 days 00:00:31
CONFERENTE / SUPERVISOR ,2026-08-19,95,0 days 00:02:16
CONFERENTE / SUPERVISOR ,2026-08-19,138,0 days 00:01:56
CONFERENTE / SUPERVISOR ,2026-08-19,65,0 days 00:00:52
CONFERENTE / SUPERVISOR ,2026-08-19,125,0 days 00:02:50
CONFERENTE / SUPERVISOR ,2026-08-19,22,0 days 00:00:53
CONFERENTE / SUPERVISOR ,2026-08-19,18,0 days 00:01:03
CONFERENTE / SUPERVISOR ,2026-08-19,1,0 days 00:00:06
CONFERENTE / SUPERVISOR ,2026-08-19,72,0 days 00:00:09
CONFERENTE / SUPERVISOR ,2026-08-19,17,0 days 00:00:19
CONFERENTE / SUPERVISOR ,2026-08-19,180,0 days 00:00:09
CONFERENTE / SUPERVISOR ,2026-08-19,148,0 days 00:00:04
CONFERENTE / SUPERVISOR ,2026-08-19,185,0 days 00:00:05
CONFERENTE / SUPERVISOR ,2026-08-19,71,0 days 00:00:04
CONFERENTE / SUPERVISOR ,2026-08-19,39,0 days 00:00:04
CONFERENTE / SUPERVISOR ,2026-08-19,56,0 days 00:00:04
CONFERENTE / SUPERVISOR ,2026-08-19,49,0 days 00:00:08
CONFERENTE / SUPERVISOR ,2026-08-19,24,0 days 00:02:10
CONFERENTE / SUPERVISOR ,2026-08-19,27,0 days 00:00:28
CONFERENTE / SUPERVISOR ,2026-01-28,206,0 days 00:01:09
CONFERENTE / SUPERVISOR ,2026-01-28,50,0 days 00:01:01
CONFERENTE / SUPERVISOR ,2026-01-28,61,0 days 00:00:25
CONFERENTE / SUPERVISOR ,2026-01-28,160,0 days 00:02:54
CONFERENTE / SUPERVISOR ,2026-01-28,74,0 days 00:00:07
CONFERENTE / SUPERVISOR ,2026-01-28,98,0 days 00:00:18
CONFERENTE / SUPERVISOR ,2026-01-28,33,0 days 00:00:39
CONFERENTE / SUPERVISOR ,2026-01-28,46,0 days 00:01:02
CONFERENTE / SUPERVISOR ,2026-01-28,64,0 days 00:00:27
CONFERENTE / SUPERVISOR ,2026-01-28,148,0 days 00:01:33
CONFERENTE / SUPERVISOR ,2026-01-28,79,0 days 00:00:17
CONFERENTE / SUPERVISOR ,2026-01-28,114,0 days 00:00:14
CONFERENTE / SUPERVISOR ,2026-01-28,36,0 days 00:00:20
CONFERENTE / SUPERVISOR ,2026-01-28,51,0 days 00:00:51
CONFERENTE / SUPERVISOR ,2026-01-28,88,0 days 00:00:56
CONFERENTE / SUPERVISOR ,2026-01-28,83,0 days 00:01:01
CONFERENTE / SUPERVISOR ,2026-01-28,45,0 days 00:02:14
CONFERENTE / SUPERVISOR ,2026-01-28,59,0 days 00:00:41
CONFERENTE / SUPERVISOR ,2026-01-28,37,0 days 00:00:39
CONFERENTE / SUPERVISOR ,2026-01-28,81,0 days 00:00:04
CONFERENTE / SUPERVISOR ,2026-01-28,81,0 days 00:00:03
CONFERENTE / SUPERVISOR ,2026-01-28,15,0 days 00:00:58
CONFERENTE / SUPERVISOR ,2026-01-28,53,0 days 00:01:43
CONFERENTE / SUPERVISOR ,2026-01-28,55,0 days 00:01:02
CONFERENTE / SUPERVISOR ,2026-01-28,72,0 days 00:00:06
CONFERENTE / SUPERVISOR ,2026-01-28,80,0 days 00:02:00
CONFERENTE / SUPERVISOR ,2026-01-28,105,0 days 00:01:36
CONFERENTE / SUPERVISOR ,2026-01-28,100,0 days 00:00:03
CONFERENTE / SUPERVISOR ,2026-01-28,43,0 days 00:01:40
CONFERENTE / SUPERVISOR ,2026-01-28,28,0 days 00:00:24
CONFERENTE / SUPERVISOR ,2026-01-28,44,0 days 00:00:28
CONFERENTE / SUPERVISOR ,2026-01-28,63,0 days 00:00:58
CONFERENTE / SUPERVISOR ,2026-01-28,68,0 days 00:01:11
CONFERENTE / SUPERVISOR ,2026-01-28,80,0 days 00:00:52
CONFERENTE / SUPERVISOR ,2026-01-28,189,0 days 00:00:40
CONFERENTE / SUPERVISOR ,2026-01-28,93,0 days 00:02:26
CONFERENTE / SUPERVISOR ,2026-01-28,209,0 days 00:01:42
CONFERENTE / SUPERVISOR ,2026-01-28,60,0 days 00:01:08
CONFERENTE / SUPERVISOR ,2026-01-28,78,0 days 00:03:13
CONFERENTE / SUPERVISOR ,2026-01-28,100,0 days 00:00:04
CONFERENTE / SUPERVISOR ,2026-01-28,19,0 days 00:00:54
CONFERENTE / SUPERVISOR ,2026-01-28,55,0 days 00:00:35
CONFERENTE / SUPERVISOR ,2026-01-28,21,0 days 00:00:16
CONFERENTE / SUPERVISOR ,2026-01-28,36,0 days 00:01:39
CONFERENTE / SUPERVISOR ,2026-01-28,59,0 days 00:00:16
CONFERENTE / SUPERVISOR ,2026-01-28,60,0 days 00:00:18
CONFERENTE / SUPERVISOR ,2026-01-28,75,0 days 00:01:16
CONFERENTE / SUPERVISOR ,2026-01-28,84,0 days 00:00:40
CONFERENTE / SUPERVISOR ,2026-01-28,95,0 days 00:02:11
CONFERENTE / SUPERVISOR ,2026-02-23,45,0 days 00:00:10
CONFERENTE / SUPERVISOR ,2026-02-23,43,0 days 00:02:00
CONFERENTE / SUPERVISOR ,2026-02-23,22,0 days 00:01:24
CONFERENTE / SUPERVISOR ,2026-02-23,76,0 days 00:01:21
CONFERENTE / SUPERVISOR ,2026-02-23,68,0 days 00:01:45
CONFERENTE / SUPERVISOR ,2026-02-23,50,0 days 00:03:32
CONFERENTE / SUPERVISOR ,2026-02-23,46,0 days 00:02:02
CONFERENTE / SUPERVISOR ,2026-02-23,35,0 days 00:03:19
CONFERENTE / SUPERVISOR ,2026-02-23,167,0 days 00:00:49
CONFERENTE / SUPERVISOR ,2026-02-23,84,0 days 00:02:16
CONFERENTE / SUPERVISOR ,2026-02-23,77,0 days 00:02:06
CONFERENTE / SUPERVISOR ,2026-02-23,76,0 days 00:00:19
CONFERENTE / SUPERVISOR ,2026-02-23,41,0 days 00:01:10
CONFERENTE / SUPERVISOR ,2026-02-23,70,0 days 00:03:58
CONFERENTE / SUPERVISOR ,2026-02-23,40,0 days 00:06:21
CONFERENTE / SUPERVISOR ,2026-02-23,100,0 days 00:00:32
CONFERENTE / SUPERVISOR ,2026-02-23,79,0 days 00:02:24
CONFERENTE / SUPERVISOR ,2026-02-23,59,0 days 00:01:48
CONFERENTE / SUPERVISOR ,2026-02-23,87,0 days 00:04:14
CONFERENTE / SUPERVISOR ,2026-02-23,20,0 days 00:01:55
CONFERENTE / SUPERVISOR ,2026-02-23,76,0 days 00:02:33
CONFERENTE / SUPERVISOR ,2026-02-23,41,0 days 00:01:05
CONFERENTE / SUPERVISOR ,2026-02-23,58,0 days 00:00:32
CONFERENTE / SUPERVISOR ,2026-02-23,131,0 days 00:01:09
CONFERENTE / SUPERVISOR ,2026-02-23,79,0 days 00:01:03
CONFERENTE / SUPERVISOR ,2026-02-23,85,0 days 00:01:46
CONFERENTE / SUPERVISOR ,2026-02-23,55,0 days 00:02:37
CONFERENTE / SUPERVISOR ,2026-02-23,52,0 days 00:02:30
CONFERENTE / SUPERVISOR ,2026-02-23,180,0 days 00:00:05
CONFERENTE / SUPERVISOR ,2026-02-23,40,0 days 00:00:16
CONFERENTE / SUPERVISOR ,2026-02-23,181,0 days 00:00:17
CONFERENTE / SUPERVISOR ,2026-02-23,72,0 days 00:05:42
CONFERENTE / SUPERVISOR ,2026-02-23,44,0 days 00:02:03
CONFERENTE / SUPERVISOR ,2026-02-23,69,0 days 00:01:09
CONFERENTE / SUPERVISOR ,2026-02-23,49,0 days 00:00:22
CONFERENTE / SUPERVISOR ,2026-02-23,21,0 days 00:01:34
CONFERENTE / SUPERVISOR ,2026-02-23,8,0 days 00:00:51
CONFERENTE / SUPERVISOR ,2026-02-23,21,0 days 00:00:08
CONFERENTE / SUPERVISOR ,2026-02-23,40,0 days 00:14:08
CONFERENTE / SUPERVISOR ,2026-02-23,53,0 days 00:00:11
CONFERENTE / SUPERVISOR ,2026-02-23,78,0 days 00:00:18
CONFERENTE / SUPERVISOR ,2026-01-27,62,0 days 00:00:56
CONFERENTE / SUPERVISOR ,2026-01-27,146,0 days 00:02:31
CONFERENTE / SUPERVISOR ,2026-01-27,74,0 days 00:03:24
CONFERENTE / SUPERVISOR ,2026-01-27,93,0 days 00:00:26
CONFERENTE / SUPERVISOR ,2026-01-27,46,0 days 00:01:07
CONFERENTE / SUPERVISOR ,2026-01-27,94,0 days 00:00:20
CONFERENTE / SUPERVISOR ,2026-01-27,144,0 days 00:03:52
CONFERENTE / SUPERVISOR ,2026-01-27,119,0 days 00:01:57
CONFERENTE / SUPERVISOR ,2026-01-27,156,0 days 00:01:16
CONFERENTE / SUPERVISOR ,2026-01-27,47,0 days 00:00:39
CONFERENTE / SUPERVISOR ,2026-01-27,80,0 days 00:00:32
CONFERENTE / SUPERVISOR ,2026-01-27,81,0 days 00:00:03
CONFERENTE / SUPERVISOR ,2026-01-27,71,0 days 00:01:41
CONFERENTE / SUPERVISOR ,2026-01-27,28,0 days 00:00:08
CONFERENTE / SUPERVISOR ,2026-01-27,62,0 days 00:00:13
CONFERENTE / SUPERVISOR ,2026-01-27,82,0 days 00:00:40
CONFERENTE / SUPERVISOR ,2026-01-27,100,0 days 00:00:03
CONFERENTE / SUPERVISOR ,2026-01-27,90,0 days 00:00:12
CONFERENTE / SUPERVISOR ,2026-01-27,81,0 days 00:00:03
CONFERENTE / SUPERVISOR ,2026-01-27,66,0 days 00:00:45
CONFERENTE / SUPERVISOR ,2026-01-27,67,0 days 00:00:11
CONFERENTE / SUPERVISOR ,2026-01-27,88,0 days 00:02:51
CONFERENTE / SUPERVISOR ,2026-01-27,163,0 days 00:00:51
CONFERENTE / SUPERVISOR ,2026-01-27,236,0 days 00:00:44
CONFERENTE / SUPERVISOR ,2026-01-27,58,0 days 00:01:30
CONFERENTE / SUPERVISOR ,2026-01-27,21,0 days 00:00:47
CONFERENTE / SUPERVISOR ,2026-01-27,55,0 days 00:03:22
CONFERENTE / SUPERVISOR ,2026-01-27,118,0 days 00:01:44
CONFERENTE / SUPERVISOR ,2026-01-27,184,0 days 00:00:27
CONFERENTE / SUPERVISOR ,2026-01-27,180,0 days 00:00:03
CONFERENTE / SUPERVISOR ,2026-01-27,100,0 days 00:00:04
CONFERENTE / SUPERVISOR ,2026-01-27,48,0 days 00:01:16
CONFERENTE / SUPERVISOR ,2026-01-27,80,0 days 00:01:04
CONFERENTE / SUPERVISOR ,2026-01-27,105,0 days 00:01:16
CONFERENTE / SUPERVISOR ,2026-01-27,78,0 days 00:01:18
CONFERENTE / SUPERVISOR ,2026-01-27,171,0 days 00:00:13
CONFERENTE / SUPERVISOR ,2026-01-27,17,0 days 00:00:08
CONFERENTE / SUPERVISOR ,2026-01-27,33,0 days 00:00:33
CONFERENTE / SUPERVISOR ,2026-01-27,23,0 days 00:00:48
CONFERENTE / SUPERVISOR ,2026-01-27,45,0 days 00:01:15
CONFERENTE / SUPERVISOR ,2026-01-27,68,0 days 00:01:11
CONFERENTE / SUPERVISOR ,2026-01-27,143,0 days 00:00:17
CONFERENTE / SUPERVISOR ,2026-01-27,180,0 days 00:00:05
CONFERENTE / SUPERVISOR ,2026-01-27,189,0 days 00:00:39
CONFERENTE / SUPERVISOR ,2026-01-27,180,0 days 00:00:04
CONFERENTE / SUPERVISOR ,2026-01-27,32,0 days 00:01:13
CONFERENTE / SUPERVISOR ,2026-01-27,56,0 days 00:00:31
CONFERENTE / SUPERVISOR ,2026-01-27,54,0 days 00:00:36
CONFERENTE / SUPERVISOR ,2026-01-27,53,0 days 00:01:34
CONFERENTE / SUPERVISOR ,2026-01-27,123,0 days 00:01:29
CONFERENTE / SUPERVISOR ,2026-01-27,61,0 days 00:01:00
CONFERENTE / SUPERVISOR ,2026-01-29,23,0 days 00:00:09
CONFERENTE / SUPERVISOR ,2026-01-29,42,0 days 00:00:03
CONFERENTE / SUPERVISOR ,2026-01-29,57,0 days 00:01:33
CONFERENTE / SUPERVISOR ,2026-01-29,32,0 days 00:01:12
CONFERENTE / SUPERVISOR ,2026-01-29,34,0 days 00:00:11
CONFERENTE / SUPERVISOR ,2026-01-29,72,0 days 00:01:29
CONFERENTE / SUPERVISOR ,2026-01-29,84,0 days 00:02:49
CONFERENTE / SUPERVISOR ,2026-01-29,104,0 days 00:00:46
CONFERENTE / SUPERVISOR ,2026-01-29,135,0 days 00:01:39
CONFERENTE / SUPERVISOR ,2026-01-29,180,0 days 00:00:04
CONFERENTE / SUPERVISOR ,2026-01-29,100,0 days 00:00:03
CONFERENTE / SUPERVISOR ,2026-01-29,21,0 days 00:00:18
CONFERENTE / SUPERVISOR ,2026-01-29,81,0 days 00:00:03
CONFERENTE / SUPERVISOR ,2026-01-29,25,0 days 00:00:56
CONFERENTE / SUPERVISOR ,2026-01-29,73,0 days 00:00:29
CONFERENTE / SUPERVISOR ,2026-01-29,33,0 days 00:00:44
CONFERENTE / SUPERVISOR ,2026-01-29,50,0 days 00:01:01
CONFERENTE / SUPERVISOR ,2026-01-29,85,0 days 00:00:07
CONFERENTE / SUPERVISOR ,2026-01-29,151,0 days 00:01:19
CONFERENTE / SUPERVISOR ,2026-01-29,100,0 days 00:00:03
CONFERENTE / SUPERVISOR ,2026-01-29,180,0 days 00:00:04
CONFERENTE / SUPERVISOR ,2026-01-29,71,0 days 00:00:04
CONFERENTE / SUPERVISOR ,2026-01-29,74,0 days 00:00:05
CONFERENTE / SUPERVISOR ,2026-01-29,13,0 days 00:00:20
CONFERENTE / SUPERVISOR ,2026-01-29,41,0 days 00:00:03
CONFERENTE / SUPERVISOR ,2026-01-29,6,0 days 00:00:25
CONFERENTE / SUPERVISOR ,2026-01-29,103,0 days 00:00:03
CONFERENTE / SUPERVISOR ,2026-01-29,180,0 days 00:00:03
CONFERENTE / SUPERVISOR ,2026-01-29,100,0 days 00:00:04
CONFERENTE / SUPERVISOR ,2026-01-29,180,0 days 00:00:03
CONFERENTE / SUPERVISOR ,2026-01-29,218,0 days 00:04:19
CONFERENTE / SUPERVISOR ,2026-01-29,45,0 days 00:01:27
CONFERENTE / SUPERVISOR ,2026-01-29,61,0 days 00:07:08
CONFERENTE / SUPERVISOR ,2026-01-29,67,0 days 00:00:28
CONFERENTE / SUPERVISOR ,2026-01-29,180,0 days 00:00:04
CONFERENTE / SUPERVISOR ,2026-01-29,34,0 days 00:00:39
CONFERENTE / SUPERVISOR ,2026-01-29,153,0 days 00:03:44
CONFERENTE / SUPERVISOR ,2026-01-29,45,0 days 00:02:03
CONFERENTE / SUPERVISOR ,2026-01-29,53,0 days 00:00:48
CONFERENTE / SUPERVISOR ,2026-01-29,56,0 days 00:00:42
CONFERENTE / SUPERVISOR ,2026-01-29,63,0 days 00:00:06
CONFERENTE / SUPERVISOR ,2026-01-29,76,0 days 00:01:06
CONFERENTE / SUPERVISOR ,2026-01-29,147,0 days 00:01:53
CONFERENTE / SUPERVISOR ,2026-01-29,43,0 days 00:00:41
CONFERENTE / SUPERVISOR ,2026-01-29,111,0 days 00:01:33
CONFERENTE / SUPERVISOR ,2026-01-29,155,0 days 00:01:10
CONFERENTE / SUPERVISOR ,2026-01-29,49,0 days 00:01:25
CONFERENTE / SUPERVISOR ,2026-01-29,93,0 days 00:01:14
CONFERENTE / SUPERVISOR ,2026-01-29,83,0 days 00:01:04
CONFERENTE / SUPERVISOR ,2026-08-20,75,0 days 00:02:10
CONFERENTE / SUPERVISOR ,2026-08-20,45,0 days 00:01:19
CONFERENTE / SUPERVISOR ,2026-08-20,28,0 days 00:02:33
CONFERENTE / SUPERVISOR ,2026-08-20,11,0 days 00:00:41
CONFERENTE / SUPERVISOR ,2026-08-20,64,0 days 00:01:13
CONFERENTE / SUPERVISOR ,2026-08-20,146,0 days 00:00:07
CONFERENTE / SUPERVISOR ,2026-08-20,175,0 days 00:00:52
CONFERENTE / SUPERVISOR ,2026-08-20,264,0 days 00:00:12
CONFERENTE / SUPERVISOR ,2026-08-20,22,0 days 00:00:11
CONFERENTE / SUPERVISOR ,2026-08-20,48,0 days 00:02:08
CONFERENTE / SUPERVISOR ,2026-08-20,40,0 days 00:01:44
CONFERENTE / SUPERVISOR ,2026-08-20,180,0 days 00:00:18
CONFERENTE / SUPERVISOR ,2026-08-20,100,0 days 00:00:19
CONFERENTE / SUPERVISOR ,2026-08-20,10,0 days 00:00:24
CONFERENTE / SUPERVISOR ,2026-08-20,23,0 days 00:00:57
CONFERENTE / SUPERVISOR ,2026-08-20,69,0 days 00:01:34
CONFERENTE / SUPERVISOR ,2026-08-20,64,0 days 00:02:33
CONFERENTE / SUPERVISOR ,2026-08-20,100,0 days 00:02:57
CONFERENTE / SUPERVISOR ,2026-08-20,186,0 days 00:04:13
CONFERENTE / SUPERVISOR ,2026-08-20,115,0 days 00:02:14
CONFERENTE / SUPERVISOR ,2026-08-20,100,0 days 00:04:18
CONFERENTE / SUPERVISOR ,2026-08-20,100,0 days 00:00:40
CONFERENTE / SUPERVISOR ,2026-08-20,225,0 days 00:01:41
CONFERENTE / SUPERVISOR ,2026-08-20,100,0 days 00:00:04
CONFERENTE / SUPERVISOR ,2026-08-20,74,0 days 00:02:30
CONFERENTE / SUPERVISOR ,2026-08-20,58,0 days 00:00:16
CONFERENTE / SUPERVISOR ,2026-08-20,25,0 days 00:00:35
CONFERENTE / SUPERVISOR ,2026-08-20,31,0 days 00:00:32
CONFERENTE / SUPERVISOR ,2026-08-20,95,0 days 00:02:25
CONFERENTE / SUPERVISOR ,2026-08-20,68,0 days 00:00:31
CONFERENTE / SUPERVISOR ,2026-08-20,113,0 days 00:03:08
CONFERENTE / SUPERVISOR ,2026-08-20,55,0 days 00:00:51
CONFERENTE / SUPERVISOR ,2026-08-20,47,0 days 00:02:44
CONFERENTE / SUPERVISOR ,2026-08-20,100,0 days 00:00:03
CONFERENTE / SUPERVISOR ,2026-08-20,73,0 days 00:02:16
CONFERENTE / SUPERVISOR ,2026-08-20,181,0 days 00:01:52
CONFERENTE / SUPERVISOR ,2026-08-20,36,0 days 00:01:10
CONFERENTE / SUPERVISOR ,2026-08-20,38,0 days 00:01:16
CONFERENTE / SUPERVISOR ,2026-08-20,58,0 days 00:00:09
CONFERENTE / SUPERVISOR ,2026-08-20,100,0 days 00:00:06
CONFERENTE / SUPERVISOR ,2026-08-20,81,0 days 00:00:06
CONFERENTE / SUPERVISOR ,2026-08-20,17,0 days 00:00:54
CONFERENTE / SUPERVISOR ,2026-08-20,87,0 days 00:01:37
CONFERENTE / SUPERVISOR ,2026-08-20,100,0 days 00:00:04
CONFERENTE / SUPERVISOR ,2026-08-20,47,0 days 00:02:40
CONFERENTE / SUPERVISOR ,2026-08-20,46,0 days 00:01:20
CONFERENTE / SUPERVISOR ,2026-08-20,148,0 days 00:00:25
CONFERENTE / SUPERVISOR ,2026-08-20,22,0 days 00:00:31
CONFERENTE / SUPERVISOR ,2026-08-20,188,0 days 00:00:45
CONFERENTE / SUPERVISOR ,2026-08-20,83,0 days 00:07:32
CONFERENTE / SUPERVISOR ,2026-08-20,85,0 days 00:01:11
CONFERENTE / SUPERVISOR ,2026-08-20,180,0 days 00:00:18
CONFERENTE / SUPERVISOR ,2026-08-20,16,0 days 00:01:01
CONFERENTE / SUPERVISOR ,2026-08-20,120,0 days 00:01:38
CONFERENTE / SUPERVISOR ,2026-08-20,35,0 days 00:00:20
CONFERENTE / SUPERVISOR ,2026-08-20,64,0 days 00:01:11
CONFERENTE / SUPERVISOR ,2026-08-20,63,0 days 00:01:22
CONFERENTE / SUPERVISOR ,2026-08-20,99,0 days 00:02:11
CONFERENTE / SUPERVISOR ,2026-08-20,86,0 days 00:05:33
CONFERENTE / SUPERVISOR ,2026-08-20,88,0 days 00:00:20
CONFERENTE / SUPERVISOR ,2026-01-30,199,0 days 00:00:20
CONFERENTE / SUPERVISOR ,2026-01-30,72,0 days 00:01:10
CONFERENTE / SUPERVISOR ,2026-01-30,70,0 days 00:00:19
CONFERENTE / SUPERVISOR ,2026-01-30,32,0 days 00:00:06
CONFERENTE / SUPERVISOR ,2026-01-30,100,0 days 00:00:03
CONFERENTE / SUPERVISOR ,2026-01-30,25,0 days 00:00:25
CONFERENTE / SUPERVISOR ,2026-01-30,11,0 days 00:00:17
CONFERENTE / SUPERVISOR ,2026-01-30,264,0 days 00:00:03
CONFERENTE / SUPERVISOR ,2026-01-30,225,0 days 00:00:36
CONFERENTE / SUPERVISOR ,2026-01-30,96,0 days 00:00:41
CONFERENTE / SUPERVISOR ,2026-01-30,72,0 days 00:00:57
CONFERENTE / SUPERVISOR ,2026-01-30,47,0 days 00:00:47
CONFERENTE / SUPERVISOR ,2026-01-30,252,0 days 00:00:03
CONFERENTE / SUPERVISOR ,2026-01-30,10,0 days 00:00:05
CONFERENTE / SUPERVISOR ,2026-01-30,6,0 days 00:01:12
CONFERENTE / SUPERVISOR ,2026-01-30,100,0 days 00:00:03
CONFERENTE / SUPERVISOR ,2026-01-30,100,0 days 00:00:03
CONFERENTE / SUPERVISOR ,2026-01-30,100,0 days 00:00:03
CONFERENTE / SUPERVISOR ,2026-01-30,111,0 days 00:00:22
CONFERENTE / SUPERVISOR ,2026-01-30,77,0 days 00:02:39
CONFERENTE / SUPERVISOR ,2026-01-30,30,0 days 00:00:10
CONFERENTE / SUPERVISOR ,2026-01-30,12,0 days 00:00:09
CONFERENTE / SUPERVISOR ,2026-01-30,243,0 days 00:00:22
CONFERENTE / SUPERVISOR ,2026-01-30,100,0 days 00:00:07
CONFERENTE / SUPERVISOR ,2026-01-30,100,0 days 00:00:03
CONFERENTE / SUPERVISOR ,2026-01-30,100,0 days 00:00:03
CONFERENTE / SUPERVISOR ,2026-01-30,180,0 days 00:00:04
CONFERENTE / SUPERVISOR ,2026-01-30,125,0 days 00:00:20
CONFERENTE / SUPERVISOR ,2026-01-30,117,0 days 00:03:16
CONFERENTE / SUPERVISOR ,2026-01-30,100,0 days 00:00:03
CONFERENTE / SUPERVISOR ,2026-01-30,77,0 days 00:00:57
CONFERENTE / SUPERVISOR ,2026-01-30,100,0 days 00:00:03
CONFERENTE / SUPERVISOR ,2026-01-30,10,0 days 00:00:07
CONFERENTE / SUPERVISOR ,2026-01-30,82,0 days 00:00:10
CONFERENTE / SUPERVISOR ,2026-02-24,191,0 days 00:01:37
CONFERENTE / SUPERVISOR ,2026-02-24,72,0 days 00:01:39
CONFERENTE / SUPERVISOR ,2026-02-24,40,0 days 00:02:54
CONFERENTE / SUPERVISOR ,2026-02-24,61,0 days 00:02:09
CONFERENTE / SUPERVISOR ,2026-02-24,100,0 days 00:00:05
CONFERENTE / SUPERVISOR ,2026-02-24,80,0 days 00:01:46
CONFERENTE / SUPERVISOR ,2026-02-24,38,0 days 00:02:58
CONFERENTE / SUPERVISOR ,2026-02-24,75,0 days 00:01:31
CONFERENTE / SUPERVISOR ,2026-02-24,67,0 days 00:01:04
CONFERENTE / SUPERVISOR ,2026-02-24,49,0 days 00:01:31
CONFERENTE / SUPERVISOR ,2026-02-24,181,0 days 00:01:01
CONFERENTE / SUPERVISOR ,2026-02-24,178,0 days 00:01:13
CONFERENTE / SUPERVISOR ,2026-02-24,81,0 days 00:00:03
CONFERENTE / SUPERVISOR ,2026-02-24,86,0 days 00:06:30
CONFERENTE / SUPERVISOR ,2026-02-24,21,0 days 00:00:53
CONFERENTE / SUPERVISOR ,2026-02-24,137,0 days 00:03:03
CONFERENTE / SUPERVISOR ,2026-02-24,71,0 days 00:01:12
CONFERENTE / SUPERVISOR ,2026-02-24,46,0 days 00:00:56
CONFERENTE / SUPERVISOR ,2026-02-24,81,0 days 00:00:04
CONFERENTE / SUPERVISOR ,2026-02-24,47,0 days 00:02:42
CONFERENTE / SUPERVISOR ,2026-02-24,100,0 days 00:00:50
CONFERENTE / SUPERVISOR ,2026-02-24,63,0 days 00:00:48
CONFERENTE / SUPERVISOR ,2026-02-24,58,0 days 00:02:15
CONFERENTE / SUPERVISOR ,2026-02-24,100,0 days 00:00:02
CONFERENTE / SUPERVISOR ,2026-02-24,25,0 days 00:00:44
CONFERENTE / SUPERVISOR ,2026-02-24,82,0 days 00:02:07
CONFERENTE / SUPERVISOR ,2026-02-24,44,0 days 00:01:26
CONFERENTE / SUPERVISOR ,2026-02-24,36,0 days 00:00:57
CONFERENTE / SUPERVISOR ,2026-02-24,62,0 days 00:00:10
CONFERENTE / SUPERVISOR ,2026-02-24,182,0 days 00:12:29
CONFERENTE / SUPERVISOR ,2026-02-24,100,0 days 00:01:19
CONFERENTE / SUPERVISOR ,2026-02-24,99,0 days 00:00:27
CONFERENTE / SUPERVISOR ,2026-02-24,60,0 days 00:00:03
CONFERENTE / SUPERVISOR ,2026-02-24,78,0 days 00:02:44
CONFERENTE / SUPERVISOR ,2026-02-24,67,0 days 00:01:11
CONFERENTE / SUPERVISOR ,2026-02-24,57,0 days 00:00:33
CONFERENTE / SUPERVISOR ,2026-02-24,55,0 days 00:01:38
CONFERENTE / SUPERVISOR ,2026-02-24,54,0 days 00:00:07
CONFERENTE / SUPERVISOR ,2026-02-24,178,0 days 00:00:41
CONFERENTE / SUPERVISOR ,2026-02-24,80,0 days 00:02:28
CONFERENTE / SUPERVISOR ,2026-02-24,64,0 days 00:04:51
CONFERENTE / SUPERVISOR ,2026-02-24,20,0 days 00:00:43
CONFERENTE / SUPERVISOR ,2026-02-24,54,0 days 00:01:28
CONFERENTE / SUPERVISOR ,2026-02-24,94,0 days 00:00:59
CONFERENTE / SUPERVISOR ,2026-02-24,72,0 days 00:01:20
CONFERENTE / SUPERVISOR ,2026-02-24,74,0 days 00:02:52
CONFERENTE / SUPERVISOR ,2026-02-24,110,0 days 00:00:52
CONFERENTE / SUPERVISOR ,2026-02-24,79,0 days 00:01:33
CONFERENTE / SUPERVISOR ,2026-02-24,55,0 days 00:00:21
CONFERENTE / SUPERVISOR ,2026-02-24,31,0 days 00:01:09
CONFERENTE / SUPERVISOR ,2026-02-24,30,0 days 00:01:11
CONFERENTE / SUPERVISOR ,2026-02-02,100,0 days 00:00:04
CONFERENTE / SUPERVISOR ,2026-02-02,100,0 days 00:00:57
CONFERENTE / SUPERVISOR ,2026-02-02,100,0 days 00:00:04
CONFERENTE / SUPERVISOR ,2026-02-02,100,0 days 00:00:03
CONFERENTE / SUPERVISOR ,2026-02-02,100,0 days 00:00:04
CONFERENTE / SUPERVISOR ,2026-02-02,100,0 days 00:00:04
CONFERENTE / SUPERVISOR ,2026-02-02,100,0 days 00:00:04
CONFERENTE / SUPERVISOR ,2026-02-02,100,0 days 00:00:04
CONFERENTE / SUPERVISOR ,2026-02-02,100,0 days 00:00:04
CONFERENTE / SUPERVISOR ,2026-02-02,100,0 days 00:00:04
CONFERENTE / SUPERVISOR ,2026-02-02,211,0 days 00:02:04
CONFERENTE / SUPERVISOR ,2026-02-02,100,0 days 00:00:04
CONFERENTE / SUPERVISOR ,2026-02-02,100,0 days 00:00:04
CONFERENTE / SUPERVISOR ,2026-02-02,180,0 days 00:00:09
CONFERENTE / SUPERVISOR ,2026-02-02,180,0 days 00:00:04
CONFERENTE / SUPERVISOR ,2026-02-02,149,0 days 00:01:24
CONFERENTE / SUPERVISOR ,2026-02-02,49,0 days 00:00:27
CONFERENTE / SUPERVISOR ,2026-02-02,198,0 days 00:00:03
CONFERENTE / SUPERVISOR ,2026-02-02,21,0 days 00:00:12
CONFERENTE / SUPERVISOR ,2026-02-02,7,0 days 00:02:11
CONFERENTE / SUPERVISOR ,2026-02-02,264,0 days 00:00:04
CONFERENTE / SUPERVISOR ,2026-02-02,264,0 days 00:00:05
CONFERENTE / SUPERVISOR ,2026-02-02,100,0 days 00:00:41
CONFERENTE / SUPERVISOR ,2026-02-02,100,0 days 00:00:06
CONFERENTE / SUPERVISOR ,2026-02-02,100,0 days 00:00:05
CONFERENTE / SUPERVISOR ,2026-02-02,100,0 days 00:00:04
CONFERENTE / SUPERVISOR ,2026-02-02,100,0 days 00:00:05
CONFERENTE / SUPERVISOR ,2026-02-02,100,0 days 00:00:03
CONFERENTE / SUPERVISOR ,2026-02-02,100,0 days 00:00:05
CONFERENTE / SUPERVISOR ,2026-02-02,100,0 days 00:00:05
CONFERENTE / SUPERVISOR ,2026-02-02,100,0 days 00:00:37
CONFERENTE / SUPERVISOR ,2026-02-02,100,0 days 00:00:03
CONFERENTE / SUPERVISOR ,2026-02-02,9,0 days 00:00:59
CONFERENTE / SUPERVISOR ,2026-02-02,100,0 days 00:00:03
CONFERENTE / SUPERVISOR ,2026-02-02,180,0 days 00:00:12
CONFERENTE / SUPERVISOR ,2026-02-02,180,0 days 00:00:04
CONFERENTE / SUPERVISOR ,2026-02-02,88,0 days 00:03:03
CONFERENTE / SUPERVISOR ,2026-02-02,243,0 days 00:02:25
CONFERENTE / SUPERVISOR ,2026-02-02,183,0 days 00:01:19
CONFERENTE / SUPERVISOR ,2026-02-02,96,0 days 00:03:29
Filial C.M,2026-08-31,180,0 days 00:00:03
Filial C.M,2026-08-31,79,0 days 00:00:45
Filial C.M,2026-08-31,91,0 days 00:00:49
Filial C.M,2026-08-31,68,0 days 00:00:05
Filial C.M,2026-08-31,58,0 days 00:00:50
Filial C.M,2026-08-31,36,0 days 00:00:14
Filial C.M,2026-08-31,52,0 days 00:01:59
Filial C.M,2026-08-31,70,0 days 00:00:16
Filial C.M,2026-08-31,37,0 days 00:00:55
Filial C.M,2026-08-31,41,0 days 00:01:09
Filial C.M,2026-08-31,81,0 days 00:00:08
Filial C.M,2026-08-31,100,0 days 00:00:03
Filial C.M,2026-08-31,79,0 days 00:00:47
Filial C.M,2026-08-31,82,0 days 00:00:10
Filial C.M,2026-08-31,110,0 days 00:02:12
Filial C.M,2026-08-31,62,0 days 00:00:32
Filial C.M,2026-08-31,68,0 days 00:01:14
Filial C.M,2026-08-31,75,0 days 00:00:57
Filial C.M,2026-08-31,57,0 days 00:00:04
Filial C.M,2026-08-31,116,0 days 00:01:30
Filial C.M,2026-08-31,121,0 days 00:00:03
Filial C.M,2026-08-31,180,0 days 00:00:03
Filial C.M,2026-08-31,198,0 days 00:00:04
Filial C.M,2026-08-31,52,0 days 00:00:03
Filial C.M,2026-08-31,53,0 days 00:00:04
Filial C.M,2026-08-31,32,0 days 00:00:04
Filial C.M,2026-08-31,24,0 days 00:01:44
Filial C.M,2026-08-31,58,0 days 00:00:50
Filial C.M,2026-08-31,76,0 days 00:01:38
Filial C.M,2026-08-31,7,0 days 00:01:35
Filial C.M,2026-08-31,198,0 days 00:00:04
Filial C.M,2026-08-31,62,0 days 00:01:53
Filial C.M,2026-08-31,139,0 days 00:00:22
Filial C.M,2026-08-31,107,0 days 00:05:30
Filial C.M,2026-08-31,169,0 days 00:00:59
Filial C.M,2026-08-31,50,0 days 00:01:33
Filial C.M,2026-08-31,56,0 days 00:00:40
Filial C.M,2026-08-31,177,0 days 00:00:07
Filial C.M,2026-08-31,81,0 days 00:00:03
Filial C.M,2026-08-31,57,0 days 00:00:04
Filial C.M,2026-08-31,40,0 days 00:00:04
Filial C.M,2026-08-31,67,0 days 00:00:07
Filial C.M,2026-08-31,25,0 days 00:01:57
Filial C.M,2026-08-31,52,0 days 00:01:09
Filial C.M,2026-08-31,110,0 days 00:00:04
Filial C.M,2026-08-31,71,0 days 00:00:04
Filial C.M,2026-08-31,132,0 days 00:00:51
Filial C.M,2026-08-31,81,0 days 00:00:05
Filial C.M,2026-08-31,180,0 days 00:00:04
Filial C.M,2026-08-31,63,0 days 00:02:08
Filial C.M,2026-08-31,180,0 days 00:00:05
Filial C.M,2026-08-31,71,0 days 00:00:43
Filial C.M,2026-08-31,61,0 days 00:01:38
Filial C.M,2026-08-31,57,0 days 00:00:28
Filial C.M,2026-08-31,20,0 days 00:00:55
Filial C.M,2026-08-31,46,0 days 00:00:04
Filial C.M,2026-08-31,62,0 days 00:00:05
Filial C.M,2026-08-31,100,0 days 00:00:03
Filial C.M,2026-08-31,78,0 days 00:00:04
Filial C.M,2026-08-31,81,0 days 00:00:04
Filial C.M,2026-08-31,109,0 days 00:00:03
Filial C.M,2026-08-31,86,0 days 00:00:15
Filial C.M,2026-08-31,95,0 days 00:00:57
Filial C.M,2026-08-31,175,0 days 00:01:05
Filial C.M,2026-08-31,225,0 days 00:00:43
Filial C.M,2026-08-31,100,0 days 00:00:11
Filial C.M,2026-08-31,41,0 days 00:00:31
Filial C.M,2026-08-31,47,0 days 00:00:28
Filial C.M,2026-08-31,51,0 days 00:01:53
Filial C.M,2026-08-31,80,0 days 00:01:32
Filial C.M,2026-08-31,96,0 days 00:00:03
Filial C.M,2026-08-31,31,0 days 00:00:44
Filial C.M,2026-08-31,30,0 days 00:00:37
Filial C.M,2026-08-31,48,0 days 00:00:23
Filial C.M,2026-08-31,29,0 days 00:00:50
Filial C.M,2026-08-31,64,0 days 00:00:03
Filial C.M,2026-08-31,53,0 days 00:00:03
Filial C.M,2026-08-31,173,0 days 00:00:04
Filial C.M,2026-08-31,88,0 days 00:01:35
Filial C.M,2026-08-31,56,0 days 00:02:05
Filial C.M,2026-08-31,81,0 days 00:00:10
Filial C.M,2026-08-31,180,0 days 00:00:04
Filial C.M,2026-08-31,80,0 days 00:00:03
Filial C.M,2026-08-31,52,0 days 00:00:05
Filial C.M,2026-08-31,68,0 days 00:00:04
Filial C.M,2026-08-31,50,0 days 00:00:42
Filial C.M,2026-08-31,45,0 days 00:02:37
Filial C.M,2026-08-31,78,0 days 00:00:04
Filial C.M,2026-08-31,70,0 days 00:00:06
Filial C.M,2026-08-31,135,0 days 00:00:12
Filial C.M,2026-08-31,43,0 days 00:01:07
Filial C.M,2026-08-31,64,0 days 00:00:08
Filial C.M,2026-08-31,64,0 days 00:00:03
Filial C.M,2026-08-31,180,0 days 00:00:04
Filial C.M,2026-08-31,81,0 days 00:00:06
Filial C.M,2026-08-31,98,0 days 00:00:04
Filial C.M,2026-08-31,41,0 days 00:00:03
Filial C.M,2026-08-31,68,0 days 00:00:33
Filial C.M,2026-08-31,172,0 days 00:01:38
Filial C.M,2026-08-31,194,0 days 00:00:53
Filial C.M,2026-08-31,252,0 days 00:00:08
Filial C.M,2026-08-31,122,0 days 00:00:16
Filial C.M,2026-08-31,60,0 days 00:00:14
Filial C.M,2026-08-31,40,0 days 00:01:44
Filial C.M,2026-08-31,57,0 days 00:01:24
Filial C.M,2026-08-31,28,0 days 00:01:06
Filial C.M,2026-08-31,37,0 days 00:00:04
Filial C.M,2026-08-31,47,0 days 00:00:11
Filial C.M,2026-08-31,48,0 days 00:00:03
Filial C.M,2026-08-31,42,0 days 00:01:34
Filial C.M,2026-08-31,59,0 days 00:00:09
Filial C.M,2026-08-31,71,0 days 00:00:33
Filial C.M,2026-08-31,79,0 days 00:00:04
Filial C.M,2026-08-31,73,0 days 00:01:39
Filial C.M,2026-08-31,100,0 days 00:00:04
Filial C.M,2026-08-31,180,0 days 00:00:04
Filial C.M,2026-08-31,180,0 days 00:00:05
Filial C.M,2026-08-31,80,0 days 00:00:04
Filial C.M,2026-08-31,138,0 days 00:01:05
Filial C.M,2026-08-31,163,0 days 00:03:23
Filial C.M,2026-08-31,46,0 days 00:00:59
Filial C.M,2026-08-31,99,0 days 00:02:33
Filial C.M,2026-08-31,124,0 days 00:00:47
Filial C.M,2026-08-31,85,0 days 00:00:44
Filial C.M,2026-08-31,1,0 days 00:00:09
CONFERENTE / SUPERVISOR ,2026-08-21,81,0 days 00:00:08
CONFERENTE / SUPERVISOR ,2026-08-21,110,0 days 00:01:36
CONFERENTE / SUPERVISOR ,2026-08-21,81,0 days 00:00:36
CONFERENTE / SUPERVISOR ,2026-08-21,11,0 days 00:00:34
CONFERENTE / SUPERVISOR ,2026-08-21,42,0 days 00:00:57
CONFERENTE / SUPERVISOR ,2026-08-21,57,0 days 00:00:38
CONFERENTE / SUPERVISOR ,2026-08-21,11,0 days 00:00:39
CONFERENTE / SUPERVISOR ,2026-08-21,88,0 days 00:01:15
CONFERENTE / SUPERVISOR ,2026-08-21,96,0 days 00:00:34
CONFERENTE / SUPERVISOR ,2026-08-21,132,0 days 00:01:20
CONFERENTE / SUPERVISOR ,2026-08-21,22,0 days 00:00:37
CONFERENTE / SUPERVISOR ,2026-08-21,45,0 days 00:02:31
CONFERENTE / SUPERVISOR ,2026-08-21,48,0 days 00:00:26
CONFERENTE / SUPERVISOR ,2026-08-21,50,0 days 00:01:37
CONFERENTE / SUPERVISOR ,2026-08-21,129,0 days 00:04:34
CONFERENTE / SUPERVISOR ,2026-08-21,46,0 days 00:02:10
CONFERENTE / SUPERVISOR ,2026-08-21,7,0 days 00:00:14
CONFERENTE / SUPERVISOR ,2026-08-21,180,0 days 00:02:22
CONFERENTE / SUPERVISOR ,2026-08-21,49,0 days 00:00:10
CONFERENTE / SUPERVISOR ,2026-08-21,21,0 days 00:00:24
CONFERENTE / SUPERVISOR ,2026-08-21,25,0 days 00:00:58
CONFERENTE / SUPERVISOR ,2026-08-21,193,0 days 00:01:05
CONFERENTE / SUPERVISOR ,2026-08-21,56,0 days 00:00:40
CONFERENTE / SUPERVISOR ,2026-08-21,81,0 days 00:00:10
CONFERENTE / SUPERVISOR ,2026-08-21,51,0 days 00:01:45
CONFERENTE / SUPERVISOR ,2026-08-21,62,0 days 00:00:39
CONFERENTE / SUPERVISOR ,2026-08-21,45,0 days 00:01:01
CONFERENTE / SUPERVISOR ,2026-08-21,108,0 days 00:01:11
CONFERENTE / SUPERVISOR ,2026-08-21,151,0 days 00:01:01
CONFERENTE / SUPERVISOR ,2026-08-21,54,0 days 00:01:04
CONFERENTE / SUPERVISOR ,2026-08-21,180,0 days 00:00:48
CONFERENTE / SUPERVISOR ,2026-08-21,59,0 days 00:01:05
CONFERENTE / SUPERVISOR ,2026-08-21,75,0 days 00:00:29
CONFERENTE / SUPERVISOR ,2026-08-21,49,0 days 00:01:44
CONFERENTE / SUPERVISOR ,2026-08-21,52,0 days 00:00:47
CONFERENTE / SUPERVISOR ,2026-08-21,100,0 days 00:00:12
CONFERENTE / SUPERVISOR ,2026-08-21,150,0 days 00:00:09
CONFERENTE / SUPERVISOR ,2026-08-21,180,0 days 00:00:10
CONFERENTE / SUPERVISOR ,2026-08-21,97,0 days 00:01:04
CONFERENTE / SUPERVISOR ,2026-08-21,100,0 days 00:00:20
CONFERENTE / SUPERVISOR ,2026-08-21,36,0 days 00:01:06
CONFERENTE / SUPERVISOR ,2026-08-21,110,0 days 00:00:35
CONFERENTE / SUPERVISOR ,2026-08-21,34,0 days 00:00:53
CONFERENTE / SUPERVISOR ,2026-08-21,100,0 days 00:00:19
CONFERENTE / SUPERVISOR ,2026-08-21,60,0 days 00:00:23
CONFERENTE / SUPERVISOR ,2026-08-21,80,0 days 00:00:46
CONFERENTE / SUPERVISOR ,2026-08-21,88,0 days 00:03:42
CONFERENTE / SUPERVISOR ,2026-08-21,17,0 days 00:00:39
CONFERENTE / SUPERVISOR ,2026-08-21,22,0 days 00:00:21
CONFERENTE / SUPERVISOR ,2026-08-21,42,0 days 00:02:09
CONFERENTE / SUPERVISOR ,2026-08-21,76,0 days 00:00:29
CONFERENTE / SUPERVISOR ,2026-08-21,14,0 days 00:02:07
CONFERENTE / SUPERVISOR ,2026-08-21,36,0 days 00:01:32
CONFERENTE / SUPERVISOR ,2026-08-21,98,0 days 00:02:59
CONFERENTE / SUPERVISOR ,2026-08-21,135,0 days 00:00:10
CONFERENTE / SUPERVISOR ,2026-08-21,176,0 days 00:00:30
CONFERENTE / SUPERVISOR ,2026-08-21,22,0 days 00:00:49
CONFERENTE / SUPERVISOR ,2026-08-21,27,0 days 00:00:31
CONFERENTE / SUPERVISOR ,2026-08-21,104,0 days 00:03:24
CONFERENTE / SUPERVISOR ,2026-08-21,180,0 days 00:00:06
CONFERENTE / SUPERVISOR ,2026-08-21,72,0 days 00:03:31
CONFERENTE / SUPERVISOR ,2026-08-21,48,0 days 00:01:49
CONFERENTE / SUPERVISOR ,2026-08-21,54,0 days 00:00:05
CONFERENTE / SUPERVISOR ,2026-08-21,80,0 days 00:03:41
CONFERENTE / SUPERVISOR ,2026-08-21,102,0 days 00:00:48
CONFERENTE / SUPERVISOR ,2026-08-21,44,0 days 00:01:16
CONFERENTE / SUPERVISOR ,2026-08-21,17,0 days 00:01:50
CONFERENTE / SUPERVISOR ,2026-08-21,43,0 days 00:01:04
CONFERENTE / SUPERVISOR ,2026-08-11,180,0 days 00:00:04
CONFERENTE / SUPERVISOR ,2026-08-11,19,0 days 00:01:34
CONFERENTE / SUPERVISOR ,2026-08-11,22,0 days 00:00:25
CONFERENTE / SUPERVISOR ,2026-08-11,11,0 days 00:00:22
CONFERENTE / SUPERVISOR ,2026-08-11,31,0 days 00:01:40
CONFERENTE / SUPERVISOR ,2026-08-11,32,0 days 00:01:21
CONFERENTE / SUPERVISOR ,2026-08-11,67,0 days 00:00:42
CONFERENTE / SUPERVISOR ,2026-08-11,100,0 days 00:00:27
CONFERENTE / SUPERVISOR ,2026-08-11,100,0 days 00:00:05
CONFERENTE / SUPERVISOR ,2026-08-11,83,0 days 00:01:30
CONFERENTE / SUPERVISOR ,2026-08-11,37,0 days 00:00:52
CONFERENTE / SUPERVISOR ,2026-08-11,78,0 days 00:00:30
CONFERENTE / SUPERVISOR ,2026-08-11,72,0 days 00:03:35
CONFERENTE / SUPERVISOR ,2026-08-11,31,0 days 00:00:33
CONFERENTE / SUPERVISOR ,2026-08-11,31,0 days 00:00:30
CONFERENTE / SUPERVISOR ,2026-08-11,206,0 days 00:00:04
CONFERENTE / SUPERVISOR ,2026-08-11,162,0 days 00:00:03
CONFERENTE / SUPERVISOR ,2026-08-11,100,0 days 00:00:05
CONFERENTE / SUPERVISOR ,2026-08-11,99,0 days 00:00:07
CONFERENTE / SUPERVISOR ,2026-08-11,78,0 days 00:00:03
CONFERENTE / SUPERVISOR ,2026-08-11,99,0 days 00:00:05
CONFERENTE / SUPERVISOR ,2026-08-11,52,0 days 00:00:05
CONFERENTE / SUPERVISOR ,2026-08-11,99,0 days 00:00:05
CONFERENTE / SUPERVISOR ,2026-08-11,42,0 days 00:00:08
CONFERENTE / SUPERVISOR ,2026-08-11,40,0 days 00:00:04
CONFERENTE / SUPERVISOR ,2026-08-11,96,0 days 00:00:04
CONFERENTE / SUPERVISOR ,2026-08-12,16,0 days 00:00:17
CONFERENTE / SUPERVISOR ,2026-08-12,135,0 days 00:00:45
CONFERENTE / SUPERVISOR ,2026-08-12,6,0 days 00:00:26
CONFERENTE / SUPERVISOR ,2026-08-12,80,0 days 00:02:32
CONFERENTE / SUPERVISOR ,2026-08-12,93,0 days 00:00:04
CONFERENTE / SUPERVISOR ,2026-08-12,254,0 days 00:00:04
CONFERENTE / SUPERVISOR ,2026-08-12,178,0 days 00:00:04
CONFERENTE / SUPERVISOR ,2026-08-12,38,0 days 00:02:32
CONFERENTE / SUPERVISOR ,2026-08-12,19,0 days 00:00:46
CONFERENTE / SUPERVISOR ,2026-08-12,64,0 days 00:03:23
CONFERENTE / SUPERVISOR ,2026-08-12,245,0 days 00:00:08
CONFERENTE / SUPERVISOR ,2026-08-12,17,0 days 00:00:19
CONFERENTE / SUPERVISOR ,2026-08-12,59,0 days 00:01:38
CONFERENTE / SUPERVISOR ,2026-08-12,105,0 days 00:00:41
CONFERENTE / SUPERVISOR ,2026-08-12,83,0 days 00:00:37
CONFERENTE / SUPERVISOR ,2026-08-12,1,0 days 00:00:08
CONFERENTE / SUPERVISOR ,2026-08-12,1,0 days 00:00:09
CONFERENTE / SUPERVISOR ,2026-08-12,30,0 days 00:00:55
CONFERENTE / SUPERVISOR ,2026-08-12,54,0 days 00:00:08
CONFERENTE / SUPERVISOR ,2026-08-12,111,0 days 00:02:06
CONFERENTE / SUPERVISOR ,2026-08-12,175,0 days 00:02:59
CONFERENTE / SUPERVISOR ,2026-08-13,45,0 days 00:00:09
CONFERENTE / SUPERVISOR ,2026-08-13,149,0 days 00:01:41
CONFERENTE / SUPERVISOR ,2026-08-13,173,0 days 00:00:07
CONFERENTE / SUPERVISOR ,2026-08-13,50,0 days 00:03:29
CONFERENTE / SUPERVISOR ,2026-08-13,110,0 days 00:06:50
CONFERENTE / SUPERVISOR ,2026-08-13,11,0 days 00:00:42
CONFERENTE / SUPERVISOR ,2026-08-13,71,0 days 00:02:06
CONFERENTE / SUPERVISOR ,2026-08-13,46,0 days 00:00:03
CONFERENTE / SUPERVISOR ,2026-08-13,198,0 days 00:00:03
CONFERENTE / SUPERVISOR ,2026-08-13,31,0 days 00:00:03
CONFERENTE / SUPERVISOR ,2026-08-13,14,0 days 00:00:03
CONFERENTE / SUPERVISOR ,2026-08-13,2,0 days 00:00:04
CONFERENTE / SUPERVISOR ,2026-08-13,111,0 days 00:00:04
CONFERENTE / SUPERVISOR ,2026-08-13,219,0 days 00:00:03
CONFERENTE / SUPERVISOR ,2026-08-13,59,0 days 00:00:04
CONFERENTE / SUPERVISOR ,2026-08-13,61,0 days 00:00:03
CONFERENTE / SUPERVISOR ,2026-08-13,62,0 days 00:00:32
CONFERENTE / SUPERVISOR ,2026-08-13,72,0 days 00:02:14
CONFERENTE / SUPERVISOR ,2026-08-13,90,0 days 00:05:31
CONFERENTE / SUPERVISOR ,2026-08-13,100,0 days 00:02:09
CONFERENTE / SUPERVISOR ,2026-08-13,11,0 days 00:00:44
CONFERENTE / SUPERVISOR ,2026-08-13,27,0 days 00:02:25
CONFERENTE / SUPERVISOR ,2026-08-13,91,0 days 00:01:19
CONFERENTE / SUPERVISOR ,2026-08-13,141,0 days 00:01:21
CONFERENTE / SUPERVISOR ,2026-08-13,84,0 days 00:00:27
CONFERENTE / SUPERVISOR ,2026-08-13,100,0 days 00:01:06
CONFERENTE / SUPERVISOR ,2026-08-13,31,0 days 00:00:56
CONFERENTE / SUPERVISOR ,2026-08-13,14,0 days 00:01:14
CONFERENTE / SUPERVISOR ,2026-08-13,65,0 days 00:02:38
CONFERENTE / SUPERVISOR ,2026-08-13,88,0 days 00:11:52
CONFERENTE / SUPERVISOR ,2026-08-13,100,0 days 00:00:07
CONFERENTE / SUPERVISOR ,2026-08-13,1,0 days 00:00:06
Filial PPR,2026-08-31,10,0 days 00:00:07
Filial PPR,2026-08-31,167,0 days 00:00:10
Filial PPR,2026-08-31,104,0 days 00:00:07
Filial PPR,2026-08-31,199,0 days 00:00:11
Filial PPR,2026-08-31,198,0 days 00:00:05
Filial PPR,2026-08-31,93,0 days 00:00:05
Filial PPR,2026-08-31,62,0 days 00:00:06
Filial PPR,2026-08-31,54,0 days 00:00:04
Filial PPR,2026-08-31,63,0 days 00:02:28
Filial PPR,2026-08-31,14,0 days 00:00:59
CONFERENTE / SUPERVISOR ,2026-08-24,65,0 days 00:07:43
CONFERENTE / SUPERVISOR ,2026-08-24,7,0 days 00:00:38
CONFERENTE / SUPERVISOR ,2026-08-24,211,0 days 00:02:49
CONFERENTE / SUPERVISOR ,2026-08-24,63,0 days 00:02:46
CONFERENTE / SUPERVISOR ,2026-08-24,23,0 days 00:00:32
CONFERENTE / SUPERVISOR ,2026-08-24,104,0 days 00:02:00
CONFERENTE / SUPERVISOR ,2026-08-24,124,0 days 00:01:05
CONFERENTE / SUPERVISOR ,2026-08-24,100,0 days 00:00:06
CONFERENTE / SUPERVISOR ,2026-08-24,39,0 days 00:01:20
CONFERENTE / SUPERVISOR ,2026-08-24,69,0 days 00:01:44
CONFERENTE / SUPERVISOR ,2026-08-24,41,0 days 00:01:50
CONFERENTE / SUPERVISOR ,2026-08-24,80,0 days 00:01:27
CONFERENTE / SUPERVISOR ,2026-08-24,127,0 days 00:02:15
CONFERENTE / SUPERVISOR ,2026-08-24,54,0 days 00:00:25
CONFERENTE / SUPERVISOR ,2026-08-24,36,0 days 00:00:43
CONFERENTE / SUPERVISOR ,2026-08-24,80,0 days 00:05:09
CONFERENTE / SUPERVISOR ,2026-08-24,81,0 days 00:01:42
CONFERENTE / SUPERVISOR ,2026-08-24,52,0 days 00:03:58
CONFERENTE / SUPERVISOR ,2026-08-24,184,0 days 00:00:18
CONFERENTE / SUPERVISOR ,2026-08-24,100,0 days 00:04:29
CONFERENTE / SUPERVISOR ,2026-08-24,180,0 days 00:04:00
CONFERENTE / SUPERVISOR ,2026-08-24,100,0 days 00:00:20
CONFERENTE / SUPERVISOR ,2026-08-24,55,0 days 00:07:10
CONFERENTE / SUPERVISOR ,2026-08-24,56,0 days 00:03:20
CONFERENTE / SUPERVISOR ,2026-08-24,49,0 days 00:00:38
CONFERENTE / SUPERVISOR ,2026-08-24,40,0 days 00:01:17
CONFERENTE / SUPERVISOR ,2026-08-24,56,0 days 00:00:53
CONFERENTE / SUPERVISOR ,2026-08-24,29,0 days 00:03:00
CONFERENTE / SUPERVISOR ,2026-08-24,30,0 days 00:01:35
CONFERENTE / SUPERVISOR ,2026-08-24,161,0 days 00:02:22
CONFERENTE / SUPERVISOR ,2026-08-24,100,0 days 00:00:23
CONFERENTE / SUPERVISOR ,2026-08-24,44,0 days 00:01:36
CONFERENTE / SUPERVISOR ,2026-08-24,74,0 days 00:00:51
CONFERENTE / SUPERVISOR ,2026-08-24,78,0 days 00:00:34
CONFERENTE / SUPERVISOR ,2026-08-24,100,0 days 00:00:33
CONFERENTE / SUPERVISOR ,2026-08-24,147,0 days 00:06:16
CONFERENTE / SUPERVISOR ,2026-08-24,51,0 days 00:04:08
CONFERENTE / SUPERVISOR ,2026-08-24,135,0 days 00:00:55
CONFERENTE / SUPERVISOR ,2026-08-24,96,0 days 00:00:36
CONFERENTE / SUPERVISOR ,2026-08-24,177,0 days 00:02:54
CONFERENTE / SUPERVISOR ,2026-08-24,109,0 days 00:01:33
CONFERENTE / SUPERVISOR ,2026-08-24,48,0 days 00:02:05
CONFERENTE / SUPERVISOR ,2026-08-24,23,0 days 00:00:52
CONFERENTE / SUPERVISOR ,2026-08-24,122,0 days 00:06:41
CONFERENTE / SUPERVISOR ,2026-08-24,47,0 days 00:01:10
CONFERENTE / SUPERVISOR ,2026-08-24,55,0 days 00:01:38
CONFERENTE / SUPERVISOR ,2026-08-24,58,0 days 00:00:19
CONFERENTE / SUPERVISOR ,2026-08-24,75,0 days 00:02:49
CONFERENTE / SUPERVISOR ,2026-08-24,87,0 days 00:00:59
CONFERENTE / SUPERVISOR ,2026-08-24,81,0 days 00:00:17
CONFERENTE / SUPERVISOR ,2026-08-24,27,0 days 00:00:15
CONFERENTE / SUPERVISOR ,2026-08-24,70,0 days 00:09:10
CONFERENTE / SUPERVISOR ,2026-08-24,171,0 days 00:00:42
CONFERENTE / SUPERVISOR ,2026-08-24,25,0 days 00:01:37
CONFERENTE / SUPERVISOR ,2026-08-24,92,0 days 00:06:59
CONFERENTE / SUPERVISOR ,2026-08-24,212,0 days 00:00:09
CONFERENTE / SUPERVISOR ,2026-08-24,180,0 days 00:00:12
CONFERENTE / SUPERVISOR ,2026-08-24,83,0 days 00:06:29
CONFERENTE / SUPERVISOR ,2026-08-24,2,0 days 00:00:13
CONFERENTE / SUPERVISOR ,2026-08-24,81,0 days 00:00:28
CONFERENTE / SUPERVISOR ,2026-08-24,49,0 days 00:03:00
CONFERENTE / SUPERVISOR ,2026-08-24,61,0 days 00:01:01
CONFERENTE / SUPERVISOR ,2026-08-24,171,0 days 00:00:57
CONFERENTE / SUPERVISOR ,2026-08-24,215,0 days 00:06:57
CONFERENTE / SUPERVISOR ,2026-08-24,182,0 days 00:02:35
CONFERENTE / SUPERVISOR ,2026-08-24,59,0 days 00:04:54
CONFERENTE / SUPERVISOR ,2026-08-24,56,0 days 00:07:15
CONFERENTE / SUPERVISOR ,2026-08-24,10,0 days 00:02:06
CONFERENTE / SUPERVISOR ,2026-08-24,37,0 days 00:02:49
CONFERENTE / SUPERVISOR ,2026-08-24,100,0 days 00:04:50
CONFERENTE / SUPERVISOR ,2026-08-24,100,0 days 00:00:04
CONFERENTE / SUPERVISOR ,2026-08-24,180,0 days 00:00:05
CONFERENTE / SUPERVISOR ,2026-08-24,157,0 days 00:01:37
CONFERENTE / SUPERVISOR ,2026-08-24,196,0 days 00:01:51
CONFERENTE / SUPERVISOR ,2026-08-24,98,0 days 00:01:18
CONFERENTE / SUPERVISOR ,2026-08-24,15,0 days 00:00:26
CONFERENTE / SUPERVISOR ,2026-08-24,143,0 days 00:01:09
CONFERENTE / SUPERVISOR ,2026-08-24,186,0 days 00:00:42
CONFERENTE / SUPERVISOR ,2026-08-24,81,0 days 00:00:38
CONFERENTE / SUPERVISOR ,2026-08-24,180,0 days 00:00:05
CONFERENTE / SUPERVISOR ,2026-08-24,58,0 days 00:02:09
CONFERENTE / SUPERVISOR ,2026-08-24,61,0 days 00:01:07
CONFERENTE / SUPERVISOR ,2026-08-24,81,0 days 00:01:17
CONFERENTE / SUPERVISOR ,2026-08-24,84,0 days 00:01:08
CONFERENTE / SUPERVISOR ,2026-08-24,127,0 days 00:00:57
CONFERENTE / SUPERVISOR ,2026-08-24,175,0 days 00:00:19
CONFERENTE / SUPERVISOR ,2026-08-24,37,0 days 00:00:53
CONFERENTE / SUPERVISOR ,2026-08-24,264,0 days 00:00:04
CONFERENTE / SUPERVISOR ,2026-08-24,180,0 days 00:00:05
CONFERENTE / SUPERVISOR ,2026-08-24,12,0 days 00:03:07
CONFERENTE / SUPERVISOR ,2026-08-24,15,0 days 00:00:14
CONFERENTE / SUPERVISOR ,2026-08-24,95,0 days 00:02:20
CONFERENTE / SUPERVISOR ,2026-08-24,100,0 days 00:01:26
CONFERENTE / SUPERVISOR ,2026-08-24,63,0 days 00:02:00
CONFERENTE / SUPERVISOR ,2026-08-24,100,0 days 00:00:06
CONFERENTE / SUPERVISOR ,2026-08-24,264,0 days 00:00:06
CONFERENTE / SUPERVISOR ,2026-08-24,42,0 days 00:00:29
CONFERENTE / SUPERVISOR ,2026-08-24,100,0 days 00:00:04
CONFERENTE / SUPERVISOR ,2026-08-24,43,0 days 00:00:46
CONFERENTE / SUPERVISOR ,2026-08-24,29,0 days 00:01:03
CONFERENTE / SUPERVISOR ,2026-08-24,77,0 days 00:06:53
CONFERENTE / SUPERVISOR ,2026-08-24,62,0 days 00:00:49
CONFERENTE / SUPERVISOR ,2026-08-24,197,0 days 00:05:24
CONFERENTE / SUPERVISOR ,2026-08-24,64,0 days 00:01:04
CONFERENTE / SUPERVISOR ,2026-08-24,100,0 days 00:00:12
CONFERENTE / SUPERVISOR ,2026-08-24,67,0 days 00:00:50
CONFERENTE / SUPERVISOR ,2026-08-24,99,0 days 00:01:30
CONFERENTE / SUPERVISOR ,2026-08-24,110,0 days 00:07:13
CONFERENTE / SUPERVISOR ,2026-08-24,153,0 days 00:00:53
CONFERENTE / SUPERVISOR ,2026-08-24,1,0 days 00:00:05
CONFERENTE / SUPERVISOR ,2026-08-24,50,0 days 00:01:21
CONFERENTE / SUPERVISOR ,2026-08-24,96,0 days 00:02:39
CONFERENTE / SUPERVISOR ,2026-08-14,50,0 days 00:00:13
CONFERENTE / SUPERVISOR ,2026-08-14,46,0 days 00:00:06
CONFERENTE / SUPERVISOR ,2026-08-14,14,0 days 00:00:04
CONFERENTE / SUPERVISOR ,2026-08-14,100,0 days 00:00:04
CONFERENTE / SUPERVISOR ,2026-08-14,201,0 days 00:00:10
CONFERENTE / SUPERVISOR ,2026-08-14,180,0 days 00:00:08
CONFERENTE / SUPERVISOR ,2026-08-14,55,0 days 00:00:04
CONFERENTE / SUPERVISOR ,2026-08-14,184,0 days 00:00:04
CONFERENTE / SUPERVISOR ,2026-08-14,108,0 days 00:10:00
CONFERENTE / SUPERVISOR ,2026-08-14,46,0 days 00:02:21
CONFERENTE / SUPERVISOR ,2026-08-14,21,0 days 00:01:34
CONFERENTE / SUPERVISOR ,2026-08-14,21,0 days 00:00:23
CONFERENTE / SUPERVISOR ,2026-08-14,37,0 days 00:01:48
CONFERENTE / SUPERVISOR ,2026-08-14,17,0 days 00:03:32
CONFERENTE / SUPERVISOR ,2026-08-14,26,0 days 00:00:48
CONFERENTE / SUPERVISOR ,2026-08-14,42,0 days 00:03:05
CONFERENTE / SUPERVISOR ,2026-08-14,50,0 days 00:01:10
CONFERENTE / SUPERVISOR ,2026-08-14,80,0 days 00:00:05
CONFERENTE / SUPERVISOR ,2026-08-14,17,0 days 00:02:02
CONFERENTE / SUPERVISOR ,2026-08-14,121,0 days 00:00:13
CONFERENTE / SUPERVISOR ,2026-08-14,100,0 days 00:00:04
CONFERENTE / SUPERVISOR ,2026-08-14,29,0 days 00:00:03
CONFERENTE / SUPERVISOR ,2026-08-14,212,0 days 00:00:05
CONFERENTE / SUPERVISOR ,2026-08-14,36,0 days 00:00:04
CONFERENTE / SUPERVISOR ,2026-08-14,180,0 days 00:00:04
CONFERENTE / SUPERVISOR ,2026-08-14,74,0 days 00:00:05
CONFERENTE / SUPERVISOR ,2026-08-14,27,0 days 00:00:04
CONFERENTE / SUPERVISOR ,2026-08-14,34,0 days 00:00:05
CONFERENTE / SUPERVISOR ,2026-08-14,30,0 days 00:00:06
CONFERENTE / SUPERVISOR ,2026-08-14,31,0 days 00:00:04
CONFERENTE / SUPERVISOR ,2026-08-14,27,0 days 00:00:05
CONFERENTE / SUPERVISOR ,2026-08-14,180,0 days 00:00:03
CONFERENTE / SUPERVISOR ,2026-08-14,180,0 days 00:00:05
CONFERENTE / SUPERVISOR ,2026-08-14,181,0 days 00:00:03
CONFERENTE / SUPERVISOR ,2026-08-14,146,0 days 00:00:03
CONFERENTE / SUPERVISOR ,2026-08-14,62,0 days 00:00:04
CONFERENTE / SUPERVISOR ,2026-08-14,26,0 days 00:00:54
CONFERENTE / SUPERVISOR ,2026-08-14,19,0 days 00:01:23
CONFERENTE / SUPERVISOR ,2026-08-14,55,0 days 00:01:22
CONFERENTE / SUPERVISOR ,2026-08-14,18,0 days 00:00:54
CONFERENTE / SUPERVISOR ,2026-08-14,160,0 days 00:00:04
CONFERENTE / SUPERVISOR ,2026-08-14,99,0 days 00:00:04
CONFERENTE / SUPERVISOR ,2026-08-14,205,0 days 00:00:03
CONFERENTE / SUPERVISOR ,2026-08-14,81,0 days 00:00:04
CONFERENTE / SUPERVISOR ,2026-08-14,118,0 days 00:00:10
CONFERENTE / SUPERVISOR ,2026-08-14,68,0 days 00:00:07
CONFERENTE / SUPERVISOR ,2026-08-14,38,0 days 00:00:06
CONFERENTE / SUPERVISOR ,2026-08-14,73,0 days 00:00:03
CONFERENTE / SUPERVISOR ,2026-08-14,23,0 days 00:00:05
CONFERENTE / SUPERVISOR ,2026-08-14,53,0 days 00:01:57
CONFERENTE / SUPERVISOR ,2026-08-14,167,0 days 00:00:07
CONFERENTE / SUPERVISOR ,2026-08-14,193,0 days 00:00:07
CONFERENTE / SUPERVISOR ,2026-08-14,68,0 days 00:00:08
CONFERENTE / SUPERVISOR ,2026-08-14,28,0 days 00:00:04
CONFERENTE / SUPERVISOR ,2026-08-14,106,0 days 00:00:04
CONFERENTE / SUPERVISOR ,2026-08-14,89,0 days 00:00:04
CONFERENTE / SUPERVISOR ,2026-08-14,95,0 days 00:00:12
CONFERENTE / SUPERVISOR ,2026-08-14,71,0 days 00:00:04
CONFERENTE / SUPERVISOR ,2026-08-14,180,0 days 00:00:03
CONFERENTE / SUPERVISOR ,2026-08-14,16,0 days 00:00:08
CONFERENTE / SUPERVISOR ,2026-08-14,18,0 days 00:01:21
CONFERENTE / SUPERVISOR ,2026-08-25,150,0 days 00:03:07
CONFERENTE / SUPERVISOR ,2026-08-25,37,0 days 00:01:08
CONFERENTE / SUPERVISOR ,2026-08-25,180,0 days 00:00:03
CONFERENTE / SUPERVISOR ,2026-08-25,198,0 days 00:00:09
CONFERENTE / SUPERVISOR ,2026-08-25,78,0 days 00:07:13
CONFERENTE / SUPERVISOR ,2026-08-25,49,0 days 00:01:27
CONFERENTE / SUPERVISOR ,2026-08-25,82,0 days 00:02:24
CONFERENTE / SUPERVISOR ,2026-08-25,145,0 days 00:01:04
CONFERENTE / SUPERVISOR ,2026-08-25,71,0 days 00:01:25
CONFERENTE / SUPERVISOR ,2026-08-25,53,0 days 00:00:03
CONFERENTE / SUPERVISOR ,2026-08-25,24,0 days 00:00:05
CONFERENTE / SUPERVISOR ,2026-08-25,187,0 days 00:00:04
CONFERENTE / SUPERVISOR ,2026-08-25,132,0 days 00:00:05
CONFERENTE / SUPERVISOR ,2026-08-25,180,0 days 00:00:04
CONFERENTE / SUPERVISOR ,2026-08-25,45,0 days 00:00:03
CONFERENTE / SUPERVISOR ,2026-08-25,15,0 days 00:01:38
CONFERENTE / SUPERVISOR ,2026-08-25,48,0 days 00:00:44
CONFERENTE / SUPERVISOR ,2026-08-25,48,0 days 00:01:03
CONFERENTE / SUPERVISOR ,2026-08-25,61,0 days 00:01:18
CONFERENTE / SUPERVISOR ,2026-08-25,81,0 days 00:00:26
CONFERENTE / SUPERVISOR ,2026-08-25,179,0 days 00:01:38
CONFERENTE / SUPERVISOR ,2026-08-25,52,0 days 00:02:04
CONFERENTE / SUPERVISOR ,2026-08-25,171,0 days 00:00:08
CONFERENTE / SUPERVISOR ,2026-08-25,103,0 days 00:05:52
CONFERENTE / SUPERVISOR ,2026-08-25,80,0 days 00:01:10
CONFERENTE / SUPERVISOR ,2026-08-25,69,0 days 00:00:36
CONFERENTE / SUPERVISOR ,2026-08-25,55,0 days 00:01:25
CONFERENTE / SUPERVISOR ,2026-08-25,36,0 days 00:00:08
CONFERENTE / SUPERVISOR ,2026-08-25,4,0 days 00:00:09
CONFERENTE / SUPERVISOR ,2026-08-25,27,0 days 00:00:42
CONFERENTE / SUPERVISOR ,2026-08-25,180,0 days 00:00:37
CONFERENTE / SUPERVISOR ,2026-08-25,190,0 days 00:00:09
CONFERENTE / SUPERVISOR ,2026-08-25,180,0 days 00:00:05
CONFERENTE / SUPERVISOR ,2026-08-25,27,0 days 00:00:32
CONFERENTE / SUPERVISOR ,2026-08-25,59,0 days 00:00:53
CONFERENTE / SUPERVISOR ,2026-08-25,38,0 days 00:00:03
CONFERENTE / SUPERVISOR ,2026-08-25,51,0 days 00:00:03
CONFERENTE / SUPERVISOR ,2026-08-25,96,0 days 00:02:21
CONFERENTE / SUPERVISOR ,2026-08-25,32,0 days 00:00:11
CONFERENTE / SUPERVISOR ,2026-08-25,51,0 days 00:00:14
CONFERENTE / SUPERVISOR ,2026-08-25,42,0 days 00:01:06
CONFERENTE / SUPERVISOR ,2026-08-25,60,0 days 00:00:04
CONFERENTE / SUPERVISOR ,2026-08-25,180,0 days 00:00:07
CONFERENTE / SUPERVISOR ,2026-08-25,180,0 days 00:00:03
CONFERENTE / SUPERVISOR ,2026-08-25,100,0 days 00:00:04
CONFERENTE / SUPERVISOR ,2026-08-25,160,0 days 00:02:22
CONFERENTE / SUPERVISOR ,2026-08-25,264,0 days 00:00:05
CONFERENTE / SUPERVISOR ,2026-08-25,31,0 days 00:00:34
CONFERENTE / SUPERVISOR ,2026-08-25,85,0 days 00:01:02
CONFERENTE / SUPERVISOR ,2026-08-25,71,0 days 00:00:45
CONFERENTE / SUPERVISOR ,2026-08-25,88,0 days 00:03:14
CONFERENTE / SUPERVISOR ,2026-08-25,43,0 days 00:01:05
CONFERENTE / SUPERVISOR ,2026-08-25,88,0 days 00:00:56
CONFERENTE / SUPERVISOR ,2026-08-25,86,0 days 00:06:14
CONFERENTE / SUPERVISOR ,2026-08-25,47,0 days 00:00:03
CONFERENTE / SUPERVISOR ,2026-08-25,180,0 days 00:00:25
CONFERENTE / SUPERVISOR ,2026-08-25,100,0 days 00:00:04
CONFERENTE / SUPERVISOR ,2026-08-25,84,0 days 00:00:04
CONFERENTE / SUPERVISOR ,2026-08-25,88,0 days 00:00:05
CONFERENTE / SUPERVISOR ,2026-08-25,43,0 days 00:01:44
CONFERENTE / SUPERVISOR ,2026-08-25,52,0 days 00:01:38
CONFERENTE / SUPERVISOR ,2026-08-25,66,0 days 00:00:03
CONFERENTE / SUPERVISOR ,2026-08-25,75,0 days 00:00:04
CONFERENTE / SUPERVISOR ,2026-08-25,61,0 days 00:00:10
CONFERENTE / SUPERVISOR ,2026-08-25,58,0 days 00:00:04
CONFERENTE / SUPERVISOR ,2026-08-25,190,0 days 00:00:04
CONFERENTE / SUPERVISOR ,2026-08-25,180,0 days 00:00:05
CONFERENTE / SUPERVISOR ,2026-08-25,42,0 days 00:00:04
CONFERENTE / SUPERVISOR ,2026-08-25,118,0 days 00:00:04
CONFERENTE / SUPERVISOR ,2026-08-25,100,0 days 00:00:04
CONFERENTE / SUPERVISOR ,2026-08-25,43,0 days 00:00:03
CONFERENTE / SUPERVISOR ,2026-08-25,99,0 days 00:00:03
CONFERENTE / SUPERVISOR ,2026-08-25,56,0 days 00:00:17
CONFERENTE / SUPERVISOR ,2026-08-25,16,0 days 00:00:46
CONFERENTE / SUPERVISOR ,2026-08-25,2,0 days 00:00:03
CONFERENTE / SUPERVISOR ,2026-08-25,54,0 days 00:01:19
CONFERENTE / SUPERVISOR ,2026-08-25,84,0 days 00:01:29
CONFERENTE / SUPERVISOR ,2026-08-25,94,0 days 00:01:01
CONFERENTE / SUPERVISOR ,2026-08-25,57,0 days 00:01:23
CONFERENTE / SUPERVISOR ,2026-08-25,78,0 days 00:01:01
CONFERENTE / SUPERVISOR ,2026-08-25,100,0 days 00:01:23
CONFERENTE / SUPERVISOR ,2026-08-25,183,0 days 00:02:10
CONFERENTE / SUPERVISOR ,2026-08-25,101,0 days 00:00:04
CONFERENTE / SUPERVISOR ,2026-08-25,144,0 days 00:00:04
CONFERENTE / SUPERVISOR ,2026-08-25,63,0 days 00:00:03
CONFERENTE / SUPERVISOR ,2026-08-25,34,0 days 00:02:25
CONFERENTE / SUPERVISOR ,2026-08-25,74,0 days 00:00:04
CONFERENTE / SUPERVISOR ,2026-08-25,100,0 days 00:00:05
CONFERENTE / SUPERVISOR ,2026-08-25,100,0 days 00:00:05
CONFERENTE / SUPERVISOR ,2026-08-25,252,0 days 00:00:07
CONFERENTE / SUPERVISOR ,2026-08-25,60,0 days 00:00:07
CONFERENTE / SUPERVISOR ,2026-08-25,100,0 days 00:00:20
CONFERENTE / SUPERVISOR ,2026-08-25,120,0 days 00:00:34
CONFERENTE / SUPERVISOR ,2026-08-25,207,0 days 00:00:18
CONFERENTE / SUPERVISOR ,2026-08-25,264,0 days 00:00:31
CONFERENTE / SUPERVISOR ,2026-08-25,50,0 days 00:00:13
CONFERENTE / SUPERVISOR ,2026-08-25,247,0 days 00:04:55
CONFERENTE / SUPERVISOR ,2026-08-25,264,0 days 00:00:08
CONFERENTE / SUPERVISOR ,2026-08-25,252,0 days 00:00:05
CONFERENTE / SUPERVISOR ,2026-08-25,124,0 days 00:01:34
CONFERENTE / SUPERVISOR ,2026-08-25,66,0 days 00:00:12
CONFERENTE / SUPERVISOR ,2026-08-25,47,0 days 00:01:24
CONFERENTE / SUPERVISOR ,2026-08-25,90,0 days 00:00:41
CONFERENTE / SUPERVISOR ,2026-08-25,189,0 days 00:00:03
CONFERENTE / SUPERVISOR ,2026-08-25,100,0 days 00:00:03
CONFERENTE / SUPERVISOR ,2026-08-25,49,0 days 00:00:04
CONFERENTE / SUPERVISOR ,2026-08-25,114,0 days 00:00:04
CONFERENTE / SUPERVISOR ,2026-08-25,138,0 days 00:01:56
CONFERENTE / SUPERVISOR ,2026-08-25,19,0 days 00:01:21
CONFERENTE / SUPERVISOR ,2026-08-25,218,0 days 00:00:04
CONFERENTE / SUPERVISOR ,2026-08-25,180,0 days 00:00:09
CONFERENTE / SUPERVISOR ,2026-08-25,30,0 days 00:00:31
CONFERENTE / SUPERVISOR ,2026-08-25,99,0 days 00:02:08
CONFERENTE / SUPERVISOR ,2026-08-25,49,0 days 00:01:38
CONFERENTE / SUPERVISOR ,2026-08-25,252,0 days 00:00:21
CONFERENTE / SUPERVISOR ,2026-08-25,124,0 days 00:02:33
CONFERENTE / SUPERVISOR ,2026-08-25,100,0 days 00:00:15
CONFERENTE / SUPERVISOR ,2026-08-25,146,0 days 00:01:40
CONFERENTE / SUPERVISOR ,2026-08-25,28,0 days 00:00:15
CONFERENTE / SUPERVISOR ,2026-08-25,100,0 days 00:00:04
CONFERENTE / SUPERVISOR ,2026-08-25,100,0 days 00:00:05
CONFERENTE / SUPERVISOR ,2026-08-25,38,0 days 00:00:45
CONFERENTE / SUPERVISOR ,2026-08-25,100,0 days 00:00:05
CONFERENTE / SUPERVISOR ,2026-08-25,258,0 days 00:00:03
CONFERENTE / SUPERVISOR ,2026-08-25,120,0 days 00:00:04
CONFERENTE / SUPERVISOR ,2026-08-25,100,0 days 00:02:50
CONFERENTE / SUPERVISOR ,2026-08-25,252,0 days 00:00:04
CONFERENTE / SUPERVISOR ,2026-08-25,100,0 days 00:00:04
CONFERENTE / SUPERVISOR ,2026-08-25,264,0 days 00:00:04
CONFERENTE / SUPERVISOR ,2026-08-25,39,0 days 00:00:04
CONFERENTE / SUPERVISOR ,2026-08-25,51,0 days 00:00:04
CONFERENTE / SUPERVISOR ,2026-08-25,49,0 days 00:00:52
CONFERENTE / SUPERVISOR ,2026-08-25,37,0 days 00:02:34
CONFERENTE / SUPERVISOR ,2026-08-25,100,0 days 00:00:04
CONFERENTE / SUPERVISOR ,2026-08-25,45,0 days 00:00:05
CONFERENTE / SUPERVISOR ,2026-08-25,252,0 days 00:00:08
CONFERENTE / SUPERVISOR ,2026-08-25,154,0 days 00:00:05
CONFERENTE / SUPERVISOR ,2026-08-25,100,0 days 00:00:06
CONFERENTE / SUPERVISOR ,2026-08-25,264,0 days 00:00:05
CONFERENTE / SUPERVISOR ,2026-08-25,50,0 days 00:00:43
CONFERENTE / SUPERVISOR ,2026-08-25,51,0 days 00:01:43
CONFERENTE / SUPERVISOR ,2026-08-25,37,0 days 00:00:55
CONFERENTE / SUPERVISOR ,2026-08-25,53,0 days 00:01:00
CONFERENTE / SUPERVISOR ,2026-08-25,71,0 days 00:00:44
CONFERENTE / SUPERVISOR ,2026-08-25,18,0 days 00:00:07
CONFERENTE / SUPERVISOR ,2026-08-25,11,0 days 00:01:23
CONFERENTE / SUPERVISOR ,2026-08-25,28,0 days 00:01:06
CONFERENTE / SUPERVISOR ,2026-08-25,198,0 days 00:00:04
CONFERENTE / SUPERVISOR ,2026-08-25,180,0 days 00:00:04
CONFERENTE / SUPERVISOR ,2026-08-25,56,0 days 00:00:48
CONFERENTE / SUPERVISOR ,2026-08-25,58,0 days 00:00:36
CONFERENTE / SUPERVISOR ,2026-08-25,69,0 days 00:01:04
Filial C.M,2026-09-01,56,0 days 00:00:04
Filial C.M,2026-09-01,76,0 days 00:00:03
Filial C.M,2026-09-01,61,0 days 00:00:03
Filial C.M,2026-09-01,133,0 days 00:00:04
Filial C.M,2026-09-01,237,0 days 00:00:43
Filial C.M,2026-09-01,38,0 days 00:00:15
Filial C.M,2026-09-01,44,0 days 00:00:03
Filial C.M,2026-09-01,47,0 days 00:00:05
Filial C.M,2026-09-01,56,0 days 00:01:27
Filial C.M,2026-09-01,19,0 days 00:00:05
Filial C.M,2026-09-01,77,0 days 00:00:04
Filial C.M,2026-09-01,101,0 days 00:00:03
Filial C.M,2026-09-01,100,0 days 00:00:40
Filial C.M,2026-09-01,40,0 days 00:00:04
Filial C.M,2026-09-01,2,0 days 00:00:08
Filial C.M,2026-09-01,113,0 days 00:00:04
Filial C.M,2026-09-01,49,0 days 00:00:03
Filial C.M,2026-09-01,131,0 days 00:00:04
Filial C.M,2026-09-01,50,0 days 00:00:07
Filial C.M,2026-09-01,176,0 days 00:00:28
Filial C.M,2026-09-01,109,0 days 00:00:03
Filial C.M,2026-09-01,125,0 days 00:04:38
Filial C.M,2026-09-01,146,0 days 00:00:21
Filial C.M,2026-09-01,100,0 days 00:00:04
Filial C.M,2026-09-01,100,0 days 00:00:03
Filial C.M,2026-09-01,92,0 days 00:04:17
Filial C.M,2026-09-01,2,0 days 00:00:39
Filial C.M,2026-09-01,83,0 days 00:01:21
Filial C.M,2026-09-01,76,0 days 00:01:03
Filial C.M,2026-09-01,97,0 days 00:00:40
Filial C.M,2026-09-01,79,0 days 00:00:03
Filial C.M,2026-09-01,129,0 days 00:00:18
Filial C.M,2026-09-01,50,0 days 00:00:21
Filial C.M,2026-09-01,20,0 days 00:00:03
Filial C.M,2026-09-01,5,0 days 00:00:08
Filial C.M,2026-09-01,25,0 days 00:00:04
Filial C.M,2026-09-01,11,0 days 00:00:03
Filial C.M,2026-09-01,180,0 days 00:00:03
Filial C.M,2026-09-01,180,0 days 00:00:03
Filial C.M,2026-09-01,21,0 days 00:00:04
Filial C.M,2026-09-01,27,0 days 00:00:03
Filial C.M,2026-09-01,103,0 days 00:00:48
Filial C.M,2026-09-01,83,0 days 00:01:21
Filial C.M,2026-09-01,85,0 days 00:01:14
Filial C.M,2026-09-01,19,0 days 00:00:03
Filial C.M,2026-09-01,203,0 days 00:02:04
Filial C.M,2026-09-01,63,0 days 00:00:04
Filial C.M,2026-09-01,100,0 days 00:00:04
Filial C.M,2026-09-01,36,0 days 00:00:43
Filial C.M,2026-09-01,54,0 days 00:00:04
Filial C.M,2026-09-01,112,0 days 00:00:04
Filial C.M,2026-09-01,180,0 days 00:00:04
Filial C.M,2026-09-01,98,0 days 00:00:04
Filial C.M,2026-09-01,98,0 days 00:00:04
Filial C.M,2026-09-01,22,0 days 00:01:00
Filial C.M,2026-09-01,101,0 days 00:00:50
Filial C.M,2026-09-01,237,0 days 00:01:04
Filial C.M,2026-09-01,23,0 days 00:00:03
Filial C.M,2026-09-01,121,0 days 00:01:47
Filial C.M,2026-09-01,30,0 days 00:00:36
Filial C.M,2026-09-01,68,0 days 00:01:27
Filial C.M,2026-09-01,30,0 days 00:02:52
Filial C.M,2026-09-01,85,0 days 00:01:57
Filial C.M,2026-09-01,64,0 days 00:00:10
Filial C.M,2026-09-01,189,0 days 00:01:16
Filial C.M,2026-09-01,60,0 days 00:00:04
Filial C.M,2026-09-01,63,0 days 00:00:04
Filial C.M,2026-09-01,122,0 days 00:00:04
Filial C.M,2026-09-01,100,0 days 00:00:04
Filial C.M,2026-09-01,170,0 days 00:00:03
Filial C.M,2026-09-01,16,0 days 00:00:11
Filial C.M,2026-09-01,175,0 days 00:00:48
Filial C.M,2026-09-01,62,0 days 00:00:12
Filial C.M,2026-09-01,9,0 days 00:00:56
Filial C.M,2026-09-01,19,0 days 00:01:44
Filial C.M,2026-09-01,180,0 days 00:00:05
Filial C.M,2026-09-01,52,0 days 00:01:33
Filial C.M,2026-09-01,60,0 days 00:01:00
Filial C.M,2026-09-01,264,0 days 00:00:04
Filial C.M,2026-09-01,134,0 days 00:00:14
Filial C.M,2026-09-01,53,0 days 00:02:12
Filial C.M,2026-09-01,79,0 days 00:05:17
Filial C.M,2026-09-01,100,0 days 00:02:43
Filial C.M,2026-09-01,29,0 days 00:00:43
Filial C.M,2026-09-01,38,0 days 00:02:09
Filial C.M,2026-09-01,42,0 days 00:02:16
Filial C.M,2026-09-01,180,0 days 00:01:12
Filial C.M,2026-09-01,59,0 days 00:04:32
Filial C.M,2026-09-01,47,0 days 00:02:08
Filial C.M,2026-09-01,165,0 days 00:00:04
Filial C.M,2026-09-01,152,0 days 00:00:04
Filial C.M,2026-09-01,100,0 days 00:00:12
Filial C.M,2026-09-01,32,0 days 00:01:03
Filial C.M,2026-09-01,49,0 days 00:01:57
Filial C.M,2026-09-01,94,0 days 00:02:33
Filial C.M,2026-09-01,81,0 days 00:02:07
Filial C.M,2026-09-01,96,0 days 00:01:08
Filial C.M,2026-09-01,32,0 days 00:03:54
Filial C.M,2026-09-01,100,0 days 00:00:07
Filial C.M,2026-09-01,59,0 days 00:02:33
Filial C.M,2026-09-01,180,0 days 00:00:03
Filial C.M,2026-09-01,198,0 days 00:00:03
Filial C.M,2026-09-01,140,0 days 00:00:03
Filial C.M,2026-09-01,66,0 days 00:01:36
Filial C.M,2026-09-01,73,0 days 00:00:31
Filial C.M,2026-09-01,100,0 days 00:00:44
Filial C.M,2026-09-01,180,0 days 00:00:04
Filial C.M,2026-09-01,66,0 days 00:00:16
Filial C.M,2026-09-01,50,0 days 00:00:32
Filial C.M,2026-09-01,42,0 days 00:00:24
CONFERENTE / SUPERVISOR ,2026-08-26,7,0 days 00:00:44
CONFERENTE / SUPERVISOR ,2026-08-26,27,0 days 00:00:35
CONFERENTE / SUPERVISOR ,2026-08-26,41,0 days 00:02:05
CONFERENTE / SUPERVISOR ,2026-08-26,27,0 days 00:00:59
CONFERENTE / SUPERVISOR ,2026-08-26,100,0 days 00:01:05
CONFERENTE / SUPERVISOR ,2026-08-26,42,0 days 00:02:11
CONFERENTE / SUPERVISOR ,2026-08-26,124,0 days 00:02:24
CONFERENTE / SUPERVISOR ,2026-08-26,40,0 days 00:00:45
CONFERENTE / SUPERVISOR ,2026-08-26,136,0 days 00:01:59
CONFERENTE / SUPERVISOR ,2026-08-26,252,0 days 00:00:04
CONFERENTE / SUPERVISOR ,2026-08-26,100,0 days 00:00:03
CONFERENTE / SUPERVISOR ,2026-08-26,54,0 days 00:01:30
CONFERENTE / SUPERVISOR ,2026-08-26,103,0 days 00:00:52
CONFERENTE / SUPERVISOR ,2026-08-26,100,0 days 00:01:26
CONFERENTE / SUPERVISOR ,2026-08-26,89,0 days 00:00:52
CONFERENTE / SUPERVISOR ,2026-08-26,49,0 days 00:02:27
CONFERENTE / SUPERVISOR ,2026-08-26,188,0 days 00:01:50
CONFERENTE / SUPERVISOR ,2026-08-26,43,0 days 00:01:04
CONFERENTE / SUPERVISOR ,2026-08-26,100,0 days 00:00:25
CONFERENTE / SUPERVISOR ,2026-08-26,115,0 days 00:00:55
CONFERENTE / SUPERVISOR ,2026-08-26,143,0 days 00:04:18
CONFERENTE / SUPERVISOR ,2026-08-26,195,0 days 00:00:39
CONFERENTE / SUPERVISOR ,2026-08-26,100,0 days 00:00:03
CONFERENTE / SUPERVISOR ,2026-08-26,96,0 days 00:02:14
CONFERENTE / SUPERVISOR ,2026-08-26,100,0 days 00:00:51
CONFERENTE / SUPERVISOR ,2026-08-26,111,0 days 00:01:49
CONFERENTE / SUPERVISOR ,2026-08-26,30,0 days 00:00:37
CONFERENTE / SUPERVISOR ,2026-08-26,138,0 days 00:05:22
CONFERENTE / SUPERVISOR ,2026-08-26,65,0 days 00:01:08
CONFERENTE / SUPERVISOR ,2026-08-26,67,0 days 00:00:30
CONFERENTE / SUPERVISOR ,2026-08-26,71,0 days 00:00:08
CONFERENTE / SUPERVISOR ,2026-08-26,80,0 days 00:00:26
CONFERENTE / SUPERVISOR ,2026-08-26,50,0 days 00:01:13
CONFERENTE / SUPERVISOR ,2026-08-26,191,0 days 00:00:34
CONFERENTE / SUPERVISOR ,2026-08-26,100,0 days 00:02:32
CONFERENTE / SUPERVISOR ,2026-08-26,112,0 days 00:01:13
CONFERENTE / SUPERVISOR ,2026-08-26,70,0 days 00:01:33
CONFERENTE / SUPERVISOR ,2026-08-26,22,0 days 00:00:18
CONFERENTE / SUPERVISOR ,2026-08-26,117,0 days 00:00:42
CONFERENTE / SUPERVISOR ,2026-08-26,135,0 days 00:01:30
CONFERENTE / SUPERVISOR ,2026-08-26,161,0 days 00:00:38
CONFERENTE / SUPERVISOR ,2026-08-26,252,0 days 00:00:05
CONFERENTE / SUPERVISOR ,2026-08-26,93,0 days 00:03:11
CONFERENTE / SUPERVISOR ,2026-08-26,138,0 days 00:02:34
CONFERENTE / SUPERVISOR ,2026-08-26,105,0 days 00:07:10
CONFERENTE / SUPERVISOR ,2026-08-26,156,0 days 00:03:58
CONFERENTE / SUPERVISOR ,2026-08-26,261,0 days 00:02:05
CONFERENTE / SUPERVISOR ,2026-08-26,14,0 days 00:00:20
CONFERENTE / SUPERVISOR ,2026-08-26,26,0 days 00:01:01
CONFERENTE / SUPERVISOR ,2026-08-26,75,0 days 00:02:57
CONFERENTE / SUPERVISOR ,2026-08-26,147,0 days 00:01:49
CONFERENTE / SUPERVISOR ,2026-08-26,65,0 days 00:02:12
CONFERENTE / SUPERVISOR ,2026-08-26,72,0 days 00:00:10
CONFERENTE / SUPERVISOR ,2026-08-26,10,0 days 00:00:18
CONFERENTE / SUPERVISOR ,2026-08-26,27,0 days 00:01:13
CONFERENTE / SUPERVISOR ,2026-08-26,32,0 days 00:00:34
CONFERENTE / SUPERVISOR ,2026-08-26,35,0 days 00:00:33
CONFERENTE / SUPERVISOR ,2026-08-26,45,0 days 00:01:19
CONFERENTE / SUPERVISOR ,2026-08-26,50,0 days 00:01:00
CONFERENTE / SUPERVISOR ,2026-08-26,171,0 days 00:01:45
CONFERENTE / SUPERVISOR ,2026-08-26,114,0 days 00:01:59
CONFERENTE / SUPERVISOR ,2026-08-26,17,0 days 00:00:17
CONFERENTE / SUPERVISOR ,2026-08-26,59,0 days 00:01:45
CONFERENTE / SUPERVISOR ,2026-08-26,8,0 days 00:00:10
CONFERENTE / SUPERVISOR ,2026-08-26,33,0 days 00:01:27
CONFERENTE / SUPERVISOR ,2026-08-26,85,0 days 00:01:46
CONFERENTE / SUPERVISOR ,2026-08-26,71,0 days 00:00:38
CONFERENTE / SUPERVISOR ,2026-08-26,99,0 days 00:01:26
CONFERENTE / SUPERVISOR ,2026-08-26,100,0 days 00:00:04
CONFERENTE / SUPERVISOR ,2026-08-26,198,0 days 00:00:07
CONFERENTE / SUPERVISOR ,2026-08-26,180,0 days 00:00:03
CONFERENTE / SUPERVISOR ,2026-08-26,115,0 days 00:00:09
CONFERENTE / SUPERVISOR ,2026-08-26,191,0 days 00:01:20
CONFERENTE / SUPERVISOR ,2026-08-26,100,0 days 00:00:11
CONFERENTE / SUPERVISOR ,2026-08-26,114,0 days 00:00:26
CONFERENTE / SUPERVISOR ,2026-08-26,126,0 days 00:01:26
CONFERENTE / SUPERVISOR ,2026-08-26,153,0 days 00:02:05
CONFERENTE / SUPERVISOR ,2026-08-26,180,0 days 00:00:04
CONFERENTE / SUPERVISOR ,2026-08-26,180,0 days 00:00:04
CONFERENTE / SUPERVISOR ,2026-08-26,43,0 days 00:02:02
CONFERENTE / SUPERVISOR ,2026-08-26,54,0 days 00:00:53
CONFERENTE / SUPERVISOR ,2026-08-26,68,0 days 00:01:00
CONFERENTE / SUPERVISOR ,2026-08-26,1,0 days 00:00:07
CONFERENTE / SUPERVISOR ,2026-08-26,53,0 days 00:02:37
CONFERENTE / SUPERVISOR ,2026-08-26,64,0 days 00:01:16
CONFERENTE / SUPERVISOR ,2026-08-26,122,0 days 00:04:21
CONFERENTE / SUPERVISOR ,2026-08-26,100,0 days 00:02:47
CONFERENTE / SUPERVISOR ,2026-08-26,128,0 days 00:00:14
CONFERENTE / SUPERVISOR ,2026-08-26,130,0 days 00:03:29
CONFERENTE / SUPERVISOR ,2026-08-26,100,0 days 00:00:04
CONFERENTE / SUPERVISOR ,2026-08-26,5,0 days 00:00:14
CONFERENTE / SUPERVISOR ,2026-08-26,19,0 days 00:00:47
Filial C.M,2026-08-27,147,0 days 00:00:15
Filial C.M,2026-08-27,9,0 days 00:00:13
Filial C.M,2026-08-27,6,0 days 00:00:31
Filial C.M,2026-08-27,165,0 days 00:00:23
Filial C.M,2026-08-27,12,0 days 00:00:10
Filial C.M,2026-08-27,95,0 days 00:00:22
Filial C.M,2026-08-27,25,0 days 00:00:50
Filial C.M,2026-08-27,121,0 days 00:00:03
Filial C.M,2026-08-27,43,0 days 00:02:13
Filial C.M,2026-08-27,29,0 days 00:00:48
Filial C.M,2026-08-27,74,0 days 00:01:23
Filial C.M,2026-08-27,156,0 days 00:03:39
Filial C.M,2026-08-27,96,0 days 00:02:19
Filial C.M,2026-08-27,80,0 days 00:00:04
Filial C.M,2026-08-27,32,0 days 00:00:31
Filial C.M,2026-08-27,36,0 days 00:01:12
Filial C.M,2026-08-27,108,0 days 00:01:13
Filial C.M,2026-08-27,100,0 days 00:01:01
Filial C.M,2026-08-27,153,0 days 00:00:56
Filial C.M,2026-08-27,127,0 days 00:01:14
Filial C.M,2026-08-27,63,0 days 00:02:51
Filial C.M,2026-08-27,180,0 days 00:00:05
Filial C.M,2026-08-27,180,0 days 00:00:06
Filial C.M,2026-08-27,198,0 days 00:00:05
Filial C.M,2026-08-27,51,0 days 00:01:09
Filial C.M,2026-08-27,97,0 days 00:03:50
Filial C.M,2026-08-27,100,0 days 00:00:05
Filial C.M,2026-08-27,198,0 days 00:00:04
Filial C.M,2026-08-27,99,0 days 00:01:15
Filial C.M,2026-08-27,99,0 days 00:01:00
Filial C.M,2026-08-27,144,0 days 00:02:27
Filial C.M,2026-08-27,146,0 days 00:00:26
Filial C.M,2026-08-27,25,0 days 00:01:15
Filial C.M,2026-08-27,40,0 days 00:00:36
Filial C.M,2026-08-27,79,0 days 00:04:03
Filial C.M,2026-08-27,20,0 days 00:01:09
Filial C.M,2026-08-27,29,0 days 00:01:05
Filial C.M,2026-08-27,100,0 days 00:00:12
Filial C.M,2026-08-27,33,0 days 00:01:02
Filial C.M,2026-08-27,62,0 days 00:00:46
Filial C.M,2026-08-27,63,0 days 00:01:43
Filial C.M,2026-08-27,69,0 days 00:01:01
Filial C.M,2026-08-27,70,0 days 00:00:11
Filial C.M,2026-08-27,62,0 days 00:01:14
Filial C.M,2026-08-27,108,0 days 00:00:07
Filial C.M,2026-08-27,81,0 days 00:00:04
Filial C.M,2026-08-27,180,0 days 00:00:04
Filial C.M,2026-08-27,198,0 days 00:00:06
Filial C.M,2026-08-27,23,0 days 00:01:20
Filial C.M,2026-08-27,35,0 days 00:02:18
Filial C.M,2026-08-27,47,0 days 00:01:21
Filial C.M,2026-08-27,87,0 days 00:03:11
Filial C.M,2026-08-27,125,0 days 00:02:48
Filial C.M,2026-08-27,74,0 days 00:02:34
Filial C.M,2026-08-27,87,0 days 00:00:06
Filial C.M,2026-08-27,144,0 days 00:01:36
Filial C.M,2026-08-27,177,0 days 00:01:11
Filial C.M,2026-08-27,66,0 days 00:03:39
Filial C.M,2026-08-27,100,0 days 00:01:14
Filial C.M,2026-08-27,12,0 days 00:00:23
Filial C.M,2026-08-27,112,0 days 00:00:13
Filial C.M,2026-08-27,152,0 days 00:02:21
Filial C.M,2026-08-27,224,0 days 00:00:40
Filial C.M,2026-08-27,1,0 days 00:00:07
Filial C.M,2026-08-27,81,0 days 00:00:24
Filial C.M,2026-08-27,180,0 days 00:00:04
Filial C.M,2026-08-27,93,0 days 00:01:59
Filial C.M,2026-08-27,98,0 days 00:00:42
Filial C.M,2026-08-27,162,0 days 00:01:25
Filial C.M,2026-08-27,58,0 days 00:01:20
Filial C.M,2026-08-27,80,0 days 00:01:56
Filial C.M,2026-08-27,91,0 days 00:00:51
Filial C.M,2026-08-27,104,0 days 00:00:44
Filial C.M,2026-08-27,14,0 days 00:00:23
Filial C.M,2026-08-27,22,0 days 00:00:41
Filial C.M,2026-08-27,45,0 days 00:00:23
Filial C.M,2026-08-27,109,0 days 00:00:13
Filial C.M,2026-08-27,64,0 days 00:01:16
Filial C.M,2026-08-27,22,0 days 00:00:04
Filial C.M,2026-08-27,23,0 days 00:00:36
Filial C.M,2026-08-27,100,0 days 00:00:03
Filial C.M,2026-08-27,100,0 days 00:00:03
Filial C.M,2026-08-27,28,0 days 00:00:03
Filial C.M,2026-08-27,60,0 days 00:00:29
Filial C.M,2026-08-27,112,0 days 00:00:41
Filial C.M,2026-08-27,64,0 days 00:03:18
Filial C.M,2026-08-27,120,0 days 00:00:05
Filial C.M,2026-08-27,134,0 days 00:00:04
Filial C.M,2026-08-27,100,0 days 00:00:03
Filial C.M,2026-08-27,100,0 days 00:00:04
Filial C.M,2026-08-27,78,0 days 00:01:51
Filial C.M,2026-08-27,42,0 days 00:01:54
Filial C.M,2026-08-27,45,0 days 00:00:40
Filial C.M,2026-08-27,93,0 days 00:00:55
Filial C.M,2026-08-27,97,0 days 00:01:43
Filial C.M,2026-08-27,145,0 days 00:02:05
Filial C.M,2026-08-27,148,0 days 00:03:12
ROADSHOW,2026-08-28,56,0 days 00:00:19
ROADSHOW,2026-08-28,141,0 days 00:00:10
ROADSHOW,2026-08-28,155,0 days 00:00:07
ROADSHOW,2026-08-28,27,0 days 00:01:01
ROADSHOW,2026-08-28,29,0 days 00:00:21
ROADSHOW,2026-08-28,30,0 days 00:00:30
ROADSHOW,2026-08-28,43,0 days 00:00:41
ROADSHOW,2026-08-28,38,0 days 00:00:09
CONFERENTE / SUPERVISOR ,2026-08-28,4,0 days 00:00:07
CONFERENTE / SUPERVISOR ,2026-08-28,1,0 days 00:00:06
CONFERENTE / SUPERVISOR ,2026-08-28,4,0 days 00:00:07
CONFERENTE / SUPERVISOR ,2026-08-28,4,0 days 00:00:11
Filial C.M,2026-09-02,55,0 days 00:00:32
Filial C.M,2026-09-02,109,0 days 00:00:03
Filial C.M,2026-09-02,100,0 days 00:00:04
Filial C.M,2026-09-02,37,0 days 00:00:04
Filial C.M,2026-09-02,64,0 days 00:00:04
Filial PPR,2026-09-02,172,0 days 00:01:16
Filial PPR,2026-09-02,66,0 days 00:00:57
Filial PPR,2026-09-02,243,0 days 00:01:35
Filial C.M,2026-09-04,88,0 days 00:00:04
Filial C.M,2026-09-04,42,0 days 00:01:39
Filial C.M,2026-09-04,80,0 days 00:00:04
Filial C.M,2026-09-04,189,0 days 00:00:03
Filial C.M,2026-09-04,46,0 days 00:00:44
Filial C.M,2026-09-04,115,0 days 00:03:50
Filial C.M,2026-09-04,76,0 days 00:00:11
Filial C.M,2026-09-04,31,0 days 00:00:54
Filial C.M,2026-09-04,39,0 days 00:01:58
Filial C.M,2026-09-04,100,0 days 00:04:12
Filial C.M,2026-09-04,69,0 days 00:00:04
Filial C.M,2026-09-04,99,0 days 00:00:50
Filial C.M,2026-09-04,100,0 days 00:00:32
Filial C.M,2026-09-04,100,0 days 00:00:08
Filial C.M,2026-09-04,191,0 days 00:04:17
Filial C.M,2026-09-04,24,0 days 00:00:39
Filial C.M,2026-09-04,40,0 days 00:00:10
Filial C.M,2026-09-04,55,0 days 00:01:58
Filial C.M,2026-09-04,34,0 days 00:00:53
Filial C.M,2026-09-04,96,0 days 00:02:24
Filial C.M,2026-09-04,100,0 days 00:00:41
Filial C.M,2026-09-04,173,0 days 00:06:09
Filial C.M,2026-09-04,69,0 days 00:01:18
Filial C.M,2026-09-04,8,0 days 00:00:10
Filial C.M,2026-09-04,130,0 days 00:04:43
Filial C.M,2026-09-04,100,0 days 00:00:03
Filial C.M,2026-09-04,128,0 days 00:02:15
Filial C.M,2026-09-04,59,0 days 00:00:03
Filial C.M,2026-09-04,97,0 days 00:01:10
Filial C.M,2026-09-04,42,0 days 00:00:07
Filial C.M,2026-09-04,81,0 days 00:00:08
Filial C.M,2026-09-04,70,0 days 00:00:07
Filial C.M,2026-09-04,91,0 days 00:03:34
Filial C.M,2026-09-04,113,0 days 00:00:14
Filial C.M,2026-09-04,158,0 days 00:06:13
Filial C.M,2026-09-04,76,0 days 00:00:04
Filial C.M,2026-09-04,100,0 days 00:00:09
Filial C.M,2026-09-04,191,0 days 00:00:03
Filial C.M,2026-09-04,95,0 days 00:00:04
Filial C.M,2026-09-04,160,0 days 00:01:24
Filial C.M,2026-09-04,32,0 days 00:00:44
Filial C.M,2026-09-04,32,0 days 00:00:04
Filial C.M,2026-09-04,80,0 days 00:00:20
Filial C.M,2026-09-04,113,0 days 00:02:11
Filial C.M,2026-09-04,44,0 days 00:00:40
Filial C.M,2026-09-04,59,0 days 00:00:58
Filial C.M,2026-09-04,81,0 days 00:02:53
Filial C.M,2026-09-04,93,0 days 00:03:26
Filial C.M,2026-09-04,110,0 days 00:01:41
Filial C.M,2026-09-04,157,0 days 00:00:12
Filial C.M,2026-09-04,96,0 days 00:02:11
Filial C.M,2026-09-04,184,0 days 00:02:13
Filial C.M,2026-09-04,29,0 days 00:00:23
Filial C.M,2026-09-04,100,0 days 00:00:08
Filial C.M,2026-09-04,10,0 days 00:00:16
Filial C.M,2026-09-04,15,0 days 00:00:11
Filial C.M,2026-09-04,108,0 days 00:03:51
Filial C.M,2026-09-04,135,0 days 00:01:58
Filial C.M,2026-09-03,56,0 days 00:01:00
Filial C.M,2026-09-03,45,0 days 00:00:31
Filial C.M,2026-09-03,4,0 days 00:00:53
Filial C.M,2026-09-03,112,0 days 00:00:05
Filial C.M,2026-09-03,14,0 days 00:00:05
Filial C.M,2026-09-03,58,0 days 00:00:04
Filial C.M,2026-09-03,180,0 days 00:00:04
Filial C.M,2026-09-03,180,0 days 00:00:34
Filial C.M,2026-09-03,180,0 days 00:00:03
Filial C.M,2026-09-03,52,0 days 00:01:07
Filial C.M,2026-09-03,99,0 days 00:00:47
Filial C.M,2026-09-03,71,0 days 00:06:04
Filial C.M,2026-09-03,82,0 days 00:01:57
Filial C.M,2026-09-03,64,0 days 00:02:04
Filial C.M,2026-09-03,98,0 days 00:02:40
Filial C.M,2026-09-03,156,0 days 00:01:20
Filial C.M,2026-09-03,74,0 days 00:01:52
Filial C.M,2026-09-03,50,0 days 00:00:39
Filial C.M,2026-09-03,38,0 days 00:01:07
Filial C.M,2026-09-03,137,0 days 00:00:07
Filial C.M,2026-09-03,204,0 days 00:00:04
Filial C.M,2026-09-03,9,0 days 00:00:04
Filial C.M,2026-09-03,3,0 days 00:00:41
Filial C.M,2026-09-03,35,0 days 00:00:24
Filial C.M,2026-09-03,95,0 days 00:03:24
Filial C.M,2026-09-03,12,0 days 00:01:01
Filial C.M,2026-09-03,12,0 days 00:01:30
Filial C.M,2026-09-03,81,0 days 00:00:04
Filial C.M,2026-09-03,14,0 days 00:00:03
Filial C.M,2026-09-03,36,0 days 00:02:04
Filial C.M,2026-09-03,109,0 days 00:02:37
Filial C.M,2026-09-03,56,0 days 00:00:24
Filial C.M,2026-09-03,88,0 days 00:03:19
Filial C.M,2026-09-03,6,0 days 00:00:41
Filial C.M,2026-09-03,86,0 days 00:01:33
Filial C.M,2026-09-03,114,0 days 00:03:59
Filial C.M,2026-09-03,47,0 days 00:02:07
Filial C.M,2026-09-03,96,0 days 00:03:33
Filial C.M,2026-09-03,198,0 days 00:00:13
Filial C.M,2026-09-03,198,0 days 00:00:07
Filial C.M,2026-09-03,198,0 days 00:00:05
Filial C.M,2026-09-03,156,0 days 00:00:27
Filial C.M,2026-09-03,100,0 days 00:00:52
Filial C.M,2026-09-03,2,0 days 00:00:06
Filial C.M,2026-09-03,87,0 days 00:00:04
Filial C.M,2026-09-03,50,0 days 00:00:04
Filial C.M,2026-09-03,117,0 days 00:01:09
Filial C.M,2026-09-03,30,0 days 00:00:04
Filial C.M,2026-09-03,9,0 days 00:00:03
Filial C.M,2026-09-03,196,0 days 00:00:04
Filial C.M,2026-09-03,125,0 days 00:00:04
Filial C.M,2026-09-03,99,0 days 00:01:21
Filial C.M,2026-09-03,100,0 days 00:00:05
Filial C.M,2026-09-03,34,0 days 00:00:57
Filial C.M,2026-09-03,45,0 days 00:01:39
Filial C.M,2026-09-03,70,0 days 00:02:11
Filial C.M,2026-09-03,1,0 days 00:00:09
Filial C.M,2026-09-03,17,0 days 00:00:27
Filial C.M,2026-09-03,18,0 days 00:01:42
Filial C.M,2026-09-03,50,0 days 00:00:09
Filial C.M,2026-09-03,57,0 days 00:00:03
Filial C.M,2026-09-03,52,0 days 00:00:43
Filial C.M,2026-09-03,100,0 days 00:00:04
Filial C.M,2026-09-03,204,0 days 00:04:22
Filial C.M,2026-09-03,102,0 days 00:05:27
Filial C.M,2026-09-03,69,0 days 00:01:44
Filial C.M,2026-09-03,100,0 days 00:03:17
Filial C.M,2026-09-09,13,0 days 00:00:19
Filial C.M,2026-09-09,7,0 days 00:00:28
Filial C.M,2026-09-09,21,0 days 00:00:42
Filial C.M,2026-09-09,18,0 days 00:00:42
Filial C.M,2026-09-09,39,0 days 00:00:42
Filial C.M,2026-09-09,54,0 days 00:00:33
Filial C.M,2026-09-09,43,0 days 00:00:24
Filial C.M,2026-09-09,184,0 days 00:01:18
Filial C.M,2026-09-09,100,0 days 00:00:47
Filial C.M,2026-09-09,51,0 days 00:00:25
Filial C.M,2026-09-09,100,0 days 00:00:04
Filial C.M,2026-09-09,57,0 days 00:00:36
Filial C.M,2026-09-09,180,0 days 00:00:33
Filial C.M,2026-09-09,180,0 days 00:00:04
Filial C.M,2026-09-09,27,0 days 00:01:30
Filial C.M,2026-09-09,30,0 days 00:01:46
Filial C.M,2026-09-09,39,0 days 00:01:21
Filial C.M,2026-09-09,178,0 days 00:00:54
Filial C.M,2026-09-09,137,0 days 00:00:24
Filial C.M,2026-09-09,133,0 days 00:01:10
Filial C.M,2026-09-09,84,0 days 00:01:06
Filial C.M,2026-09-09,120,0 days 00:00:14
Filial C.M,2026-09-09,30,0 days 00:00:07
Filial C.M,2026-09-09,1,0 days 00:00:05
Filial C.M,2026-09-09,100,0 days 00:00:15
Filial C.M,2026-09-09,18,0 days 00:00:07
Filial C.M,2026-09-09,14,0 days 00:00:25
Filial C.M,2026-09-09,100,0 days 00:00:09
Filial C.M,2026-09-09,64,0 days 00:00:48
Filial C.M,2026-09-09,100,0 days 00:00:04
Filial C.M,2026-09-09,100,0 days 00:00:08
Filial C.M,2026-09-09,100,0 days 00:00:04
Filial C.M,2026-09-09,172,0 days 00:02:09
Filial C.M,2026-09-09,61,0 days 00:00:30
Filial C.M,2026-09-09,56,0 days 00:01:12
Filial C.M,2026-09-09,100,0 days 00:00:05
Filial C.M,2026-09-09,24,0 days 00:00:40
Filial C.M,2026-09-09,28,0 days 00:01:00
Filial C.M,2026-09-09,29,0 days 00:00:30
Filial C.M,2026-09-09,47,0 days 00:01:12
Filial C.M,2026-09-09,33,0 days 00:00:52
Filial C.M,2026-09-09,154,0 days 00:00:14
Filial C.M,2026-09-09,173,0 days 00:00:31
Filial C.M,2026-09-09,100,0 days 00:00:43
Filial C.M,2026-09-09,143,0 days 00:01:04
Filial C.M,2026-09-09,54,0 days 00:01:01
Filial C.M,2026-09-09,180,0 days 00:00:05
Filial C.M,2026-09-09,100,0 days 00:00:50
Filial C.M,2026-09-09,100,0 days 00:00:35
Filial C.M,2026-09-09,71,0 days 00:01:39
Filial C.M,2026-09-09,100,0 days 00:01:14
Filial C.M,2026-09-09,228,0 days 00:00:58
Filial C.M,2026-09-09,41,0 days 00:01:08
Filial C.M,2026-09-09,26,0 days 00:00:17
Filial C.M,2026-09-09,25,0 days 00:01:47
Filial C.M,2026-09-09,26,0 days 00:00:37
Filial C.M,2026-09-09,138,0 days 00:01:54
Filial C.M,2026-09-09,153,0 days 00:00:21
Filial C.M,2026-09-09,64,0 days 00:00:24
Filial C.M,2026-09-09,152,0 days 00:00:47
Filial C.M,2026-09-09,100,0 days 00:00:08
Filial C.M,2026-09-09,111,0 days 00:03:35
Filial C.M,2026-09-09,79,0 days 00:01:57
Filial C.M,2026-09-09,163,0 days 00:01:00
Filial C.M,2026-09-09,59,0 days 00:01:34
Filial C.M,2026-09-09,60,0 days 00:03:28
Filial C.M,2026-09-09,205,0 days 00:01:16
Filial C.M,2026-09-09,31,0 days 00:01:31
Filial C.M,2026-09-09,57,0 days 00:04:52
Filial C.M,2026-09-09,100,0 days 00:00:50
Filial C.M,2026-09-09,43,0 days 00:01:23
Filial C.M,2026-09-09,72,0 days 00:00:53
Filial C.M,2026-09-09,144,0 days 00:00:32
Filial C.M,2026-09-09,154,0 days 00:00:28
Filial C.M,2026-09-09,110,0 days 00:00:45
Filial C.M,2026-09-09,63,0 days 00:00:42
Filial C.M,2026-09-09,100,0 days 00:00:05
Filial C.M,2026-09-09,47,0 days 00:00:54
Filial C.M,2026-09-09,166,0 days 00:00:25
Filial C.M,2026-09-09,69,0 days 00:01:42
Filial C.M,2026-09-09,94,0 days 00:00:40
Filial C.M,2026-09-09,12,0 days 00:00:22
Filial C.M,2026-09-10,37,0 days 00:02:56
Filial C.M,2026-09-10,6,0 days 00:00:20
Filial C.M,2026-09-10,126,0 days 00:00:18
Filial C.M,2026-09-10,113,0 days 00:03:53
Filial C.M,2026-09-10,55,0 days 00:01:57
Filial C.M,2026-09-10,100,0 days 00:02:11
Filial C.M,2026-09-10,68,0 days 00:02:52
Filial C.M,2026-09-10,100,0 days 00:01:41
Filial C.M,2026-09-10,49,0 days 00:03:53
Filial C.M,2026-09-10,100,0 days 00:00:12
Filial C.M,2026-09-10,26,0 days 00:00:42
Filial C.M,2026-09-10,179,0 days 00:04:05
Filial C.M,2026-09-10,40,0 days 00:02:09
Filial C.M,2026-09-10,29,0 days 00:01:12
Filial C.M,2026-09-10,39,0 days 00:02:05
Filial C.M,2026-09-10,96,0 days 00:02:31
Filial C.M,2026-09-10,77,0 days 00:01:08
Filial C.M,2026-09-10,69,0 days 00:06:41
Filial C.M,2026-09-10,55,0 days 00:00:18
Filial C.M,2026-09-10,83,0 days 00:00:22
Filial C.M,2026-09-10,15,0 days 00:00:32
Filial C.M,2026-09-10,80,0 days 00:00:06
Filial C.M,2026-09-10,40,0 days 00:00:51
Filial C.M,2026-09-10,110,0 days 00:02:51
Filial C.M,2026-09-10,34,0 days 00:03:31
Filial C.M,2026-09-10,70,0 days 00:00:53
Filial C.M,2026-09-10,100,0 days 00:03:18
Filial C.M,2026-09-10,42,0 days 00:00:09
Filial C.M,2026-09-10,134,0 days 00:01:13
Filial C.M,2026-09-10,100,0 days 00:02:54
Filial C.M,2026-09-10,7,0 days 00:00:46
Filial C.M,2026-09-10,10,0 days 00:00:27
Filial C.M,2026-09-10,77,0 days 00:00:43
Filial C.M,2026-09-10,100,0 days 00:00:48
Filial C.M,2026-09-10,93,0 days 00:02:27
Filial C.M,2026-09-10,118,0 days 00:05:16
Filial C.M,2026-09-10,97,0 days 00:03:48
Filial C.M,2026-09-10,47,0 days 00:00:52
Filial C.M,2026-09-10,75,0 days 00:02:30
Filial C.M,2026-09-10,78,0 days 00:03:35
Filial C.M,2026-09-10,18,0 days 00:01:51
Filial C.M,2026-09-10,100,0 days 00:00:09
Filial C.M,2026-09-10,117,0 days 00:00:45
Filial C.M,2026-09-10,144,0 days 00:00:33
Filial C.M,2026-09-10,67,0 days 00:01:10
Filial C.M,2026-09-10,75,0 days 00:04:01
Filial C.M,2026-09-10,28,0 days 00:03:57
Filial C.M,2026-09-10,151,0 days 00:01:57
Filial C.M,2026-09-10,37,0 days 00:01:05
Filial C.M,2026-09-10,107,0 days 00:00:40
Filial C.M,2026-09-10,74,0 days 00:01:29
Filial C.M,2026-09-10,81,0 days 00:00:42
Filial C.M,2026-09-10,73,0 days 00:01:57
Filial C.M,2026-09-10,1,0 days 00:00:16
Filial C.M,2026-09-10,30,0 days 00:00:18
Filial C.M,2026-09-10,139,0 days 00:00:21
Filial C.M,2026-09-10,100,0 days 00:00:05
Filial C.M,2026-09-10,19,0 days 00:02:34
Filial C.M,2026-09-10,65,0 days 00:03:00
Filial C.M,2026-09-10,49,0 days 00:00:42
Filial C.M,2026-09-10,205,0 days 00:01:00
Filial C.M,2026-09-10,70,0 days 00:04:18
Filial C.M,2026-09-10,201,0 days 00:02:01
Filial C.M,2026-09-10,63,0 days 00:00:05
Filial C.M,2026-09-10,55,0 days 00:00:45
Filial C.M,2026-09-10,180,0 days 00:00:09
Filial C.M,2026-09-10,36,0 days 00:02:42
Filial C.M,2026-09-10,145,0 days 00:01:25
Filial C.M,2026-09-14,21,0 days 00:00:26
Filial C.M,2026-09-14,10,0 days 00:00:08
Filial C.M,2026-09-14,180,0 days 00:00:03
Filial C.M,2026-09-14,185,0 days 00:02:27
Filial C.M,2026-09-14,100,0 days 00:00:03
Filial C.M,2026-09-14,264,0 days 00:00:03
Filial C.M,2026-09-14,23,0 days 00:00:21
Filial C.M,2026-09-14,41,0 days 00:01:11
Filial C.M,2026-09-14,45,0 days 00:00:40
Filial C.M,2026-09-14,51,0 days 00:00:05
Filial C.M,2026-09-14,60,0 days 00:00:05
Filial C.M,2026-09-14,59,0 days 00:00:38
Filial C.M,2026-09-14,187,0 days 00:01:01
Filial C.M,2026-09-14,14,0 days 00:00:53
Filial C.M,2026-09-14,140,0 days 00:00:14
Filial C.M,2026-09-14,67,0 days 00:00:15
Filial C.M,2026-09-14,78,0 days 00:00:58
Filial C.M,2026-09-14,128,0 days 00:00:10
Filial C.M,2026-09-14,50,0 days 00:00:58
Filial C.M,2026-09-14,62,0 days 00:00:28
Filial C.M,2026-09-14,14,0 days 00:01:37
Filial C.M,2026-09-14,100,0 days 00:00:08
Filial C.M,2026-09-14,100,0 days 00:00:06
Filial C.M,2026-09-14,160,0 days 00:00:10
Filial C.M,2026-09-14,100,0 days 00:00:04
Filial C.M,2026-09-14,80,0 days 00:00:06
Filial C.M,2026-09-14,45,0 days 00:00:06
Filial C.M,2026-09-14,56,0 days 00:00:08
Filial C.M,2026-09-14,61,0 days 00:08:36
Filial C.M,2026-09-14,73,0 days 00:04:52
Filial C.M,2026-09-14,96,0 days 00:00:24
Filial C.M,2026-09-14,64,0 days 00:01:48
Filial C.M,2026-09-14,65,0 days 00:01:08
Filial C.M,2026-09-14,151,0 days 00:03:25
Filial C.M,2026-09-14,80,0 days 00:00:04
Filial C.M,2026-09-14,119,0 days 00:00:03
Filial C.M,2026-09-14,38,0 days 00:00:04
Filial C.M,2026-09-14,73,0 days 00:00:08
Filial C.M,2026-09-14,33,0 days 00:00:03
Filial C.M,2026-09-14,163,0 days 00:00:20
Filial C.M,2026-09-14,88,0 days 00:01:09
Filial C.M,2026-09-14,3,0 days 00:00:09
Filial C.M,2026-09-14,86,0 days 00:03:04
Filial C.M,2026-09-14,100,0 days 00:03:10
Filial C.M,2026-09-14,104,0 days 00:05:15
Filial C.M,2026-09-14,180,0 days 00:00:03
Filial C.M,2026-09-14,62,0 days 00:01:52
Filial C.M,2026-09-14,65,0 days 00:00:48
Filial C.M,2026-09-14,66,0 days 00:00:50
Filial C.M,2026-09-14,130,0 days 00:01:19
Filial C.M,2026-09-14,152,0 days 00:01:43
Filial C.M,2026-09-14,30,0 days 00:01:37
Filial C.M,2026-09-14,42,0 days 00:00:50
Filial C.M,2026-09-14,100,0 days 00:00:03
Filial C.M,2026-09-14,64,0 days 00:00:07
Filial C.M,2026-09-14,180,0 days 00:00:05
Filial C.M,2026-09-14,113,0 days 00:03:50
Filial C.M,2026-09-14,100,0 days 00:00:28
Filial C.M,2026-09-14,63,0 days 00:02:12
Filial C.M,2026-09-14,79,0 days 00:02:59
Filial C.M,2026-09-14,156,0 days 00:05:39
Filial C.M,2026-09-14,9,0 days 00:00:25
Filial C.M,2026-09-14,79,0 days 00:02:14
Filial C.M,2026-09-14,194,0 days 00:03:42
Filial C.M,2026-09-14,1,0 days 00:00:05
Filial C.M,2026-09-14,19,0 days 00:00:41
Filial C.M,2026-09-14,8,0 days 00:00:08
Filial C.M,2026-09-14,14,0 days 00:00:23
Filial C.M,2026-09-14,7,0 days 00:00:25
Filial C.M,2026-09-14,69,0 days 00:01:14
Filial C.M,2026-09-14,28,0 days 00:00:07
Filial C.M,2026-09-14,100,0 days 00:00:04
Filial C.M,2026-09-14,80,0 days 00:00:04
Filial C.M,2026-09-14,61,0 days 00:00:05
Filial C.M,2026-09-14,71,0 days 00:00:38
Filial C.M,2026-09-14,76,0 days 00:00:51
Filial C.M,2026-09-14,80,0 days 00:00:25
Filial C.M,2026-09-14,75,0 days 00:00:37
Filial C.M,2026-09-14,220,0 days 00:04:20
Filial C.M,2026-09-14,127,0 days 00:06:07
Filial C.M,2026-09-14,62,0 days 00:01:24
Filial C.M,2026-09-14,71,0 days 00:03:14
Filial C.M,2026-09-14,126,0 days 00:05:11
Filial C.M,2026-09-14,16,0 days 00:00:31
Filial C.M,2026-09-14,28,0 days 00:01:27
Filial C.M,2026-09-14,179,0 days 00:00:05
Filial C.M,2026-09-14,127,0 days 00:02:01
Filial C.M,2026-09-14,180,0 days 00:00:06
Filial C.M,2026-09-14,75,0 days 00:00:07
Filial C.M,2026-09-14,1,0 days 00:00:10
Filial C.M,2026-09-14,8,0 days 00:00:10
Filial C.M,2026-09-11,34,0 days 00:00:39
Filial C.M,2026-09-11,31,0 days 00:01:50
Filial C.M,2026-09-11,186,0 days 00:02:22
Filial C.M,2026-09-11,99,0 days 00:01:42
Filial C.M,2026-09-11,34,0 days 00:01:31
Filial C.M,2026-09-11,21,0 days 00:00:46
Filial C.M,2026-09-11,90,0 days 00:00:17
Filial C.M,2026-09-11,40,0 days 00:00:58
Filial C.M,2026-09-11,170,0 days 00:00:13
Filial C.M,2026-09-11,46,0 days 00:00:27
Filial C.M,2026-09-11,34,0 days 00:00:56
Filial C.M,2026-09-11,79,0 days 00:00:16
Filial C.M,2026-09-11,100,0 days 00:00:03
Filial C.M,2026-09-11,180,0 days 00:00:07
Filial C.M,2026-09-11,25,0 days 00:00:45
Filial C.M,2026-09-11,32,0 days 00:02:46
Filial C.M,2026-09-11,8,0 days 00:00:25
Filial C.M,2026-09-11,89,0 days 00:00:17
Filial C.M,2026-09-11,103,0 days 00:00:51
Filial C.M,2026-09-11,52,0 days 00:00:33
Filial C.M,2026-09-11,92,0 days 00:01:12
Filial C.M,2026-09-11,84,0 days 00:01:47
Filial C.M,2026-09-11,55,0 days 00:14:37
Filial C.M,2026-09-11,69,0 days 00:00:31
Filial C.M,2026-09-11,33,0 days 00:00:37
Filial C.M,2026-09-11,6,0 days 00:00:57
Filial C.M,2026-09-11,48,0 days 00:00:52
Filial C.M,2026-09-11,190,0 days 00:01:46
Filial C.M,2026-09-11,100,0 days 00:00:06
Filial C.M,2026-09-11,123,0 days 00:01:48
Filial C.M,2026-09-11,69,0 days 00:01:30
Filial C.M,2026-09-11,77,0 days 00:01:39
Filial C.M,2026-09-11,85,0 days 00:00:57
Filial C.M,2026-09-11,40,0 days 00:01:21
Filial C.M,2026-09-11,67,0 days 00:01:28
Filial C.M,2026-09-11,100,0 days 00:01:01
Filial C.M,2026-09-11,70,0 days 00:03:50
Filial C.M,2026-09-11,65,0 days 00:01:34
Filial C.M,2026-09-11,38,0 days 00:03:55
Filial C.M,2026-09-11,100,0 days 00:00:03
Filial C.M,2026-09-11,81,0 days 00:00:03
Filial C.M,2026-09-11,14,0 days 00:01:40
Filial C.M,2026-09-11,59,0 days 00:00:38
Filial C.M,2026-09-11,100,0 days 00:00:03
Filial C.M,2026-09-11,1,0 days 00:00:05
Filial C.M,2026-09-11,180,0 days 00:00:03
Filial C.M,2026-09-11,38,0 days 00:00:48
Filial C.M,2026-09-11,76,0 days 00:00:22
Filial C.M,2026-09-11,54,0 days 00:00:34
Filial C.M,2026-09-11,58,0 days 00:01:03
Filial C.M,2026-09-11,150,0 days 00:01:08
Filial C.M,2026-09-16,117,0 days 00:01:05
Filial C.M,2026-09-16,68,0 days 00:00:45
Filial C.M,2026-09-16,61,0 days 00:02:18
Filial C.M,2026-09-16,73,0 days 00:02:25
Filial C.M,2026-09-16,64,0 days 00:00:43
Filial C.M,2026-09-16,57,0 days 00:00:39
Filial C.M,2026-09-16,88,0 days 00:01:24
Filial C.M,2026-09-16,125,0 days 00:00:48
Filial C.M,2026-09-16,100,0 days 00:00:07
Filial C.M,2026-09-16,141,0 days 00:02:12
Filial C.M,2026-09-16,138,0 days 00:00:35
Filial C.M,2026-09-16,43,0 days 00:00:25
Filial C.M,2026-09-16,28,0 days 00:04:26
Filial C.M,2026-09-16,1,0 days 00:00:05
Filial C.M,2026-09-16,98,0 days 00:00:08
Filial C.M,2026-09-16,108,0 days 00:00:32
Filial C.M,2026-09-16,100,0 days 00:01:01
Filial C.M,2026-09-16,149,0 days 00:02:48
Filial C.M,2026-09-16,180,0 days 00:00:04
Filial C.M,2026-09-16,180,0 days 00:00:04
Filial C.M,2026-09-16,26,0 days 00:00:08
Filial C.M,2026-09-16,59,0 days 00:00:32
Filial C.M,2026-09-16,64,0 days 00:00:43
Filial C.M,2026-09-16,34,0 days 00:02:33
Filial C.M,2026-09-16,229,0 days 00:00:20
Filial C.M,2026-09-16,134,0 days 00:00:06
Filial C.M,2026-09-16,100,0 days 00:00:24
Filial C.M,2026-09-16,118,0 days 00:00:06
Filial C.M,2026-09-16,97,0 days 00:00:04
Filial C.M,2026-09-16,85,0 days 00:00:04
Filial C.M,2026-09-16,180,0 days 00:00:06
Filial C.M,2026-09-16,55,0 days 00:03:15
Filial C.M,2026-09-16,56,0 days 00:01:14
Filial C.M,2026-09-16,99,0 days 00:00:37
Filial C.M,2026-09-16,62,0 days 00:02:51
Filial C.M,2026-09-16,118,0 days 00:00:21
Filial C.M,2026-09-16,176,0 days 00:03:21
Filial C.M,2026-09-16,147,0 days 00:00:04
Filial C.M,2026-09-16,45,0 days 00:01:03
Filial C.M,2026-09-16,49,0 days 00:00:05
Filial C.M,2026-09-16,12,0 days 00:00:18
Filial C.M,2026-09-16,56,0 days 00:01:30
Filial C.M,2026-09-16,97,0 days 00:01:41
Filial C.M,2026-09-16,4,0 days 00:05:51
Filial C.M,2026-09-16,81,0 days 00:00:11
Filial C.M,2026-09-16,70,0 days 00:02:33
Filial C.M,2026-09-16,116,0 days 00:07:33
Filial C.M,2026-09-16,41,0 days 00:03:32
Filial C.M,2026-09-16,73,0 days 00:02:26
Filial C.M,2026-09-16,107,0 days 00:06:51
Filial C.M,2026-09-16,85,0 days 00:00:55
Filial C.M,2026-09-16,219,0 days 00:00:22
Filial C.M,2026-09-17,94,0 days 00:04:07
Filial C.M,2026-09-17,70,0 days 00:00:34
Filial C.M,2026-09-17,77,0 days 00:00:40
Filial C.M,2026-09-17,49,0 days 00:04:43
Filial C.M,2026-09-17,63,0 days 00:00:10
Filial C.M,2026-09-17,100,0 days 00:00:06
Filial C.M,2026-09-17,128,0 days 00:00:04
Filial C.M,2026-09-17,108,0 days 00:00:04
Filial C.M,2026-09-17,107,0 days 00:00:11
Filial C.M,2026-09-17,68,0 days 00:00:05
Filial C.M,2026-09-17,54,0 days 00:00:06
Filial C.M,2026-09-17,16,0 days 00:00:04
Filial C.M,2026-09-17,74,0 days 00:00:04
Filial C.M,2026-09-17,152,0 days 00:00:09
Filial C.M,2026-09-17,146,0 days 00:00:04
Filial C.M,2026-09-17,180,0 days 00:00:03
Filial C.M,2026-09-17,100,0 days 00:00:05
Filial C.M,2026-09-17,94,0 days 00:00:07
Filial C.M,2026-09-17,66,0 days 00:00:04
Filial C.M,2026-09-17,83,0 days 00:00:04
Filial C.M,2026-09-17,40,0 days 00:00:04
Filial C.M,2026-09-17,58,0 days 00:00:04
Filial C.M,2026-09-17,90,0 days 00:03:26
Filial C.M,2026-09-17,103,0 days 00:01:08
Filial C.M,2026-09-17,47,0 days 00:02:25
Filial C.M,2026-09-17,16,0 days 00:01:08
Filial C.M,2026-09-17,83,0 days 00:01:22
Filial C.M,2026-09-17,21,0 days 00:01:26
Filial C.M,2026-09-17,34,0 days 00:01:00
Filial C.M,2026-09-17,65,0 days 00:01:11
Filial C.M,2026-09-17,1,0 days 00:00:21
Filial C.M,2026-09-17,166,0 days 00:00:07
Filial C.M,2026-09-17,62,0 days 00:00:05
Filial C.M,2026-09-17,180,0 days 00:00:05
Filial C.M,2026-09-17,114,0 days 00:00:46
Filial C.M,2026-09-17,109,0 days 00:00:50
Filial C.M,2026-09-17,46,0 days 00:00:58
Filial C.M,2026-09-17,27,0 days 00:01:28
Filial C.M,2026-09-17,41,0 days 00:02:09
Filial C.M,2026-09-17,80,0 days 00:00:40
Filial C.M,2026-09-17,90,0 days 00:00:45
Filial C.M,2026-09-17,28,0 days 00:01:07
Filial C.M,2026-09-17,180,0 days 00:00:04
Filial C.M,2026-09-17,88,0 days 00:02:15
Filial C.M,2026-09-17,53,0 days 00:01:19
Filial C.M,2026-09-17,59,0 days 00:01:35
Filial C.M,2026-09-17,63,0 days 00:01:37
Filial C.M,2026-09-17,71,0 days 00:00:41
Filial C.M,2026-09-17,81,0 days 00:01:01
Filial C.M,2026-09-17,145,0 days 00:05:33
Filial C.M,2026-09-17,77,0 days 00:00:10
Filial C.M,2026-09-17,132,0 days 00:03:52
Filial C.M,2026-09-17,106,0 days 00:03:46
Filial C.M,2026-09-17,80,0 days 00:00:23
Filial C.M,2026-09-17,79,0 days 00:00:04
Filial C.M,2026-09-17,70,0 days 00:00:04
Filial C.M,2026-09-17,123,0 days 00:01:55
Filial C.M,2026-09-17,11,0 days 00:00:05
Filial C.M,2026-09-17,37,0 days 00:00:04
Filial C.M,2026-09-17,42,0 days 00:00:46
Filial C.M,2026-09-17,67,0 days 00:00:43
Filial C.M,2026-09-18,98,0 days 00:01:04
Filial C.M,2026-09-18,63,0 days 00:02:05
Filial C.M,2026-09-18,58,0 days 00:00:59
Filial C.M,2026-09-18,65,0 days 00:01:42
Filial C.M,2026-09-18,87,0 days 00:01:55
Filial C.M,2026-09-18,88,0 days 00:01:11
Filial C.M,2026-09-18,129,0 days 00:00:28
Filial C.M,2026-09-18,57,0 days 00:00:15
Filial C.M,2026-09-18,75,0 days 00:00:57
Filial C.M,2026-09-18,76,0 days 00:00:25
Filial C.M,2026-09-18,94,0 days 00:01:50
Filial C.M,2026-09-18,113,0 days 00:01:01
Filial C.M,2026-09-18,118,0 days 00:00:17
Filial C.M,2026-09-18,41,0 days 00:01:02
Filial C.M,2026-09-18,40,0 days 00:00:55
Filial C.M,2026-09-18,145,0 days 00:00:17
Filial C.M,2026-09-18,152,0 days 00:00:35
Filial C.M,2026-09-18,133,0 days 00:03:23
Filial C.M,2026-09-18,100,0 days 00:00:05
Filial C.M,2026-09-18,81,0 days 00:00:03
Filial C.M,2026-09-18,16,0 days 00:00:44
Filial C.M,2026-09-18,67,0 days 00:01:48
Filial C.M,2026-09-18,63,0 days 00:00:39
Filial C.M,2026-09-18,69,0 days 00:02:19
Filial C.M,2026-09-18,84,0 days 00:02:00
Filial C.M,2026-09-18,90,0 days 00:01:46
Filial C.M,2026-09-18,42,0 days 00:01:17
Filial C.M,2026-09-18,88,0 days 00:00:17
Filial C.M,2026-09-18,43,0 days 00:02:09
Filial C.M,2026-09-18,180,0 days 00:00:03
Filial C.M,2026-09-18,180,0 days 00:00:03
Filial C.M,2026-09-18,51,0 days 00:00:45
Filial C.M,2026-09-18,127,0 days 00:02:48
Filial C.M,2026-09-18,54,0 days 00:00:21
Filial C.M,2026-09-18,19,0 days 00:00:59
Filial C.M,2026-09-18,43,0 days 00:01:41
Filial C.M,2026-09-18,87,0 days 00:04:08
Filial C.M,2026-09-18,111,0 days 00:05:37
Filial C.M,2026-09-18,114,0 days 00:01:28
Filial C.M,2026-09-18,62,0 days 00:01:47
Filial C.M,2026-09-18,66,0 days 00:01:23
Filial C.M,2026-09-18,100,0 days 00:00:03
Filial C.M,2026-09-18,151,0 days 00:00:45
Filial C.M,2026-09-18,41,0 days 00:00:47
Filial C.M,2026-09-18,161,0 days 00:01:11
Filial C.M,2026-09-18,29,0 days 00:00:59
Filial C.M,2026-09-18,55,0 days 00:03:21
Filial C.M,2026-09-18,38,0 days 00:01:12
Filial C.M,2026-09-18,33,0 days 00:01:11
Filial C.M,2026-09-18,40,0 days 00:01:24
Filial C.M,2026-09-18,104,0 days 00:03:59
Filial C.M,2026-09-18,117,0 days 00:01:17
Filial C.M,2026-09-18,129,0 days 00:04:05
Filial C.M,2026-09-18,32,0 days 00:00:20
Filial C.M,2026-09-18,54,0 days 00:01:15
Filial C.M,2026-09-18,74,0 days 00:02:28
Filial C.M,2026-09-18,180,0 days 00:00:03
Filial C.M,2026-09-18,180,0 days 00:00:03
Filial C.M,2026-09-18,198,0 days 00:00:05
Filial C.M,2026-09-18,160,0 days 00:02:38
Filial C.M,2026-09-18,56,0 days 00:01:37
Filial C.M,2026-09-18,30,0 days 00:00:45
Filial C.M,2026-09-18,20,0 days 00:00:09
Filial C.M,2026-09-18,26,0 days 00:00:15
Filial C.M,2026-09-18,38,0 days 00:00:20
Filial C.M,2026-09-18,66,0 days 00:01:03
Filial C.M,2026-09-21,68,0 days 00:02:35
Filial C.M,2026-09-21,66,0 days 00:00:03
Filial C.M,2026-09-21,20,0 days 00:00:04
Filial C.M,2026-09-21,52,0 days 00:00:50
Filial C.M,2026-09-21,44,0 days 00:00:04
Filial C.M,2026-09-21,14,0 days 00:00:04
Filial C.M,2026-09-21,10,0 days 00:00:15
Filial C.M,2026-09-21,252,0 days 00:00:08
Filial C.M,2026-09-21,264,0 days 00:00:04
Filial C.M,2026-09-21,11,0 days 00:00:30
Filial C.M,2026-09-21,121,0 days 00:02:04
Filial C.M,2026-09-21,2,0 days 00:00:07
Filial C.M,2026-09-21,4,0 days 00:00:18
Filial C.M,2026-09-21,104,0 days 00:00:35
Filial C.M,2026-09-21,153,0 days 00:00:33
Filial C.M,2026-09-21,36,0 days 00:00:03
Filial C.M,2026-09-21,8,0 days 00:00:03
Filial C.M,2026-09-21,29,0 days 00:00:03
Filial C.M,2026-09-21,2,0 days 00:00:06
Filial C.M,2026-09-21,6,0 days 00:00:10
Filial C.M,2026-09-21,177,0 days 00:02:06
Filial C.M,2026-09-21,77,0 days 00:00:32
Filial C.M,2026-09-21,148,0 days 00:02:22
Filial C.M,2026-09-21,172,0 days 00:00:53
Filial C.M,2026-09-21,92,0 days 00:01:51
Filial C.M,2026-09-21,114,0 days 00:00:34
Filial C.M,2026-09-21,61,0 days 00:00:22
Filial C.M,2026-09-21,54,0 days 00:01:03
Filial C.M,2026-09-21,93,0 days 00:05:17
Filial C.M,2026-09-21,68,0 days 00:00:23
Filial C.M,2026-09-21,92,0 days 00:01:03
Filial C.M,2026-09-21,22,0 days 00:00:46
Filial C.M,2026-09-21,23,0 days 00:00:32
Filial C.M,2026-09-21,4,0 days 00:00:04
Filial C.M,2026-09-21,60,0 days 00:00:04
Filial C.M,2026-09-21,64,0 days 00:00:04
Filial C.M,2026-09-21,180,0 days 00:00:04
Filial C.M,2026-09-21,48,0 days 00:00:03
Filial C.M,2026-09-21,127,0 days 00:00:05
Filial C.M,2026-09-21,180,0 days 00:00:04
Filial C.M,2026-09-21,154,0 days 00:00:05
Filial C.M,2026-09-21,148,0 days 00:00:04
Filial C.M,2026-09-21,93,0 days 00:00:04
Filial C.M,2026-09-21,100,0 days 00:00:04
Filial C.M,2026-09-21,137,0 days 00:00:04
Filial C.M,2026-09-21,155,0 days 00:00:04
Filial C.M,2026-09-21,179,0 days 00:00:04
Filial C.M,2026-09-21,110,0 days 00:00:03
Filial C.M,2026-09-21,48,0 days 00:00:04
Filial C.M,2026-09-21,56,0 days 00:00:04
Filial C.M,2026-09-21,71,0 days 00:00:03
Filial C.M,2026-09-21,81,0 days 00:00:03
Filial C.M,2026-09-21,28,0 days 00:00:03
Filial C.M,2026-09-21,83,0 days 00:00:05
Filial C.M,2026-09-21,5,0 days 00:00:03
Filial C.M,2026-09-21,55,0 days 00:01:40
Filial C.M,2026-09-21,87,0 days 00:01:54
Filial C.M,2026-09-21,98,0 days 00:01:18
Filial C.M,2026-09-21,23,0 days 00:00:36
Filial C.M,2026-09-21,60,0 days 00:00:10
Filial C.M,2026-09-21,264,0 days 00:00:20
Filial C.M,2026-09-21,100,0 days 00:00:07
Filial C.M,2026-09-21,69,0 days 00:00:04
Filial C.M,2026-09-21,100,0 days 00:00:06
Filial C.M,2026-09-21,133,0 days 00:00:05
Filial C.M,2026-09-21,69,0 days 00:00:05
Filial C.M,2026-09-21,75,0 days 00:01:20
Filial C.M,2026-09-21,113,0 days 00:03:01
Filial C.M,2026-09-21,133,0 days 00:00:44
Filial C.M,2026-09-21,112,0 days 00:03:19
Filial C.M,2026-09-21,85,0 days 00:00:03
Filial C.M,2026-09-21,264,0 days 00:00:07
Filial C.M,2026-09-21,180,0 days 00:00:06
Filial C.M,2026-09-21,64,0 days 00:01:43
Filial C.M,2026-09-21,113,0 days 00:01:52
Filial C.M,2026-09-21,160,0 days 00:00:15
Filial C.M,2026-09-21,26,0 days 00:00:03
Filial C.M,2026-09-21,94,0 days 00:00:03
Filial C.M,2026-09-21,13,0 days 00:00:09
Filial C.M,2026-09-21,77,0 days 00:01:12
Filial C.M,2026-09-21,39,0 days 00:00:27
Filial C.M,2026-09-21,64,0 days 00:01:50
Filial C.M,2026-09-21,81,0 days 00:00:22
Filial C.M,2026-09-21,180,0 days 00:00:05
Filial C.M,2026-09-21,180,0 days 00:00:06
Filial C.M,2026-09-21,118,0 days 00:00:04
Filial C.M,2026-09-21,81,0 days 00:00:04
Filial C.M,2026-09-21,74,0 days 00:00:04
Filial C.M,2026-09-21,54,0 days 00:00:07
Filial C.M,2026-09-21,90,0 days 00:00:45
Filial C.M,2026-09-21,81,0 days 00:00:04
Filial C.M,2026-09-21,40,0 days 00:00:03
Filial C.M,2026-09-21,79,0 days 00:00:38
Filial C.M,2026-09-21,45,0 days 00:00:44
Filial C.M,2026-09-21,62,0 days 00:00:39
Filial C.M,2026-09-21,98,0 days 00:00:05
Filial C.M,2026-09-21,80,0 days 00:00:11
Filial C.M,2026-09-21,18,0 days 00:00:04
Filial C.M,2026-09-21,33,0 days 00:00:27
Filial C.M,2026-09-21,56,0 days 00:01:33
Filial C.M,2026-09-21,76,0 days 00:00:45
Filial C.M,2026-09-21,90,0 days 00:01:39
Filial C.M,2026-09-21,97,0 days 00:00:24
Filial C.M,2026-09-21,7,0 days 00:00:16
Filial C.M,2026-09-21,61,0 days 00:01:26
Filial C.M,2026-09-21,131,0 days 00:00:54
Filial C.M,2026-09-21,50,0 days 00:00:29
Filial C.M,2026-09-21,110,0 days 00:01:07
Filial C.M,2026-09-21,124,0 days 00:00:57
Filial C.M,2026-09-21,59,0 days 00:01:40
Filial C.M,2026-09-21,118,0 days 00:00:05
Filial C.M,2026-09-21,28,0 days 00:00:04
Filial C.M,2026-09-21,67,0 days 00:02:34
Filial C.M,2026-09-21,124,0 days 00:00:04
Filial C.M,2026-09-21,94,0 days 00:00:02
Filial C.M,2026-09-21,51,0 days 00:00:03
Filial C.M,2026-09-21,138,0 days 00:00:03
Filial C.M,2026-09-21,40,0 days 00:00:04
Filial C.M,2026-09-21,56,0 days 00:00:03
Filial C.M,2026-09-21,17,0 days 00:00:03
Filial C.M,2026-09-21,81,0 days 00:00:03
Filial C.M,2026-09-21,182,0 days 00:00:30
Filial C.M,2026-09-21,71,0 days 00:01:01
Filial C.M,2026-09-21,70,0 days 00:01:58
Filial C.M,2026-09-21,70,0 days 00:01:58
Filial C.M,2026-09-21,100,0 days 00:00:23
Filial C.M,2026-09-21,114,0 days 00:02:31
Filial C.M,2026-09-21,180,0 days 00:00:04
Filial C.M,2026-09-21,124,0 days 00:00:37
Filial C.M,2026-09-21,176,0 days 00:00:48
Filial C.M,2026-09-21,100,0 days 00:00:05
Filial C.M,2026-09-21,23,0 days 00:01:06
Filial C.M,2026-09-21,104,0 days 00:01:08
Filial C.M,2026-09-21,90,0 days 00:00:53
Filial C.M,2026-09-21,166,0 days 00:02:56
Filial C.M,2026-09-21,100,0 days 00:00:04
Filial C.M,2026-09-21,49,0 days 00:00:45
Filial C.M,2026-09-21,72,0 days 00:01:43
Filial C.M,2026-09-21,20,0 days 00:01:29
Filial C.M,2026-09-21,20,0 days 00:04:34
Filial C.M,2026-09-21,37,0 days 00:03:59
Filial C.M,2026-09-21,72,0 days 00:00:32
Filial C.M,2026-09-21,198,0 days 00:00:04
Filial C.M,2026-09-21,96,0 days 00:00:38
Filial C.M,2026-09-21,16,0 days 00:05:02
Filial C.M,2026-09-21,80,0 days 00:01:08
Filial C.M,2026-09-21,114,0 days 00:00:07
Filial Matão,2026-09-22,66,0 days 00:06:50
Filial Matão,2026-09-22,40,0 days 00:00:56
Filial Matão,2026-09-22,165,0 days 00:01:16
Filial Matão,2026-09-22,180,0 days 00:00:09
Filial Matão,2026-09-22,34,0 days 00:02:12
Filial Matão,2026-09-22,172,0 days 00:00:32
Filial Matão,2026-09-22,49,0 days 00:00:30
Filial Matão,2026-09-22,31,0 days 00:01:51
Filial Matão,2026-09-22,47,0 days 00:00:11
Filial Matão,2026-09-22,38,0 days 00:02:17
Filial Matão,2026-09-22,8,0 days 00:00:27
Filial Matão,2026-09-22,13,0 days 00:00:27
Filial Matão,2026-09-22,28,0 days 00:01:18
Filial Matão,2026-09-22,38,0 days 00:02:30
Filial Matão,2026-09-22,49,0 days 00:00:37
Filial Matão,2026-09-22,80,0 days 00:03:19
Filial C.M,2026-09-22,58,0 days 00:00:25
Filial C.M,2026-09-22,73,0 days 00:00:49
Filial C.M,2026-09-22,108,0 days 00:04:01
Filial C.M,2026-09-22,4,0 days 00:00:37
Filial C.M,2026-09-22,122,0 days 00:02:56
Filial C.M,2026-09-22,131,0 days 00:01:04
Filial C.M,2026-09-22,27,0 days 00:00:27
Filial C.M,2026-09-22,44,0 days 00:00:26
Filial C.M,2026-09-22,62,0 days 00:00:59
Filial C.M,2026-09-22,91,0 days 00:02:04
Filial C.M,2026-09-22,91,0 days 00:02:43
Filial C.M,2026-09-22,58,0 days 00:01:27
Filial C.M,2026-09-22,180,0 days 00:00:03
Filial C.M,2026-09-22,66,0 days 00:00:46
Filial C.M,2026-09-22,54,0 days 00:01:28
Filial C.M,2026-09-22,51,0 days 00:01:31
Filial C.M,2026-09-22,53,0 days 00:00:14
Filial C.M,2026-09-22,153,0 days 00:00:17
Filial C.M,2026-09-22,57,0 days 00:01:10
Filial C.M,2026-09-22,104,0 days 00:00:22
Filial C.M,2026-09-22,123,0 days 00:01:41
Filial C.M,2026-09-22,77,0 days 00:01:32
Filial C.M,2026-09-22,54,0 days 00:00:40
Filial C.M,2026-09-22,79,0 days 00:00:28
Filial C.M,2026-09-22,146,0 days 00:06:16
Filial C.M,2026-09-22,54,0 days 00:02:48
Filial C.M,2026-09-22,10,0 days 00:00:08
Filial C.M,2026-09-22,51,0 days 00:01:27
Filial C.M,2026-09-22,71,0 days 00:00:11
Filial C.M,2026-09-22,100,0 days 00:00:07
Filial C.M,2026-09-22,110,0 days 00:00:25
Filial C.M,2026-09-22,190,0 days 00:00:34
Filial C.M,2026-09-22,264,0 days 00:00:05
Filial C.M,2026-09-22,154,0 days 00:00:20
Filial C.M,2026-09-22,50,0 days 00:00:24
Filial C.M,2026-09-22,80,0 days 00:00:38
Filial C.M,2026-09-22,88,0 days 00:00:21
Filial C.M,2026-09-22,100,0 days 00:00:04
Filial C.M,2026-09-22,100,0 days 00:00:03
Filial C.M,2026-09-22,100,0 days 00:00:03
Filial C.M,2026-09-22,100,0 days 00:00:05
Filial C.M,2026-09-22,100,0 days 00:00:03
Filial C.M,2026-09-22,100,0 days 00:00:06
Filial C.M,2026-09-22,100,0 days 00:00:03
Filial C.M,2026-09-22,100,0 days 00:00:03
Filial C.M,2026-09-22,294,0 days 00:00:03
Filial C.M,2026-09-22,294,0 days 00:00:04
Filial C.M,2026-09-22,100,0 days 00:00:04
Filial C.M,2026-09-22,100,0 days 00:00:03
Filial C.M,2026-09-22,294,0 days 00:00:03
Filial C.M,2026-09-22,62,0 days 00:00:50
Filial C.M,2026-09-22,128,0 days 00:03:22
Filial C.M,2026-09-22,80,0 days 00:00:13
Filial C.M,2026-09-22,130,0 days 00:01:19
Filial C.M,2026-09-22,90,0 days 00:01:04
Filial C.M,2026-09-22,151,0 days 00:02:18
Filial C.M,2026-09-22,118,0 days 00:03:55
Filial C.M,2026-09-22,23,0 days 00:00:09
Filial C.M,2026-09-22,67,0 days 00:00:03
Filial C.M,2026-09-22,157,0 days 00:00:26
Filial C.M,2026-09-22,83,0 days 00:00:04
Filial C.M,2026-09-22,53,0 days 00:00:52
Filial C.M,2026-09-22,21,0 days 00:00:47
Filial C.M,2026-09-22,58,0 days 00:00:03
Filial C.M,2026-09-22,64,0 days 00:00:05
Filial C.M,2026-09-22,72,0 days 00:00:05
Filial C.M,2026-09-22,157,0 days 00:00:04
Filial C.M,2026-09-22,112,0 days 00:00:11
Filial C.M,2026-09-22,141,0 days 00:00:04
Filial C.M,2026-09-22,79,0 days 00:02:09
Filial C.M,2026-09-22,73,0 days 00:00:16
Filial C.M,2026-09-22,87,0 days 00:04:29
Filial C.M,2026-09-22,100,0 days 00:00:33
Filial C.M,2026-09-22,19,0 days 00:00:34
Filial C.M,2026-09-22,131,0 days 00:01:53
Filial C.M,2026-09-22,54,0 days 00:01:13
Filial C.M,2026-09-22,37,0 days 00:01:52
Filial C.M,2026-09-22,62,0 days 00:03:14
Filial C.M,2026-09-22,100,0 days 00:00:19
Filial C.M,2026-09-22,11,0 days 00:01:06
Filial C.M,2026-09-22,21,0 days 00:00:03
Filial C.M,2026-09-22,16,0 days 00:00:03
Filial C.M,2026-09-22,109,0 days 00:00:03
Filial C.M,2026-09-22,19,0 days 00:00:03
Filial C.M,2026-09-22,6,0 days 00:01:05
Filial C.M,2026-09-22,158,0 days 00:00:03
Filial C.M,2026-09-22,33,0 days 00:00:28
Filial C.M,2026-09-22,50,0 days 00:00:10
Filial C.M,2026-09-22,144,0 days 00:00:05
Filial C.M,2026-09-22,77,0 days 00:00:58
Filial C.M,2026-09-22,100,0 days 00:00:33
Filial C.M,2026-09-22,85,0 days 00:00:04
Filial C.M,2026-09-22,85,0 days 00:02:17
Filial C.M,2026-09-22,10,0 days 00:01:16
Filial C.M,2026-09-22,182,0 days 00:00:04
Filial C.M,2026-09-22,100,0 days 00:00:04
Filial C.M,2026-09-22,65,0 days 00:01:04
Filial C.M,2026-09-22,170,0 days 00:00:04
Filial C.M,2026-09-22,160,0 days 00:00:38
Filial C.M,2026-09-22,21,0 days 00:00:06
Filial C.M,2026-09-22,60,0 days 00:00:08
Filial C.M,2026-09-22,180,0 days 00:00:04
Filial C.M,2026-09-22,51,0 days 00:00:33
Filial C.M,2026-09-22,52,0 days 00:02:45
Filial C.M,2026-09-22,81,0 days 00:00:03
Filial C.M,2026-09-22,114,0 days 00:06:29
Filial C.M,2026-09-22,33,0 days 00:00:08
Filial C.M,2026-09-22,107,0 days 00:01:01
Filial C.M,2026-09-22,56,0 days 00:03:37
Filial C.M,2026-09-22,85,0 days 00:00:59
Filial C.M,2026-09-22,97,0 days 00:00:44
Filial C.M,2026-09-22,78,0 days 00:00:04
Filial Matão,2026-09-23,192,0 days 00:00:05
Filial Matão,2026-09-23,70,0 days 00:06:08
Filial Matão,2026-09-23,27,0 days 00:00:04
Filial Matão,2026-09-23,16,0 days 00:01:32
Filial Matão,2026-09-23,1,0 days 00:00:55
Filial Matão,2026-09-23,34,0 days 00:01:06
Filial Matão,2026-09-23,60,0 days 00:00:10
Filial Matão,2026-09-23,60,0 days 00:02:08
Filial Matão,2026-09-23,180,0 days 00:00:52
Filial Matão,2026-09-23,44,0 days 00:04:02
Filial Matão,2026-09-23,15,0 days 00:02:22
Filial Matão,2026-09-23,163,0 days 00:00:06
Filial Matão,2026-09-23,82,0 days 00:00:07
Filial Matão,2026-09-23,60,0 days 00:00:04
Filial Matão,2026-09-23,34,0 days 00:00:07
Filial Matão,2026-09-23,23,0 days 00:00:08
Filial Matão,2026-09-23,59,0 days 00:00:10
Filial Matão,2026-09-23,38,0 days 00:03:56
Filial Matão,2026-09-23,60,0 days 00:00:29
Filial Matão,2026-09-23,60,0 days 00:00:11
Filial Matão,2026-09-23,60,0 days 00:00:06
Filial C.M,2026-09-23,91,0 days 00:03:49
Filial C.M,2026-09-23,38,0 days 00:00:41
Filial C.M,2026-09-23,54,0 days 00:01:57
Filial C.M,2026-09-23,76,0 days 00:00:07
Filial C.M,2026-09-23,79,0 days 00:01:35
Filial C.M,2026-09-23,126,0 days 00:01:40
Filial C.M,2026-09-23,233,0 days 00:00:02
Filial C.M,2026-09-23,183,0 days 00:00:03
Filial C.M,2026-09-23,220,0 days 00:03:12
Filial C.M,2026-09-23,1,0 days 00:00:03
Filial C.M,2026-09-23,22,0 days 00:00:03
Filial C.M,2026-09-23,31,0 days 00:00:03
Filial C.M,2026-09-23,73,0 days 00:00:03
Filial C.M,2026-09-23,126,0 days 00:00:03
Filial C.M,2026-09-23,70,0 days 00:00:03
Filial C.M,2026-09-23,75,0 days 00:00:04
Filial C.M,2026-09-23,52,0 days 00:00:44
Filial C.M,2026-09-23,80,0 days 00:02:18
Filial C.M,2026-09-23,53,0 days 00:00:45
Filial C.M,2026-09-23,127,0 days 00:00:49
Filial C.M,2026-09-23,122,0 days 00:01:51
Filial C.M,2026-09-23,180,0 days 00:00:04
Filial C.M,2026-09-23,91,0 days 00:00:29
Filial C.M,2026-09-23,169,0 days 00:00:34
Filial C.M,2026-09-23,138,0 days 00:01:51
Filial C.M,2026-09-23,71,0 days 00:01:23
Filial C.M,2026-09-23,294,0 days 00:00:19
Filial C.M,2026-09-23,220,0 days 00:01:25
Filial C.M,2026-09-23,15,0 days 00:00:18
Filial C.M,2026-09-23,34,0 days 00:01:18
Filial C.M,2026-09-23,93,0 days 00:00:38
Filial C.M,2026-09-23,220,0 days 00:00:06
Filial C.M,2026-09-23,100,0 days 00:00:04
Filial C.M,2026-09-23,101,0 days 00:00:04
Filial C.M,2026-09-23,133,0 days 00:00:04
Filial C.M,2026-09-23,91,0 days 00:00:06
Filial C.M,2026-09-23,54,0 days 00:00:38
Filial C.M,2026-09-23,65,0 days 00:01:37
Filial C.M,2026-09-23,76,0 days 00:01:52
Filial C.M,2026-09-23,79,0 days 00:01:00
Filial C.M,2026-09-23,200,0 days 00:01:27
Filial C.M,2026-09-23,66,0 days 00:00:50
Filial C.M,2026-09-23,100,0 days 00:00:16
Filial C.M,2026-09-23,51,0 days 00:01:28
Filial C.M,2026-09-23,23,0 days 00:00:13
Filial C.M,2026-09-23,40,0 days 00:00:10
Filial C.M,2026-09-23,69,0 days 00:00:50
Filial C.M,2026-09-23,171,0 days 00:03:07
Filial C.M,2026-09-23,130,0 days 00:00:18
Filial C.M,2026-09-23,96,0 days 00:04:22
Filial C.M,2026-09-23,63,0 days 00:01:00
Filial C.M,2026-09-23,81,0 days 00:00:03
Filial C.M,2026-09-23,22,0 days 00:00:07
Filial C.M,2026-09-23,46,0 days 00:00:04
Filial C.M,2026-09-23,91,0 days 00:00:05
Filial C.M,2026-09-23,142,0 days 00:04:06
Filial C.M,2026-09-23,126,0 days 00:00:03
Filial C.M,2026-09-23,92,0 days 00:05:01
Filial C.M,2026-09-23,94,0 days 00:01:41
Filial C.M,2026-09-23,78,0 days 00:00:09
Filial C.M,2026-09-23,86,0 days 00:00:03
Filial C.M,2026-09-23,120,0 days 00:02:36
Filial C.M,2026-09-23,48,0 days 00:01:36
Filial C.M,2026-09-23,60,0 days 00:00:15
Filial C.M,2026-09-23,109,0 days 00:01:48
Filial C.M,2026-09-23,130,0 days 00:00:03
Filial C.M,2026-09-23,64,0 days 00:00:03
Filial C.M,2026-09-23,90,0 days 00:00:03
Filial C.M,2026-09-23,102,0 days 00:00:03
Filial C.M,2026-09-23,91,0 days 00:00:02
Filial C.M,2026-09-23,191,0 days 00:00:12
Filial C.M,2026-09-23,168,0 days 00:00:03
Filial C.M,2026-09-23,73,0 days 00:00:03
Filial C.M,2026-09-23,7,0 days 00:00:03
Filial C.M,2026-09-23,60,0 days 00:00:03
Filial C.M,2026-09-23,100,0 days 00:00:04
Filial C.M,2026-09-23,84,0 days 00:01:17
Filial C.M,2026-09-23,64,0 days 00:01:01
Filial C.M,2026-09-23,79,0 days 00:04:13
Filial C.M,2026-09-23,7,0 days 00:00:04
Filial C.M,2026-09-23,145,0 days 00:01:50
Filial C.M,2026-09-23,64,0 days 00:03:38
Filial C.M,2026-09-23,81,0 days 00:00:11
Filial C.M,2026-09-23,169,0 days 00:09:03
Filial C.M,2026-09-23,162,0 days 00:00:04
Filial C.M,2026-09-23,80,0 days 00:00:03
Filial C.M,2026-09-23,123,0 days 00:00:03
Filial C.M,2026-09-23,56,0 days 00:00:03
Filial C.M,2026-09-23,117,0 days 00:02:11
Filial C.M,2026-09-23,100,0 days 00:00:02
Filial C.M,2026-09-23,83,0 days 00:00:03
Filial C.M,2026-09-23,58,0 days 00:00:03
Filial C.M,2026-09-23,60,0 days 00:00:03
Filial C.M,2026-09-23,30,0 days 00:00:03
Filial C.M,2026-09-23,180,0 days 00:00:04
Filial Matão,2026-09-24,81,0 days 00:01:05
Filial Matão,2026-09-24,86,0 days 00:03:21
Filial Matão,2026-09-24,41,0 days 00:00:17
Filial Matão,2026-09-24,180,0 days 00:00:09
Filial Matão,2026-09-24,40,0 days 00:02:31
Filial Matão,2026-09-24,62,0 days 00:02:46
Filial Matão,2026-09-24,185,0 days 00:14:08
Filial Matão,2026-09-24,59,0 days 00:01:24
Filial Matão,2026-09-24,76,0 days 00:02:56
Filial Matão,2026-09-24,109,0 days 00:05:15
Filial Matão,2026-09-24,19,0 days 00:00:25
Filial Matão,2026-09-24,31,0 days 00:02:29
Filial Matão,2026-09-24,29,0 days 00:00:24
Filial Matão,2026-09-24,39,0 days 00:02:25
Filial Matão,2026-09-24,87,0 days 00:05:27
Filial Matão,2026-09-24,26,0 days 00:03:36
Filial Matão,2026-09-24,30,0 days 00:01:30
Filial Matão,2026-09-24,36,0 days 00:06:55
Filial Matão,2026-09-25,15,0 days 00:01:33
Filial Matão,2026-09-25,39,0 days 00:03:20
Filial Matão,2026-09-25,55,0 days 00:02:29
Filial Matão,2026-09-25,60,0 days 00:00:46
Filial Matão,2026-09-25,118,0 days 00:00:14
Filial Matão,2026-09-25,28,0 days 00:03:18
Filial Matão,2026-09-25,49,0 days 00:01:17
Filial Matão,2026-09-25,74,0 days 00:03:51
Filial Matão,2026-09-25,122,0 days 00:00:16
Filial Matão,2026-09-25,8,0 days 00:01:17
Filial Matão,2026-09-25,5,0 days 00:00:20
Filial Matão,2026-09-25,6,0 days 00:03:22
Filial Matão,2026-09-25,7,0 days 00:00:11
Filial Matão,2026-09-25,69,0 days 00:00:48
Filial Matão,2026-09-25,187,0 days 00:05:32
Filial Matão,2026-09-25,152,0 days 00:00:34
Filial Matão,2026-09-25,75,0 days 00:02:33
Filial Matão,2026-09-25,92,0 days 00:05:26
Filial Matão,2026-09-25,95,0 days 00:02:11
Filial Matão,2026-09-25,33,0 days 00:01:25
Filial Matão,2026-09-25,180,0 days 00:00:05
Filial Matão,2026-09-25,55,0 days 00:03:08
Filial Matão,2026-09-25,197,0 days 00:03:04
Filial Matão,2026-09-25,32,0 days 00:01:40
Filial Matão,2026-09-25,32,0 days 00:01:12
Filial C.M,2026-09-24,60,0 days 00:00:51
Filial C.M,2026-09-24,100,0 days 00:00:03
Filial C.M,2026-09-24,144,0 days 00:00:03
Filial C.M,2026-09-24,157,0 days 00:00:03
Filial C.M,2026-09-24,51,0 days 00:00:04
Filial C.M,2026-09-24,55,0 days 00:00:03
Filial C.M,2026-09-24,109,0 days 00:00:03
Filial C.M,2026-09-24,96,0 days 00:00:03
Filial C.M,2026-09-24,153,0 days 00:00:05
Filial C.M,2026-09-24,37,0 days 00:02:20
Filial C.M,2026-09-24,111,0 days 00:02:42
Filial C.M,2026-09-24,100,0 days 00:00:04
Filial C.M,2026-09-24,47,0 days 00:01:48
Filial C.M,2026-09-24,75,0 days 00:01:17
Filial C.M,2026-09-24,62,0 days 00:00:20
Filial C.M,2026-09-24,119,0 days 00:03:38
Filial C.M,2026-09-24,72,0 days 00:00:55
Filial C.M,2026-09-24,73,0 days 00:02:27
Filial C.M,2026-09-24,109,0 days 00:00:22
Filial C.M,2026-09-24,115,0 days 00:01:47
Filial C.M,2026-09-24,159,0 days 00:00:12
Filial C.M,2026-09-24,69,0 days 00:01:58
Filial C.M,2026-09-24,81,0 days 00:00:06
Filial C.M,2026-09-24,100,0 days 00:00:04
Filial C.M,2026-09-24,63,0 days 00:00:35
Filial C.M,2026-09-24,30,0 days 00:00:52
Filial C.M,2026-09-24,52,0 days 00:01:15
Filial C.M,2026-09-24,89,0 days 00:04:46
Filial C.M,2026-09-24,48,0 days 00:02:20
Filial C.M,2026-09-24,107,0 days 00:03:21
Filial C.M,2026-09-24,106,0 days 00:05:23
Filial C.M,2026-09-24,86,0 days 00:00:27
Filial C.M,2026-09-24,62,0 days 00:00:17
Filial C.M,2026-09-24,36,0 days 00:00:49
Filial C.M,2026-09-24,96,0 days 00:00:53
Filial C.M,2026-09-24,85,0 days 00:01:37
Filial C.M,2026-09-24,51,0 days 00:00:04
Filial C.M,2026-09-24,10,0 days 00:00:19
Filial C.M,2026-09-24,68,0 days 00:01:51
Filial C.M,2026-09-24,97,0 days 00:02:56
Filial C.M,2026-09-24,192,0 days 00:03:17
Filial C.M,2026-09-24,91,0 days 00:03:33
Filial C.M,2026-09-24,73,0 days 00:00:39
Filial C.M,2026-09-24,38,0 days 00:02:01
Filial C.M,2026-09-24,114,0 days 00:01:19
Filial C.M,2026-09-24,77,0 days 00:00:52
Filial C.M,2026-09-24,120,0 days 00:00:05
Filial C.M,2026-09-24,100,0 days 00:00:04
Filial C.M,2026-09-24,100,0 days 00:00:03
Filial C.M,2026-09-24,132,0 days 00:00:10
Filial C.M,2026-09-24,126,0 days 00:02:25
Filial C.M,2026-09-24,100,0 days 00:00:45
Filial C.M,2026-09-24,142,0 days 00:03:04
Filial C.M,2026-09-24,179,0 days 00:00:59
Filial C.M,2026-09-24,180,0 days 00:00:04
Filial C.M,2026-09-24,66,0 days 00:00:30
Filial C.M,2026-09-24,48,0 days 00:01:34
Filial C.M,2026-09-24,70,0 days 00:03:28
Filial C.M,2026-09-24,198,0 days 00:00:03
Filial C.M,2026-09-24,177,0 days 00:00:50
Filial C.M,2026-09-24,1,0 days 00:00:13
Filial C.M,2026-09-24,57,0 days 00:02:06
Filial C.M,2026-09-24,78,0 days 00:02:05
Filial C.M,2026-09-24,110,0 days 00:04:38
Filial C.M,2026-09-24,159,0 days 00:00:28
Filial C.M,2026-09-24,169,0 days 00:00:28
Filial C.M,2026-09-24,132,0 days 00:00:50
Filial C.M,2026-09-24,1,0 days 00:00:04
Filial C.M,2026-09-24,19,0 days 00:00:05
Filial C.M,2026-09-24,80,0 days 00:00:04
Filial C.M,2026-09-24,198,0 days 00:00:03
Filial C.M,2026-09-24,180,0 days 00:00:41
Filial C.M,2026-09-24,23,0 days 00:00:15
Filial C.M,2026-09-24,3,0 days 00:00:08
Filial C.M,2026-09-24,22,0 days 00:00:10
Filial C.M,2026-09-24,33,0 days 00:01:16
Filial C.M,2026-09-24,112,0 days 00:01:51
Filial C.M,2026-09-24,56,0 days 00:01:06
Filial C.M,2026-09-24,147,0 days 00:01:54
Filial C.M,2026-09-24,238,0 days 00:02:17
Filial C.M,2026-09-24,264,0 days 00:00:07
Filial C.M,2026-09-24,100,0 days 00:01:03
Filial C.M,2026-09-24,59,0 days 00:00:58
Filial C.M,2026-09-24,56,0 days 00:04:08
Filial C.M,2026-09-24,297,0 days 00:02:38
Filial C.M,2026-09-24,4,0 days 00:00:06
Filial C.M,2026-09-24,1,0 days 00:00:08
Filial C.M,2026-09-24,108,0 days 00:00:05
Filial C.M,2026-09-24,60,0 days 00:00:04
Filial C.M,2026-09-24,105,0 days 00:00:04
Filial C.M,2026-09-24,136,0 days 00:00:04
Filial C.M,2026-09-24,80,0 days 00:00:03
Filial C.M,2026-09-24,40,0 days 00:00:04
Filial C.M,2026-09-24,54,0 days 00:00:03
Filial C.M,2026-09-24,69,0 days 00:00:03
Filial C.M,2026-09-24,84,0 days 00:00:33
Filial C.M,2026-09-24,92,0 days 00:00:29
Filial C.M,2026-09-24,8,0 days 00:00:18
Filial C.M,2026-09-25,96,0 days 00:04:14
Filial C.M,2026-09-25,60,0 days 00:01:47
Filial C.M,2026-09-25,34,0 days 00:00:04
Filial C.M,2026-09-25,59,0 days 00:00:31
Filial C.M,2026-09-25,64,0 days 00:01:33
Filial C.M,2026-09-25,99,0 days 00:00:10
Filial C.M,2026-09-25,156,0 days 00:00:05
Filial C.M,2026-09-25,11,0 days 00:00:47
Filial C.M,2026-09-25,39,0 days 00:01:08
Filial C.M,2026-09-25,76,0 days 00:00:10
Filial C.M,2026-09-25,115,0 days 00:00:39
Filial C.M,2026-09-25,186,0 days 00:00:06
Filial C.M,2026-09-25,100,0 days 00:00:45
Filial C.M,2026-09-25,31,0 days 00:01:25
Filial C.M,2026-09-25,30,0 days 00:01:05
Filial C.M,2026-09-25,3,0 days 00:00:14
Filial C.M,2026-09-25,68,0 days 00:00:33
Filial C.M,2026-09-25,43,0 days 00:00:59
Filial C.M,2026-09-25,45,0 days 00:00:48
Filial C.M,2026-09-25,81,0 days 00:00:05
Filial C.M,2026-09-25,98,0 days 00:00:09
Filial C.M,2026-09-25,47,0 days 00:00:47
Filial C.M,2026-09-25,52,0 days 00:02:07
Filial C.M,2026-09-25,61,0 days 00:00:07
Filial C.M,2026-09-25,88,0 days 00:00:47
Filial C.M,2026-09-25,19,0 days 00:01:37
Filial C.M,2026-09-25,38,0 days 00:02:34
Filial C.M,2026-09-25,114,0 days 00:01:56
Filial C.M,2026-09-25,47,0 days 00:00:47
Filial C.M,2026-09-25,23,0 days 00:00:36
Filial C.M,2026-09-25,33,0 days 00:00:29
Filial C.M,2026-09-25,58,0 days 00:01:05
Filial C.M,2026-09-25,112,0 days 00:00:25
Filial C.M,2026-09-25,1,0 days 00:00:09
Filial C.M,2026-09-25,170,0 days 00:01:38
Filial C.M,2026-09-25,81,0 days 00:00:03
Filial C.M,2026-09-25,100,0 days 00:00:04
Filial C.M,2026-09-25,163,0 days 00:03:07
Filial C.M,2026-09-25,57,0 days 00:01:20
Filial C.M,2026-09-25,131,0 days 00:00:04
Filial C.M,2026-09-25,179,0 days 00:00:04
Filial C.M,2026-09-25,64,0 days 00:00:06
Filial C.M,2026-09-25,30,0 days 00:00:04
Filial C.M,2026-09-25,156,0 days 00:00:04
Filial C.M,2026-09-25,100,0 days 00:00:04
Filial C.M,2026-09-25,30,0 days 00:01:27
Filial C.M,2026-09-25,180,0 days 00:00:03
Filial C.M,2026-09-25,107,0 days 00:03:30
Filial C.M,2026-09-25,32,0 days 00:00:45
Filial C.M,2026-09-25,74,0 days 00:00:58
Filial C.M,2026-09-25,33,0 days 00:00:39
Filial C.M,2026-09-25,39,0 days 00:01:19
Filial C.M,2026-09-25,84,0 days 00:00:47
Filial C.M,2026-09-25,87,0 days 00:02:04
Filial C.M,2026-09-25,107,0 days 00:00:03
Filial C.M,2026-09-25,87,0 days 00:00:03
Filial C.M,2026-09-25,56,0 days 00:00:04
Filial C.M,2026-09-25,50,0 days 00:00:03
Filial C.M,2026-09-25,94,0 days 00:00:04
Filial C.M,2026-09-25,59,0 days 00:00:04
Filial C.M,2026-09-25,81,0 days 00:00:04
Filial C.M,2026-09-25,67,0 days 00:00:04
Filial C.M,2026-09-28,2,0 days 00:00:03
Filial C.M,2026-09-28,101,0 days 00:00:03
Filial C.M,2026-09-28,14,0 days 00:00:03
Filial C.M,2026-09-28,172,0 days 00:00:48
Filial C.M,2026-09-28,128,0 days 00:00:14
Filial C.M,2026-09-28,138,0 days 00:00:31
Filial C.M,2026-09-28,112,0 days 00:00:35
Filial C.M,2026-09-28,2,0 days 00:00:06
Filial C.M,2026-09-28,138,0 days 00:00:43
Filial C.M,2026-09-28,137,0 days 00:03:25
Filial C.M,2026-09-28,163,0 days 00:00:06
Filial C.M,2026-09-28,99,0 days 00:00:33
Filial C.M,2026-09-28,32,0 days 00:02:13
Filial C.M,2026-09-28,70,0 days 00:01:50
Filial C.M,2026-09-28,11,0 days 00:00:44
Filial C.M,2026-09-28,53,0 days 00:01:45
Filial C.M,2026-09-28,94,0 days 00:01:07
Filial C.M,2026-09-28,60,0 days 00:02:34
Filial C.M,2026-09-28,4,0 days 00:00:06
Filial C.M,2026-09-28,14,0 days 00:01:30
Filial C.M,2026-09-28,6,0 days 00:00:05
Filial C.M,2026-09-28,100,0 days 00:00:04
Filial C.M,2026-09-28,59,0 days 00:00:32
Filial C.M,2026-09-28,75,0 days 00:00:51
Filial C.M,2026-09-28,102,0 days 00:01:51
Filial C.M,2026-09-28,228,0 days 00:01:22
Filial C.M,2026-09-28,170,0 days 00:00:03
Filial C.M,2026-09-28,125,0 days 00:00:03
Filial C.M,2026-09-28,108,0 days 00:00:04
Filial C.M,2026-09-28,114,0 days 00:00:09
Filial C.M,2026-09-28,61,0 days 00:00:03
Filial C.M,2026-09-28,100,0 days 00:00:05
Filial C.M,2026-09-28,27,0 days 00:01:06
Filial C.M,2026-09-28,98,0 days 00:02:54
Filial C.M,2026-09-28,77,0 days 00:01:04
Filial C.M,2026-09-28,64,0 days 00:01:11
Filial C.M,2026-09-28,60,0 days 00:00:16
Filial C.M,2026-09-28,157,0 days 00:00:17
Filial C.M,2026-09-28,58,0 days 00:00:55
Filial C.M,2026-09-28,53,0 days 00:01:00
Filial C.M,2026-09-28,52,0 days 00:00:51
Filial C.M,2026-09-28,68,0 days 00:00:36
Filial C.M,2026-09-28,82,0 days 00:00:17
Filial C.M,2026-09-28,99,0 days 00:01:25
Filial C.M,2026-09-28,81,0 days 00:00:04
Filial C.M,2026-09-28,69,0 days 00:01:16
Filial C.M,2026-09-28,100,0 days 00:00:03
Filial C.M,2026-09-28,50,0 days 00:00:16
Filial C.M,2026-09-28,58,0 days 00:00:35
Filial C.M,2026-09-28,76,0 days 00:00:49
Filial C.M,2026-09-28,112,0 days 00:02:06
Filial C.M,2026-09-28,48,0 days 00:01:05
Filial C.M,2026-09-28,2,0 days 00:00:12
Filial C.M,2026-09-28,41,0 days 00:01:13
Filial C.M,2026-09-28,101,0 days 00:02:44
Filial C.M,2026-09-28,180,0 days 00:00:03
Filial C.M,2026-09-28,137,0 days 00:01:00
Filial C.M,2026-09-28,138,0 days 00:00:50
Filial C.M,2026-09-28,194,0 days 00:07:49
Filial C.M,2026-09-28,120,0 days 00:00:25
Filial C.M,2026-09-28,59,0 days 00:00:42
Filial C.M,2026-09-28,28,0 days 00:00:06
Filial C.M,2026-09-28,119,0 days 00:02:05
Filial C.M,2026-09-28,63,0 days 00:01:46
Filial C.M,2026-09-28,1,0 days 00:00:09
Filial C.M,2026-09-28,100,0 days 00:01:58
Filial C.M,2026-09-28,166,0 days 00:00:06
Filial C.M,2026-09-28,262,0 days 00:00:48
Filial C.M,2026-09-28,180,0 days 00:00:08
Filial C.M,2026-09-28,67,0 days 00:01:52
Filial C.M,2026-09-28,181,0 days 00:00:08
Filial C.M,2026-09-28,86,0 days 00:00:03
Filial C.M,2026-09-28,43,0 days 00:00:04
Filial C.M,2026-09-28,60,0 days 00:00:04
Filial C.M,2026-09-28,2,0 days 00:00:06
Filial C.M,2026-09-28,198,0 days 00:00:04
Filial C.M,2026-09-28,27,0 days 00:01:13
Filial C.M,2026-09-28,128,0 days 00:00:04
Filial C.M,2026-09-28,62,0 days 00:00:36
Filial C.M,2026-09-28,73,0 days 00:03:17
Filial C.M,2026-09-28,28,0 days 00:00:41
Filial C.M,2026-09-28,1,0 days 00:00:07
Filial C.M,2026-09-28,86,0 days 00:01:38
Filial C.M,2026-09-28,46,0 days 00:00:04
Filial C.M,2026-09-28,28,0 days 00:00:53
Filial C.M,2026-09-28,69,0 days 00:01:45
Filial C.M,2026-09-28,112,0 days 00:00:14
Filial C.M,2026-09-28,107,0 days 00:02:33
Filial C.M,2026-09-28,135,0 days 00:00:38
Filial C.M,2026-09-28,145,0 days 00:00:20
Filial C.M,2026-09-28,45,0 days 00:00:18
Filial C.M,2026-09-28,67,0 days 00:00:14
Filial C.M,2026-09-28,70,0 days 00:00:50
Filial C.M,2026-09-28,30,0 days 00:00:22
Filial C.M,2026-09-28,3,0 days 00:00:13
Filial C.M,2026-09-28,15,0 days 00:00:11
Filial C.M,2026-09-28,75,0 days 00:00:10
Filial C.M,2026-09-28,164,0 days 00:00:38
Filial C.M,2026-09-28,5,0 days 00:00:14
Filial C.M,2026-09-28,17,0 days 00:00:03
Filial C.M,2026-09-28,3,0 days 00:00:26
Filial C.M,2026-09-28,6,0 days 00:00:03
Filial C.M,2026-09-28,6,0 days 00:00:03
Filial C.M,2026-09-28,237,0 days 00:00:20
Filial C.M,2026-09-28,209,0 days 00:00:03
Filial C.M,2026-09-28,2,0 days 00:00:04
Filial C.M,2026-09-28,25,0 days 00:00:17
Filial C.M,2026-09-28,3,0 days 00:00:03
Filial C.M,2026-09-28,2,0 days 00:00:03
Filial C.M,2026-09-28,113,0 days 00:01:54
Filial C.M,2026-09-28,2,0 days 00:00:04
Filial C.M,2026-09-28,7,0 days 00:00:34
Filial C.M,2026-09-28,16,0 days 00:00:12
Filial PPR,2026-09-29,100,0 days 00:00:05
Filial PPR,2026-09-29,60,0 days 00:00:13
Filial PPR,2026-09-29,180,0 days 00:00:05
Filial PPR,2026-09-29,180,0 days 00:00:04
Filial PPR,2026-09-29,60,0 days 00:00:04
Filial PPR,2026-09-29,59,0 days 00:00:04
Filial PPR,2026-09-29,32,0 days 00:00:04
Filial PPR,2026-09-29,17,0 days 00:00:04
Filial PPR,2026-09-29,60,0 days 00:00:03
Filial PPR,2026-09-29,50,0 days 00:00:04
Filial PPR,2026-09-29,58,0 days 00:00:14
Filial PPR,2026-09-29,191,0 days 00:00:05
Filial PPR,2026-09-29,60,0 days 00:00:11
Filial PPR,2026-09-29,60,0 days 00:00:04
Filial PPR,2026-09-29,60,0 days 00:00:03
Filial PPR,2026-09-29,60,0 days 00:00:03
Filial PPR,2026-09-29,54,0 days 00:00:03
Filial PPR,2026-09-29,55,0 days 00:00:04
Filial PPR,2026-09-29,36,0 days 00:00:04
Filial PPR,2026-09-29,161,0 days 00:00:12
Filial PPR,2026-09-29,198,0 days 00:00:03
Filial PPR,2026-09-29,81,0 days 00:00:03
Filial PPR,2026-09-29,78,0 days 00:00:04
Filial PPR,2026-09-29,46,0 days 00:00:04
Filial PPR,2026-09-29,34,0 days 00:00:03
Filial PPR,2026-09-29,252,0 days 00:00:03
Filial PPR,2026-09-29,252,0 days 00:00:03
Filial PPR,2026-09-29,252,0 days 00:00:03
Filial PPR,2026-09-29,111,0 days 00:01:22
Filial PPR,2026-09-29,31,0 days 00:00:43
Filial PPR,2026-09-29,8,0 days 00:00:18
Filial PPR,2026-09-29,40,0 days 00:01:20
Filial PPR,2026-09-29,39,0 days 00:01:53
Filial PPR,2026-09-29,56,0 days 00:01:17
Filial PPR,2026-09-29,181,0 days 00:00:10
Filial PPR,2026-09-29,38,0 days 00:00:04
Filial PPR,2026-09-29,27,0 days 00:00:03
Filial PPR,2026-09-29,19,0 days 00:00:04
Filial PPR,2026-09-29,81,0 days 00:00:03
Filial PPR,2026-09-29,60,0 days 00:00:04
Filial PPR,2026-09-29,180,0 days 00:00:03
Filial PPR,2026-09-29,59,0 days 00:00:03
Filial PPR,2026-09-29,74,0 days 00:00:03
Filial PPR,2026-09-29,49,0 days 00:00:03
Filial PPR,2026-09-29,52,0 days 00:00:04
Filial PPR,2026-09-29,20,0 days 00:01:06
Filial PPR,2026-09-29,65,0 days 00:00:06
Filial PPR,2026-09-29,14,0 days 00:00:24
Filial PPR,2026-09-29,10,0 days 00:00:23
Filial PPR,2026-09-29,22,0 days 00:00:04
Filial PPR,2026-09-29,60,0 days 00:00:03
Filial PPR,2026-09-29,249,0 days 00:00:04
Filial PPR,2026-09-29,51,0 days 00:00:04
Filial PPR,2026-09-29,48,0 days 00:00:03
Filial PPR,2026-09-29,37,0 days 00:00:05
Filial PPR,2026-09-29,25,0 days 00:00:03
Filial C.M,2026-09-29,176,0 days 00:02:52
Filial C.M,2026-09-29,190,0 days 00:01:18
Filial C.M,2026-09-29,21,0 days 00:00:43
Filial C.M,2026-09-29,67,0 days 00:00:47
Filial C.M,2026-09-29,146,0 days 00:02:48
Filial C.M,2026-09-29,86,0 days 00:00:26
Filial C.M,2026-09-29,87,0 days 00:00:15
Filial C.M,2026-09-29,102,0 days 00:03:12
Filial C.M,2026-09-29,157,0 days 00:00:25
Filial C.M,2026-09-29,60,0 days 00:00:05
Filial C.M,2026-09-29,90,0 days 00:14:18
Filial C.M,2026-09-29,139,0 days 00:00:27
Filial C.M,2026-09-29,60,0 days 00:02:06
Filial C.M,2026-09-29,100,0 days 00:00:04
Filial C.M,2026-09-29,65,0 days 00:00:33
Filial C.M,2026-09-29,89,0 days 00:00:27
Filial C.M,2026-09-29,88,0 days 00:03:05
Filial C.M,2026-09-29,49,0 days 00:00:46
Filial C.M,2026-09-29,58,0 days 00:01:37
Filial C.M,2026-09-29,34,0 days 00:00:39
Filial C.M,2026-09-29,115,0 days 00:00:19
Filial C.M,2026-09-29,184,0 days 00:00:10
Filial C.M,2026-09-29,50,0 days 00:00:07
Filial C.M,2026-09-29,68,0 days 00:00:19
Filial C.M,2026-09-29,58,0 days 00:00:05
Filial C.M,2026-09-29,88,0 days 00:00:48
Filial C.M,2026-09-29,100,0 days 00:00:05
Filial C.M,2026-09-29,252,0 days 00:00:03
Filial C.M,2026-09-29,81,0 days 00:00:04
Filial C.M,2026-09-29,176,0 days 00:00:04
Filial C.M,2026-09-29,153,0 days 00:00:03
Filial C.M,2026-09-29,200,0 days 00:00:04
Filial C.M,2026-09-29,56,0 days 00:00:30
Filial C.M,2026-09-29,180,0 days 00:00:03
Filial C.M,2026-09-29,56,0 days 00:00:03
Filial C.M,2026-09-29,84,0 days 00:00:03
Filial C.M,2026-09-29,198,0 days 00:00:03
Filial C.M,2026-09-29,150,0 days 00:00:03
Filial C.M,2026-09-29,35,0 days 00:00:05
Filial C.M,2026-09-29,63,0 days 00:00:03
Filial C.M,2026-09-29,47,0 days 00:00:04
Filial C.M,2026-09-29,32,0 days 00:01:45
Filial C.M,2026-09-29,41,0 days 00:00:34
Filial C.M,2026-09-29,65,0 days 00:01:05
Filial C.M,2026-09-29,180,0 days 00:00:03
Filial C.M,2026-09-29,180,0 days 00:00:03
Filial C.M,2026-09-29,37,0 days 00:00:28
Filial C.M,2026-09-29,48,0 days 00:00:53
Filial C.M,2026-09-29,71,0 days 00:02:31
Filial C.M,2026-09-29,61,0 days 00:00:21
Filial C.M,2026-09-29,63,0 days 00:01:07
Filial C.M,2026-09-29,31,0 days 00:00:54
Filial C.M,2026-09-29,264,0 days 00:00:07
Filial C.M,2026-09-29,100,0 days 00:00:04
Filial C.M,2026-09-29,117,0 days 00:00:35
Filial C.M,2026-09-29,33,0 days 00:01:15
Filial C.M,2026-09-29,41,0 days 00:00:28
Filial C.M,2026-09-29,50,0 days 00:00:08
Filial C.M,2026-09-29,37,0 days 00:00:04
Filial C.M,2026-09-29,25,0 days 00:00:04
Filial C.M,2026-09-29,7,0 days 00:00:03
Filial C.M,2026-09-29,81,0 days 00:00:27
Filial C.M,2026-09-29,46,0 days 00:00:19
Filial C.M,2026-09-29,85,0 days 00:00:24
Filial C.M,2026-09-29,33,0 days 00:01:07
Filial C.M,2026-09-29,58,0 days 00:00:04
Filial C.M,2026-09-29,62,0 days 00:01:03
Filial C.M,2026-09-29,31,0 days 00:00:18
Filial C.M,2026-09-29,126,0 days 00:00:03
Filial C.M,2026-09-29,121,0 days 00:00:03
Filial C.M,2026-09-29,100,0 days 00:00:03
Filial C.M,2026-09-29,62,0 days 00:00:03
Filial C.M,2026-09-29,103,0 days 00:00:04
Filial C.M,2026-09-29,136,0 days 00:00:04
Filial C.M,2026-09-29,46,0 days 00:01:19
Filial C.M,2026-09-29,60,0 days 00:01:16
Filial C.M,2026-09-29,180,0 days 00:00:03
Filial C.M,2026-09-29,63,0 days 00:01:08
Filial C.M,2026-09-29,100,0 days 00:00:03
Filial C.M,2026-09-29,74,0 days 00:00:37
Filial C.M,2026-09-29,180,0 days 00:00:02
Filial C.M,2026-09-29,23,0 days 00:00:04
Filial C.M,2026-09-29,95,0 days 00:00:27
Filial C.M,2026-09-29,106,0 days 00:00:52
Filial C.M,2026-09-29,78,0 days 00:01:37
Filial C.M,2026-09-29,51,0 days 00:02:48
Filial C.M,2026-09-29,100,0 days 00:00:03
Filial C.M,2026-09-29,252,0 days 00:00:03
Filial C.M,2026-09-29,72,0 days 00:01:49
Filial C.M,2026-09-29,75,0 days 00:01:54
Filial C.M,2026-09-29,90,0 days 00:00:22
Filial C.M,2026-09-29,107,0 days 00:00:50
Filial C.M,2026-09-29,170,0 days 00:01:41
Filial C.M,2026-09-29,33,0 days 00:00:54
Filial C.M,2026-09-29,40,0 days 00:00:26
Filial C.M,2026-09-29,48,0 days 00:01:00
Filial C.M,2026-09-29,111,0 days 00:02:13
Filial C.M,2026-09-29,130,0 days 00:00:34
Filial C.M,2026-09-29,77,0 days 00:00:03
Filial C.M,2026-09-29,117,0 days 00:00:03
Filial C.M,2026-09-29,125,0 days 00:00:03
Filial C.M,2026-09-29,53,0 days 00:00:03
Filial C.M,2026-09-29,83,0 days 00:00:04
Filial C.M,2026-09-29,8,0 days 00:00:03
Filial C.M,2026-09-29,71,0 days 00:01:33
Filial C.M,2026-09-29,100,0 days 00:00:03
Filial C.M,2026-09-29,180,0 days 00:00:03
Filial C.M,2026-09-29,28,0 days 00:00:03
Filial C.M,2026-09-29,59,0 days 00:00:04
Filial C.M,2026-09-29,118,0 days 00:00:03
Filial C.M,2026-09-29,57,0 days 00:02:14
Filial C.M,2026-09-29,103,0 days 00:00:49
Filial C.M,2026-09-29,41,0 days 00:00:45
Filial C.M,2026-09-29,100,0 days 00:00:03
Filial C.M,2026-09-29,180,0 days 00:00:03
Filial C.M,2026-09-29,61,0 days 00:01:16
Filial C.M,2026-09-29,374,0 days 00:05:26
Filial C.M,2026-09-29,198,0 days 00:00:04
Filial C.M,2026-09-29,41,0 days 00:01:18
Filial C.M,2026-09-29,81,0 days 00:01:51
Filial C.M,2026-09-29,85,0 days 00:00:23
Filial C.M,2026-09-29,58,0 days 00:01:42
Filial C.M,2026-09-29,97,0 days 00:00:50
Filial C.M,2026-09-29,11,0 days 00:00:21
Filial C.M,2026-09-29,12,0 days 00:00:48
Filial C.M,2026-09-29,60,0 days 00:01:26
Filial C.M,2026-09-29,2,0 days 00:00:03
Filial C.M,2026-09-29,89,0 days 00:00:04
Filial C.M,2026-09-29,95,0 days 00:00:09
Filial C.M,2026-09-29,76,0 days 00:00:04
Filial C.M,2026-09-29,30,0 days 00:00:11
Filial C.M,2026-09-29,149,0 days 00:00:08
Filial C.M,2026-09-29,67,0 days 00:02:55
Filial C.M,2026-09-29,159,0 days 00:00:03
Filial C.M,2026-09-29,56,0 days 00:01:10
Filial C.M,2026-09-29,57,0 days 00:00:21
Filial C.M,2026-09-29,198,0 days 00:00:04
Filial C.M,2026-09-29,84,0 days 00:02:16
Filial C.M,2026-09-29,175,0 days 00:00:46
Filial C.M,2026-09-29,180,0 days 00:00:04
Filial C.M,2026-09-29,81,0 days 00:00:05
Filial C.M,2026-09-29,30,0 days 00:01:50
Filial C.M,2026-09-29,43,0 days 00:00:49
Filial C.M,2026-09-29,53,0 days 00:00:41
Filial C.M,2026-09-29,91,0 days 00:00:08
Filial C.M,2026-09-29,162,0 days 00:02:40
Filial C.M,2026-09-29,220,0 days 00:00:27
Filial C.M,2026-09-29,264,0 days 00:00:03
Filial C.M,2026-09-29,48,0 days 00:00:04
Filial C.M,2026-09-29,100,0 days 00:00:03
Filial C.M,2026-09-29,20,0 days 00:00:09
Filial C.M,2026-09-29,79,0 days 00:01:07
Filial C.M,2026-09-29,84,0 days 00:00:43
Filial C.M,2026-09-29,100,0 days 00:00:06
Filial C.M,2026-09-29,100,0 days 00:00:04
Filial C.M,2026-09-29,156,0 days 00:00:10
Filial C.M,2026-09-29,12,0 days 00:00:03
Filial C.M,2026-09-29,53,0 days 00:00:03
Filial C.M,2026-09-29,100,0 days 00:00:03
Filial C.M,2026-09-29,18,0 days 00:00:03
Filial C.M,2026-09-29,135,0 days 00:00:04
Filial C.M,2026-09-29,63,0 days 00:00:03
Filial C.M,2026-09-29,18,0 days 00:00:17
Filial C.M,2026-09-29,82,0 days 00:00:03
Filial Matão,2026-09-29,67,0 days 00:02:11
Filial Matão,2026-09-29,17,0 days 00:01:04
Filial Matão,2026-09-29,39,0 days 00:01:13
Filial Matão,2026-09-29,137,0 days 00:11:17
Filial Matão,2026-09-29,144,0 days 00:02:24
Filial Matão,2026-09-29,56,0 days 00:01:15
Filial Matão,2026-09-29,140,0 days 00:00:14
Filial Matão,2026-09-29,155,0 days 00:05:11
Filial Matão,2026-09-29,13,0 days 00:02:07
Filial Matão,2026-09-29,43,0 days 00:00:48
Filial Matão,2026-09-29,41,0 days 00:01:22
Filial Matão,2026-09-29,79,0 days 00:02:09
Filial Matão,2026-09-29,66,0 days 00:01:54
Filial Matão,2026-09-29,85,0 days 00:00:39
Filial Matão,2026-09-29,129,0 days 00:10:06
Filial Matão,2026-09-29,96,0 days 00:00:34
Filial Matão,2026-09-29,21,0 days 00:00:35
Filial Matão,2026-09-29,49,0 days 00:02:45
Filial Matão,2026-09-30,41,0 days 00:01:40
Filial Matão,2026-09-30,47,0 days 00:01:49
Filial Matão,2026-09-30,24,0 days 00:00:22
Filial Matão,2026-09-30,166,0 days 00:00:24
Filial Matão,2026-09-30,180,0 days 00:00:12
Filial Matão,2026-09-30,62,0 days 00:01:55
Filial Matão,2026-09-30,63,0 days 00:01:23
Filial Matão,2026-09-30,180,0 days 00:00:05
Filial Matão,2026-09-30,41,0 days 00:01:32
Filial Matão,2026-09-30,8,0 days 00:00:30
Filial Matão,2026-09-30,60,0 days 00:00:21
Filial Matão,2026-09-30,180,0 days 00:00:19
Filial Matão,2026-09-30,58,0 days 00:00:51
Filial Matão,2026-09-30,72,0 days 00:03:22
Filial Matão,2026-09-30,45,0 days 00:03:06
Filial Matão,2026-09-30,48,0 days 00:02:09
Filial Matão,2026-09-30,112,0 days 00:01:42
Filial Matão,2026-09-30,60,0 days 00:00:04
Filial Matão,2026-09-30,60,0 days 00:00:13
Filial Matão,2026-09-30,63,0 days 00:05:03
Filial Matão,2026-09-30,60,0 days 00:01:14
Filial Matão,2026-09-30,65,0 days 00:01:50
Filial Matão,2026-09-30,119,0 days 00:00:11
Filial Matão,2026-09-30,3,0 days 00:00:09
Filial Matão,2026-09-30,48,0 days 00:03:25
Filial Matão,2026-09-30,180,0 days 00:00:04
Filial Matão,2026-09-30,180,0 days 00:00:04
Filial Matão,2026-09-30,7,0 days 00:00:38
Filial Matão,2026-09-30,60,0 days 00:00:29
Filial Matão,2026-09-30,12,0 days 00:00:56
Filial Matão,2026-09-30,29,0 days 00:00:20
Filial Matão,2026-09-30,90,0 days 00:00:16
Filial PPR,2026-09-30,70,0 days 00:00:03
Filial PPR,2026-09-30,69,0 days 00:00:03
Filial PPR,2026-09-30,52,0 days 00:00:06
Filial PPR,2026-09-30,83,0 days 00:00:05
Filial PPR,2026-09-30,81,0 days 00:00:12
Filial PPR,2026-09-30,43,0 days 00:00:03
Filial PPR,2026-09-30,140,0 days 00:00:04
Filial PPR,2026-09-30,37,0 days 00:00:04
Filial PPR,2026-09-30,56,0 days 00:00:03
Filial PPR,2026-09-30,31,0 days 00:00:04
Filial PPR,2026-09-30,95,0 days 00:00:08
Filial PPR,2026-09-30,24,0 days 00:00:39
Filial PPR,2026-09-30,7,0 days 00:00:09
Filial PPR,2026-09-30,41,0 days 00:01:23
Filial PPR,2026-09-30,31,0 days 00:03:08
Filial PPR,2026-09-30,31,0 days 00:00:10
Filial PPR,2026-09-30,135,0 days 00:04:27
Filial PPR,2026-09-30,180,0 days 00:00:33
Filial PPR,2026-09-30,60,0 days 00:00:04
Filial PPR,2026-09-30,60,0 days 00:00:23
Filial PPR,2026-09-30,55,0 days 00:01:02
Filial PPR,2026-09-30,26,0 days 00:00:04
Filial PPR,2026-09-30,31,0 days 00:00:05
Filial PPR,2026-09-30,50,0 days 00:02:19
Filial PPR,2026-09-30,35,0 days 00:02:48
Filial PPR,2026-09-30,76,0 days 00:00:10
Filial PPR,2026-09-30,127,0 days 00:00:07
Filial PPR,2026-09-30,18,0 days 00:00:10
Filial PPR,2026-09-30,34,0 days 00:00:07
Filial PPR,2026-09-30,44,0 days 00:00:06
Filial PPR,2026-09-30,58,0 days 00:01:11
Filial PPR,2026-09-30,9,0 days 00:01:34
Filial PPR,2026-09-30,60,0 days 00:00:20
Filial PPR,2026-09-30,168,0 days 00:00:20
Filial PPR,2026-09-30,81,0 days 00:00:09
Filial PPR,2026-09-30,60,0 days 00:00:03
Filial PPR,2026-09-30,45,0 days 00:00:18
Filial PPR,2026-09-30,12,0 days 00:00:03
Filial PPR,2026-09-30,39,0 days 00:00:05
Filial PPR,2026-09-30,10,0 days 00:00:09
Filial PPR,2026-09-30,10,0 days 00:00:10
Filial PPR,2026-09-30,9,0 days 00:00:09
Filial PPR,2026-09-30,6,0 days 00:00:06
Filial PPR,2026-09-30,65,0 days 00:00:05
Filial PPR,2026-09-30,36,0 days 00:00:09
Filial PPR,2026-09-30,81,0 days 00:00:05
Filial PPR,2026-09-30,110,0 days 00:00:03
Filial PPR,2026-09-30,46,0 days 00:00:03
Filial PPR,2026-09-30,44,0 days 00:00:04
Filial PPR,2026-09-30,37,0 days 00:00:08
Filial PPR,2026-09-30,180,0 days 00:00:03
Filial PPR,2026-09-30,60,0 days 00:00:04
Filial PPR,2026-09-30,60,0 days 00:00:02
Filial PPR,2026-09-30,60,0 days 00:00:03
Filial PPR,2026-09-30,158,0 days 00:00:07
Filial PPR,2026-09-30,180,0 days 00:00:03
Filial PPR,2026-09-30,16,0 days 00:00:04
Filial PPR,2026-09-30,30,0 days 00:00:04
Filial C.M,2026-09-30,155,0 days 00:02:22
Filial C.M,2026-09-30,22,0 days 00:00:28
Filial C.M,2026-09-30,34,0 days 00:00:32
Filial C.M,2026-09-30,112,0 days 00:00:35
Filial C.M,2026-09-30,76,0 days 00:01:11
Filial C.M,2026-09-30,80,0 days 00:00:41
Filial C.M,2026-09-30,83,0 days 00:00:14
Filial C.M,2026-09-30,139,0 days 00:00:16
Filial C.M,2026-09-30,178,0 days 00:00:17
Filial C.M,2026-09-30,233,0 days 00:00:48
Filial C.M,2026-09-30,100,0 days 00:00:04
Filial C.M,2026-09-30,180,0 days 00:00:02
Filial C.M,2026-09-30,36,0 days 00:00:03
Filial C.M,2026-09-30,46,0 days 00:00:58
Filial C.M,2026-09-30,62,0 days 00:01:06
Filial C.M,2026-09-30,44,0 days 00:00:24
Filial C.M,2026-09-30,27,0 days 00:01:15
Filial C.M,2026-09-30,44,0 days 00:00:30
Filial C.M,2026-09-30,77,0 days 00:00:47
Filial C.M,2026-09-30,178,0 days 00:00:26
Filial C.M,2026-09-30,100,0 days 00:00:05
Filial C.M,2026-09-30,35,0 days 00:01:26
Filial C.M,2026-09-30,105,0 days 00:01:01
Filial C.M,2026-09-30,180,0 days 00:00:04
Filial C.M,2026-09-30,180,0 days 00:00:03
Filial C.M,2026-09-30,30,0 days 00:00:22
Filial C.M,2026-09-30,180,0 days 00:00:04
Filial C.M,2026-09-30,80,0 days 00:01:19
Filial C.M,2026-09-30,94,0 days 00:02:00
Filial C.M,2026-09-30,125,0 days 00:01:40
Filial C.M,2026-09-30,144,0 days 00:00:35
Filial C.M,2026-09-30,75,0 days 00:02:26
Filial C.M,2026-09-30,120,0 days 00:03:11
Filial C.M,2026-09-30,186,0 days 00:01:57
Filial C.M,2026-09-30,180,0 days 00:00:04
Filial C.M,2026-09-30,69,0 days 00:01:21
Filial C.M,2026-09-30,100,0 days 00:02:37
Filial C.M,2026-09-30,52,0 days 00:00:06
Filial C.M,2026-09-30,61,0 days 00:00:45
Filial C.M,2026-09-30,100,0 days 00:01:35
Filial C.M,2026-09-30,75,0 days 00:00:33
Filial C.M,2026-09-30,80,0 days 00:00:19
Filial C.M,2026-09-30,170,0 days 00:00:42
Filial C.M,2026-09-30,100,0 days 00:00:03
Filial C.M,2026-09-30,180,0 days 00:00:03
Filial C.M,2026-09-30,180,0 days 00:00:03
Filial C.M,2026-09-30,28,0 days 00:01:20
Filial C.M,2026-09-30,60,0 days 00:02:16
Filial C.M,2026-09-30,143,0 days 00:01:26
Filial C.M,2026-09-30,72,0 days 00:04:38
Filial C.M,2026-09-30,24,0 days 00:02:21
Filial C.M,2026-09-30,129,0 days 00:02:55
Filial C.M,2026-09-30,88,0 days 00:01:30
Filial C.M,2026-09-30,116,0 days 00:06:09
Filial C.M,2026-09-30,81,0 days 00:01:01
Filial C.M,2026-09-30,80,0 days 00:01:33
Filial C.M,2026-09-30,64,0 days 00:04:27
Filial C.M,2026-09-30,100,0 days 00:00:38
Filial C.M,2026-09-30,189,0 days 00:00:33
Filial C.M,2026-09-30,180,0 days 00:00:05
Filial C.M,2026-09-30,49,0 days 00:00:04
Filial C.M,2026-09-30,20,0 days 00:00:49
Filial C.M,2026-09-30,18,0 days 00:00:11
Filial C.M,2026-09-30,81,0 days 00:00:10
Filial C.M,2026-09-30,80,0 days 00:00:12
Filial C.M,2026-09-30,131,0 days 00:01:22
Filial C.M,2026-09-30,122,0 days 00:00:30
Filial C.M,2026-09-30,184,0 days 00:04:38
Filial C.M,2026-09-30,70,0 days 00:01:29
Filial C.M,2026-09-30,171,0 days 00:00:07
Filial C.M,2026-09-30,117,0 days 00:01:40
Filial C.M,2026-09-30,90,0 days 00:01:55
Filial C.M,2026-09-30,38,0 days 00:01:31
Filial C.M,2026-09-30,68,0 days 00:02:17
Filial C.M,2026-09-30,100,0 days 00:00:04
Filial C.M,2026-09-30,38,0 days 00:01:58
Filial C.M,2026-09-30,100,0 days 00:00:04
Filial C.M,2026-09-30,69,0 days 00:01:32
Filial C.M,2026-09-30,56,0 days 00:02:13
Filial C.M,2026-09-30,133,0 days 00:01:52
Filial C.M,2026-09-30,64,0 days 00:01:13
Filial C.M,2026-09-30,92,0 days 00:02:08
Filial C.M,2026-09-30,135,0 days 00:00:20
Filial C.M,2026-09-30,85,0 days 00:00:05
Filial C.M,2026-09-30,143,0 days 00:00:26
Filial C.M,2026-09-30,153,0 days 00:00:46
Filial C.M,2026-09-30,138,0 days 00:05:47
Filial C.M,2026-09-30,204,0 days 00:03:05
Filial C.M,2026-09-30,54,0 days 00:01:00
Filial Matão,2026-10-01,38,0 days 00:01:06
Filial Matão,2026-10-01,37,0 days 00:06:51
Filial Matão,2026-10-01,21,0 days 00:00:28
Filial Matão,2026-10-01,18,0 days 00:00:46
Filial Matão,2026-10-01,127,0 days 00:01:50
Filial Matão,2026-10-01,116,0 days 00:03:41
Filial Matão,2026-10-01,50,0 days 00:00:32
Filial Matão,2026-10-01,48,0 days 00:03:07
Filial Matão,2026-10-01,47,0 days 00:02:55
Filial Matão,2026-10-01,115,0 days 00:02:06
Filial Matão,2026-10-01,31,0 days 00:01:29
Filial PPR,2026-10-01,77,0 days 00:00:51
Filial PPR,2026-10-01,54,0 days 00:00:57
Filial PPR,2026-10-01,67,0 days 00:01:19
Filial PPR,2026-10-01,13,0 days 00:01:11
Filial PPR,2026-10-01,12,0 days 00:00:28
Filial PPR,2026-10-01,50,0 days 00:00:15
Filial PPR,2026-10-01,192,0 days 00:00:03
Filial PPR,2026-10-01,81,0 days 00:00:04
Filial PPR,2026-10-01,78,0 days 00:00:04
Filial PPR,2026-10-01,66,0 days 00:00:04
Filial PPR,2026-10-01,60,0 days 00:00:07
Filial PPR,2026-10-01,184,0 days 00:00:04
Filial PPR,2026-10-01,100,0 days 00:00:04
Filial PPR,2026-10-01,100,0 days 00:00:03
Filial PPR,2026-10-01,100,0 days 00:03:14
Filial PPR,2026-10-01,61,0 days 00:02:34
Filial PPR,2026-10-01,22,0 days 00:00:15
Filial PPR,2026-10-01,60,0 days 00:01:02
Filial PPR,2026-10-01,122,0 days 00:00:51
Filial PPR,2026-10-01,20,0 days 00:00:08
Filial PPR,2026-10-01,4,0 days 00:00:12
Filial PPR,2026-10-01,22,0 days 00:00:22
Filial PPR,2026-10-01,40,0 days 00:01:02
