"TRANSPORTE","DATA_OPERACAO","TOTAL_PALETES_MISTOS","LISTA","MONTADOR","CAIXAS","TEMPO_MONTAGEM_POR_USUARIO","TRANSPORTE","TEMPO_MONTAGEM_POR_TRANSPORTE"
"1000221774",2026-08-28,7,EYU3361D2,LUCAS,92,"00:14:39","1000221774","01:17:41"
"1000221774",2026-08-28,7,EYU3361E1,PEDRO,79,"00:09:29","1000221774","01:17:41"
"1000221774",2026-08-28,7,EYU3361E3,JOSÉ,84,"00:17:03","1000221774","01:17:41"
"1000221774",2026-08-28,7,EYU3361E2,LUCAS,32,"00:02:19","1000221774","01:17:41"
"1000221774",2026-08-28,7,EYU3361D3,EMANUEL,84,"00:15:09","1000221774","01:17:41"
"1000221774",2026-08-28,7,EYU3361E4,LEONARDO,84,"00:10:19","1000221774","01:17:41"
"1000221774",2026-08-28,7,EYU3361D4,LEONARDO,45,"00:08:43","1000221774","01:17:41"
"1000221773",2026-08-28,7,EYU3356D4,PEDRO,90,"00:17:10","1000221773","01:38:58"
"1000221773",2026-08-28,7,EYU3356D3,LUCAS,131,"00:18:41","1000221773","01:38:58"
"1000221773",2026-08-28,7,EYU3356E2,EMANUEL,147,"00:39:02","1000221773","01:38:58"
"1000221773",2026-08-28,7,EYU3356D5,JOSÉ,6,"00:00:23","1000221773","01:38:58"
"1000221773",2026-08-28,7,EYU3356E3,JOSÉ,24,"00:00:31","1000221773","01:38:58"
"1000221773",2026-08-28,7,EYU3356E4,LEONARDO,43,"00:17:20","1000221773","01:38:58"
"1000221773",2026-08-28,7,EYU3356D2,LEONARDO,62,"00:05:51","1000221773","01:38:58"
"1000221775",2026-08-28,8,EYU3363D2,LUCAS,81,"00:03:05","1000221775","01:25:33"
"1000221775",2026-08-28,8,EYU3363D3,EMANUEL,136,"00:19:40","1000221775","01:25:33"
"1000221775",2026-08-28,8,EYU3363D5,JOSÉ,24,"00:01:09","1000221775","01:25:33"
"1000221775",2026-08-28,8,EYU3363D4,JOSÉ,70,"00:16:06","1000221775","01:25:33"
"1000221775",2026-08-28,8,EYU3363E2,LEONARDO,113,"00:16:22","1000221775","01:25:33"
"1000221775",2026-08-28,8,EYU3363E1,LUCAS,79,"00:05:52","1000221775","01:25:33"
"1000221775",2026-08-28,8,EYU3363E3,LUCAS,38,"00:07:21","1000221775","01:25:33"
"1000221775",2026-08-28,8,EYU3363E4,PEDRO,74,"00:15:58","1000221775","01:25:33"
"1000221781",2026-08-28,8,DBC8717D3,EMANUEL,124,"00:22:11","1000221781","01:13:30"
"1000221781",2026-08-28,8,DBC8717E3,LUCAS,27,"00:10:36","1000221781","01:13:30"
"1000221781",2026-08-28,8,DBC8717E2,LEONARDO,26,"00:01:38","1000221781","01:13:30"
"1000221781",2026-08-28,8,DBC8717D5,LEONARDO,29,"00:04:55","1000221781","01:13:30"
"1000221781",2026-08-28,8,DBC8717D1,LEONARDO,60,"00:00:39","1000221781","01:13:30"
"1000221781",2026-08-28,8,DBC8717E4,LEONARDO,34,"00:09:38","1000221781","01:13:30"
"1000221781",2026-08-28,8,DBC8717D2,PEDRO,62,"00:15:22","1000221781","01:13:30"
"1000221781",2026-08-28,8,DBC8717E1,LUCAS,118,"00:08:31","1000221781","01:13:30"
"1000221777",2026-08-28,7,EYU3702E2,LEONARDO,67,"00:10:33","1000221777","01:40:59"
"1000221777",2026-08-28,7,EYU3702D3,JOSÉ,71,"00:17:07","1000221777","01:40:59"
"1000221777",2026-08-28,7,EYU3702E4,EMANUEL,164,"00:19:12","1000221777","01:40:59"
"1000221777",2026-08-28,7,EYU3702D2,LUCAS,182,"00:18:54","1000221777","01:40:59"
"1000221777",2026-08-28,7,EYU3702E3,LUCAS,36,"00:02:28","1000221777","01:40:59"
"1000221777",2026-08-28,7,EYU3702D5,LEONARDO,64,"00:06:53","1000221777","01:40:59"
"1000221777",2026-08-28,7,EYU3702D4,PEDRO,116,"00:25:52","1000221777","01:40:59"
"1000221780",2026-08-28,6,FQU8482E1,PEDRO,93,"00:19:23","1000221780","01:02:10"
"1000221780",2026-08-28,6,FQU8482D2,EMANUEL,41,"00:00:34","1000221780","01:02:10"
"1000221780",2026-08-28,6,FQU8482E2,EMANUEL,44,"00:06:50","1000221780","01:02:10"
"1000221780",2026-08-28,6,FQU8482D3,EMANUEL,40,"00:08:04","1000221780","01:02:10"
"1000221780",2026-08-28,6,FQU8482COMODATO,LEONARDO,63,"00:08:48","1000221780","01:02:10"
"1000221780",2026-08-28,6,FQU8482D1,LUCAS,84,"00:18:31","1000221780","01:02:10"
"1000221779",2026-08-28,7,EYU3705D5,LEONARDO,121,"00:09:39","1000221779","01:20:34"
"1000221779",2026-08-28,7,EYU3705D4,LEONARDO,44,"00:09:07","1000221779","01:20:34"
"1000221779",2026-08-28,7,EYU3705E2,LUCAS,64,"00:13:55","1000221779","01:20:34"
"1000221779",2026-08-28,7,EYU3705E4,EMANUEL,89,"00:13:37","1000221779","01:20:34"
"1000221779",2026-08-28,7,EYU3705E5,JOSÉ,62,"00:15:53","1000221779","01:20:34"
"1000221779",2026-08-28,7,EYU3705E3,JOSÉ,42,"00:00:36","1000221779","01:20:34"
"1000221779",2026-08-28,7,EYU3705D3,PEDRO,114,"00:17:47","1000221779","01:20:34"
"1000221776",2026-08-28,10,EYU3370E1,PEDRO,68,"00:02:53","1000221776","02:05:42"
"1000221776",2026-08-28,10,EYU3370E5,LEONARDO,102,"00:10:46","1000221776","02:05:42"
"1000221776",2026-08-28,10,EYU3370D3,EMANUEL,124,"00:18:31","1000221776","02:05:42"
"1000221776",2026-08-28,10,EYU3370E4,EMANUEL,9,"00:05:58","1000221776","02:05:42"
"1000221776",2026-08-28,10,EYU3370D4,LUCAS,52,"00:08:15","1000221776","02:05:42"
"1000221776",2026-08-28,10,EYU3370E2,LEONARDO,36,"00:07:47","1000221776","02:05:42"
"1000221776",2026-08-28,10,EYU3370E3,PEDRO,65,"00:16:56","1000221776","02:05:42"
"1000221776",2026-08-28,10,EYU3370D1,JOSÉ,133,"00:34:34","1000221776","02:05:42"
"1000221776",2026-08-28,10,EYU3370D2,LUCAS,179,"00:18:49","1000221776","02:05:42"
"1000221776",2026-08-28,10,EYU3370D5,LEONARDO,47,"00:01:13","1000221776","02:05:42"
"1000221778",2026-08-28,7,EYU3703E3,LEONARDO,192,"00:20:04","1000221778","01:13:38"
"1000221778",2026-08-28,7,EYU3703COMODATO,LUCAS,11,"00:02:18","1000221778","01:13:38"
"1000221778",2026-08-28,7,EYU3703D5,PEDRO,41,"00:11:12","1000221778","01:13:38"
"1000221778",2026-08-28,7,EYU3703E2,PEDRO,50,"00:00:55","1000221778","01:13:38"
"1000221778",2026-08-28,7,EYU3703D3,LUCAS,67,"00:18:01","1000221778","01:13:38"
"1000221778",2026-08-28,7,EYU3703E5,EMANUEL,96,"00:12:58","1000221778","01:13:38"
"1000221778",2026-08-28,7,EYU3703D4,PEDRO,34,"00:08:10","1000221778","01:13:38"
"1000221782",2026-08-28,7,DBC8725D3,EMANUEL,21,"00:05:19","1000221782","01:51:41"
"1000221782",2026-08-28,7,DBC8725D2,EMANUEL,35,"00:01:10","1000221782","01:51:41"
"1000221782",2026-08-28,7,DBC8725E2,EMANUEL,34,"00:07:45","1000221782","01:51:41"
"1000221782",2026-08-28,7,DBC8725E4,PEDRO,116,"00:21:56","1000221782","01:51:41"
"1000221782",2026-08-28,7,DBC8725E1,LEONARDO,100,"00:27:36","1000221782","01:51:41"
"1000221782",2026-08-28,7,DBC8725D1,LUCAS,183,"00:35:19","1000221782","01:51:41"
"1000221782",2026-08-28,7,DBC8725E3,LEONARDO,48,"00:12:36","1000221782","01:51:41"
"1000191299",2026-02-03,8,EYU3703E3,LUCAS,66,"00:29:58","1000191299","02:02:41"
"1000191299",2026-02-03,8,EYU3703E4,EMANUEL,58,"00:03:36","1000191299","02:02:41"
"1000191299",2026-02-03,8,EYU3703D5,EMANUEL,24,"00:04:22","1000191299","02:02:41"
"1000191299",2026-02-03,8,EYU3703D2,EMANUEL,34,"00:09:50","1000191299","02:02:41"
"1000191299",2026-02-03,8,EYU3703D4,EMANUEL,71,"00:05:47","1000191299","02:02:41"
"1000191299",2026-02-03,8,EYU3703E1,EMANUEL,45,"00:00:40","1000191299","02:02:41"
"1000191299",2026-02-03,8,EYU3703E2,JOSÉ,131,"00:27:27","1000191299","02:02:41"
"1000191299",2026-02-03,8,EYU3703D3,EMANUEL,147,"00:41:01","1000191299","02:02:41"
"1000191295",2026-02-03,8,EYU3705E4,LUCAS,34,"00:13:34","1000191295","02:06:43"
"1000191295",2026-02-03,8,EYU3705D5,LUCAS,25,"00:06:04","1000191295","02:06:43"
"1000191295",2026-02-03,8,EYU3705D2,JOSÉ,62,"00:09:43","1000191295","02:06:43"
"1000191295",2026-02-03,8,EYU3705E1,LUCAS,98,"00:06:17","1000191295","02:06:43"
"1000191295",2026-02-03,8,EYU3705D4,LUCAS,99,"00:24:46","1000191295","02:06:43"
"1000191295",2026-02-03,8,EYU3705E3,LUCAS,80,"00:19:52","1000191295","02:06:43"
"1000191295",2026-02-03,8,EYU3705D3,EMANUEL,68,"00:18:14","1000191295","02:06:43"
"1000191295",2026-02-03,8,EYU3705E2,JOSÉ,208,"00:28:13","1000191295","02:06:43"
"1000191523",2026-02-03,9,EYU3361D5,JOSÉ,228,"02:01:17","1000191523","04:58:51"
"1000191523",2026-02-03,9,EYU3361E4,JOSÉ,56,"00:12:50","1000191523","04:58:51"
"1000191523",2026-02-03,9,EYU3361D4,LUCAS,38,"00:10:53","1000191523","04:58:51"
"1000191523",2026-02-03,9,EYU3361D1,JOSÉ,99,"00:08:16","1000191523","04:58:51"
"1000191523",2026-02-03,9,EYU3361E2,LUCAS,59,"00:12:58","1000191523","04:58:51"
"1000191523",2026-02-03,9,EYU3361D3,EMANUEL,107,"00:18:33","1000191523","04:58:51"
"1000191523",2026-02-03,9,EYU3361E1,JOSÉ,80,"00:03:49","1000191523","04:58:51"
"1000191523",2026-02-03,9,EYU3361D2,EMANUEL,191,"01:30:19","1000191523","04:58:51"
"1000191523",2026-02-03,9,EYU3361E3,LUCAS,88,"00:19:56","1000191523","04:58:51"
"1000191303",2026-02-03,7,EYU3362E2,EMANUEL,126,"00:24:43","1000191303","01:56:24"
"1000191303",2026-02-03,7,EYU3362E3,LUCAS,147,"00:23:47","1000191303","01:56:24"
"1000191303",2026-02-03,7,EYU3362D5,LUCAS,82,"00:16:20","1000191303","01:56:24"
"1000191303",2026-02-03,7,EYU3362D3,JOSÉ,88,"00:22:00","1000191303","01:56:24"
"1000191303",2026-02-03,7,EYU3362D4,EMANUEL,24,"00:08:21","1000191303","01:56:24"
"1000191303",2026-02-03,7,EYU3362E4,EMANUEL,24,"00:05:45","1000191303","01:56:24"
"1000191303",2026-02-03,7,EYU3362D2,EMANUEL,65,"00:15:28","1000191303","01:56:24"
"1000191530",2026-02-03,5,TMG6G62E3,,88,,"1000191530","00:23:03"
"1000191530",2026-02-03,5,TMG6G62D2,JOSÉ,20,"00:09:00","1000191530","00:23:03"
"1000191530",2026-02-03,5,TMG6G62E1,JOSÉ,13,"00:09:19","1000191530","00:23:03"
"1000191530",2026-02-03,5,TMG6G62D3,JOSÉ,4,"00:04:44","1000191530","00:23:03"
"1000191530",2026-02-03,5,TMG6G62D1,,131,,"1000191530","00:23:03"
"1000191526",2026-02-03,8,EYU3370E1,EMANUEL,183,"00:09:36","1000191526","02:25:31"
"1000191526",2026-02-03,8,EYU3370D2,LUCAS,81,"00:11:09","1000191526","02:25:31"
"1000191526",2026-02-03,8,EYU3370E3,EMANUEL,30,"00:09:02","1000191526","02:25:31"
"1000191526",2026-02-03,8,EYU3370D5,EMANUEL,45,"00:12:17","1000191526","02:25:31"
"1000191526",2026-02-03,8,EYU3370D3,JOSÉ,85,"00:27:03","1000191526","02:25:31"
"1000191526",2026-02-03,8,EYU3370E4,LUCAS,99,"00:29:24","1000191526","02:25:31"
"1000191526",2026-02-03,8,EYU3370E2,EMANUEL,100,"00:25:44","1000191526","02:25:31"
"1000191526",2026-02-03,8,EYU3370D4,JOSÉ,143,"00:21:16","1000191526","02:25:31"
"1000219887",2026-08-17,7,DBC8725D2,LEONARDO,103,"00:22:23","1000219887","02:25:39"
"1000219887",2026-08-17,7,DBC8725E2,JOSÉ,175,"00:39:47","1000219887","02:25:39"
"1000219887",2026-08-17,7,DBC8725E4,PEDRO,130,"00:28:40","1000219887","02:25:39"
"1000219887",2026-08-17,7,DBC8725D4,LEONARDO,43,"00:13:44","1000219887","02:25:39"
"1000219887",2026-08-17,7,DBC8725D1,LEONARDO,75,"00:08:25","1000219887","02:25:39"
"1000219887",2026-08-17,7,DBC8725E1,LEONARDO,45,"00:03:05","1000219887","02:25:39"
"1000219887",2026-08-17,7,DBC8725D3,PEDRO,85,"00:29:35","1000219887","02:25:39"
"1000219886",2026-08-17,7,DBC8717E3,LEONARDO,63,"00:10:29","1000219886","02:20:52"
"1000219886",2026-08-17,7,DBC8717E4,LEONARDO,1,"00:01:06","1000219886","02:20:52"
"1000219886",2026-08-17,7,DBC8717D4,LEONARDO,50,"00:13:40","1000219886","02:20:52"
"1000219886",2026-08-17,7,DBC8717D2,PEDRO,100,"00:24:01","1000219886","02:20:52"
"1000219886",2026-08-17,7,DBC8717D5,PEDRO,46,"00:17:04","1000219886","02:20:52"
"1000219886",2026-08-17,7,DBC8717D3,LEONARDO,150,"00:13:25","1000219886","02:20:52"
"1000219886",2026-08-17,7,DBC8717E2,JOSÉ,259,"01:01:07","1000219886","02:20:52"
"1000219885",2026-08-17,7,FQU8482E2,LEONARDO,49,"00:08:23","1000219885","01:13:29"
"1000219885",2026-08-17,7,FQU8482D2,JOSÉ,71,"00:16:01","1000219885","01:13:29"
"1000219885",2026-08-17,7,FQU8482E3,PEDRO,5,"00:01:09","1000219885","01:13:29"
"1000219885",2026-08-17,7,FQU8482D3,PEDRO,31,"00:05:07","1000219885","01:13:29"
"1000219885",2026-08-17,7,FQU8482D4,PEDRO,93,"00:20:36","1000219885","01:13:29"
"1000219885",2026-08-17,7,FQU8482E1,LEONARDO,96,"00:18:13","1000219885","01:13:29"
"1000219885",2026-08-17,7,FQU8482E4,PEDRO,15,"00:04:00","1000219885","01:13:29"
"1000219884",2026-08-17,9,GDB5855E5,PEDRO,40,"00:05:42","1000219884","02:40:05"
"1000219884",2026-08-17,9,GDB5855D4,LEONARDO,8,"00:00:27","1000219884","02:40:05"
"1000219884",2026-08-17,9,GDB5855E3,JOSÉ,123,"00:27:39","1000219884","02:40:05"
"1000219884",2026-08-17,9,GDB5855E2,PEDRO,263,"00:35:03","1000219884","02:40:05"
"1000219884",2026-08-17,9,GDB5855D2,PEDRO,59,"00:04:59","1000219884","02:40:05"
"1000219884",2026-08-17,9,GDB5855E1,LEONARDO,100,"00:28:29","1000219884","02:40:05"
"1000219884",2026-08-17,9,GDB5855D3,LEONARDO,142,"00:15:23","1000219884","02:40:05"
"1000219884",2026-08-17,9,GDB5855E4,LEONARDO,111,"00:10:30","1000219884","02:40:05"
"1000219884",2026-08-17,9,GDB5855D5,JOSÉ,88,"00:31:53","1000219884","02:40:05"
"1000219882",2026-08-17,10,EYU3703D2,LEONARDO,55,"00:02:49","1000219882","02:35:19"
"1000219882",2026-08-17,10,EYU3703E3,LEONARDO,112,"00:16:19","1000219882","02:35:19"
"1000219882",2026-08-17,10,EYU3703E2,JOSÉ,194,"00:35:16","1000219882","02:35:19"
"1000219882",2026-08-17,10,EYU3703D4,PEDRO,57,"00:20:45","1000219882","02:35:19"
"1000219882",2026-08-17,10,EYU3703D1,LEONARDO,100,"00:15:13","1000219882","02:35:19"
"1000219882",2026-08-17,10,EYU3703E1,PEDRO,180,"00:31:46","1000219882","02:35:19"
"1000219882",2026-08-17,10,EYU3703COMODATO,JOSÉ,1,"00:00:03","1000219882","02:35:19"
"1000219882",2026-08-17,10,EYU3703D3,LEONARDO,55,"00:08:41","1000219882","02:35:19"
"1000219882",2026-08-17,10,EYU3703E4,JOSÉ,82,"00:13:52","1000219882","02:35:19"
"1000219882",2026-08-17,10,EYU3703D5,LEONARDO,22,"00:10:35","1000219882","02:35:19"
"1000219876",2026-08-17,7,EYU3361E5,JOSÉ,45,"00:13:07","1000219876","01:39:13"
"1000219876",2026-08-17,7,EYU3361E2,PEDRO,100,"00:18:35","1000219876","01:39:13"
"1000219876",2026-08-17,7,EYU3361D5,JOSÉ,7,"00:01:29","1000219876","01:39:13"
"1000219876",2026-08-17,7,EYU3361D4,PEDRO,45,"00:11:33","1000219876","01:39:13"
"1000219876",2026-08-17,7,EYU3361E4,LEONARDO,43,"00:21:53","1000219876","01:39:13"
"1000219876",2026-08-17,7,EYU3361D3,JOSÉ,59,"00:02:39","1000219876","01:39:13"
"1000219876",2026-08-17,7,EYU3361E3,LUCAS,162,"00:29:57","1000219876","01:39:13"
"1000219877",2026-08-17,10,EYU3363D1,PEDRO,77,"00:02:32","1000219877","02:30:52"
"1000219877",2026-08-17,10,EYU3363E2,PEDRO,65,"00:11:11","1000219877","02:30:52"
"1000219877",2026-08-17,10,EYU3363E1,PEDRO,186,"00:12:28","1000219877","02:30:52"
"1000219877",2026-08-17,10,EYU3363E5,LUCAS,92,"00:34:38","1000219877","02:30:52"
"1000219877",2026-08-17,10,EYU3363E4,PEDRO,10,"00:01:56","1000219877","02:30:52"
"1000219877",2026-08-17,10,EYU3363D2,LEONARDO,100,"00:16:25","1000219877","02:30:52"
"1000219877",2026-08-17,10,EYU3363D3,LEONARDO,62,"00:18:27","1000219877","02:30:52"
"1000219877",2026-08-17,10,EYU3363E3,JOSÉ,147,"00:38:49","1000219877","02:30:52"
"1000219877",2026-08-17,10,EYU3363D4,LEONARDO,42,"00:00:51","1000219877","02:30:52"
"1000219877",2026-08-17,10,EYU3363D5,LEONARDO,70,"00:13:35","1000219877","02:30:52"
"1000219880",2026-08-17,10,EYU3372D3,JOSÉ,70,"00:14:10","1000219880","01:44:47"
"1000219880",2026-08-17,10,EYU3372E5,PEDRO,140,"00:27:51","1000219880","01:44:47"
"1000219880",2026-08-17,10,EYU3372E2,LEONARDO,75,"00:24:30","1000219880","01:44:47"
"1000219880",2026-08-17,10,EYU3372COMODATO,JOSÉ,1,"00:00:17","1000219880","01:44:47"
"1000219880",2026-08-17,10,EYU3372D5,JOSÉ,40,"00:11:23","1000219880","01:44:47"
"1000219880",2026-08-17,10,EYU3372D2,JOSÉ,174,"00:04:11","1000219880","01:44:47"
"1000219880",2026-08-17,10,EYU3372D4,JOSÉ,1,"00:00:45","1000219880","01:44:47"
"1000219880",2026-08-17,10,EYU3372E1,JOSÉ,58,"00:01:26","1000219880","01:44:47"
"1000219880",2026-08-17,10,EYU3372E3,PEDRO,63,"00:16:49","1000219880","01:44:47"
"1000219880",2026-08-17,10,EYU3372E4,PEDRO,39,"00:03:25","1000219880","01:44:47"
"1000219883",2026-08-17,7,EYU3705D3,LEONARDO,61,"00:01:21","1000219883","01:43:28"
"1000219883",2026-08-17,7,EYU3705D5,PEDRO,116,"00:16:22","1000219883","01:43:28"
"1000219883",2026-08-17,7,EYU3705D2,LEONARDO,215,"00:15:03","1000219883","01:43:28"
"1000219883",2026-08-17,7,EYU3705D4,LEONARDO,29,"00:17:39","1000219883","01:43:28"
"1000219883",2026-08-17,7,EYU3705E3,LEONARDO,45,"00:08:48","1000219883","01:43:28"
"1000219883",2026-08-17,7,EYU3705E4,PEDRO,53,"00:19:02","1000219883","01:43:28"
"1000219883",2026-08-17,7,EYU3705E2,JOSÉ,100,"00:25:13","1000219883","01:43:28"
"1000219879",2026-08-17,10,EYU3371D5,PEDRO,163,"00:26:38","1000219879","03:03:20"
"1000219879",2026-08-17,10,EYU3371E1,JOSÉ,261,"00:34:54","1000219879","03:03:20"
"1000219879",2026-08-17,10,EYU3371D2,LUCAS,100,"00:27:30","1000219879","03:03:20"
"1000219879",2026-08-17,10,EYU3371E5,LEONARDO,194,"00:32:23","1000219879","03:03:20"
"1000219879",2026-08-17,10,EYU3371E4,LEONARDO,75,"00:20:48","1000219879","03:03:20"
"1000219879",2026-08-17,10,EYU3371D3,PEDRO,54,"00:14:32","1000219879","03:03:20"
"1000219879",2026-08-17,10,EYU3371E3,JOSÉ,4,"00:01:27","1000219879","03:03:20"
"1000219879",2026-08-17,10,EYU3371E2,JOSÉ,35,"00:11:17","1000219879","03:03:20"
"1000219879",2026-08-17,10,EYU3371D4,LUCAS,29,"00:13:42","1000219879","03:03:20"
"1000219879",2026-08-17,10,EYU3371COMODATO,JOSÉ,10,"00:00:09","1000219879","03:03:20"
"1000191019",2026-02-04,8,EYU3362D4,JOSÉ,66,"00:23:21","1000191019","02:35:04"
"1000191019",2026-02-04,8,EYU3362E4,JOSÉ,56,"00:03:54","1000191019","02:35:04"
"1000191019",2026-02-04,8,EYU3362E3,EMANUEL,96,"00:20:08","1000191019","02:35:04"
"1000191019",2026-02-04,8,EYU3362D2,LUCAS,59,"00:27:54","1000191019","02:35:04"
"1000191019",2026-02-04,8,EYU3362D3,JOSÉ,56,"00:12:31","1000191019","02:35:04"
"1000191019",2026-02-04,8,EYU3362D5,EMANUEL,129,"00:22:38","1000191019","02:35:04"
"1000191019",2026-02-04,8,EYU3362E1,EMANUEL,99,"00:13:20","1000191019","02:35:04"
"1000191019",2026-02-04,8,EYU3362E2,LUCAS,218,"00:31:18","1000191019","02:35:04"
"1000191692",2026-02-04,7,EYU3372E4,JOSÉ,47,"00:12:46","1000191692","01:26:29"
"1000191692",2026-02-04,7,EYU3372D4,EMANUEL,28,"00:02:36","1000191692","01:26:29"
"1000191692",2026-02-04,7,EYU3372D3,EMANUEL,52,"00:13:32","1000191692","01:26:29"
"1000191692",2026-02-04,7,EYU3372E3,LUCAS,79,"00:14:10","1000191692","01:26:29"
"1000191692",2026-02-04,7,EYU3372E1,EMANUEL,47,"00:02:58","1000191692","01:26:29"
"1000191692",2026-02-04,7,EYU3372D2,LUCAS,57,"00:14:51","1000191692","01:26:29"
"1000191692",2026-02-04,7,EYU3372E2,JOSÉ,191,"00:25:36","1000191692","01:26:29"
"1000191522",2026-02-04,5,EYU3363E2,EMANUEL,75,"00:13:48","1000191522","00:44:12"
"1000191522",2026-02-04,5,EYU3363D3,LUCAS,23,"00:06:48","1000191522","00:44:12"
"1000191522",2026-02-04,5,EYU3363D2,LUCAS,154,"00:17:26","1000191522","00:44:12"
"1000191522",2026-02-04,5,EYU3363E3,EMANUEL,4,"00:01:56","1000191522","00:44:12"
"1000191522",2026-02-04,5,EYU3363D4,EMANUEL,13,"00:04:14","1000191522","00:44:12"
"1000191519",2026-02-04,8,EYU3370E4,EMANUEL,44,"00:02:37","1000191519","03:22:59"
"1000191519",2026-02-04,8,EYU3370D4,LUCAS,2,"00:00:34","1000191519","03:22:59"
"1000191519",2026-02-04,8,EYU3370D5,EMANUEL,117,"00:20:55","1000191519","03:22:59"
"1000191519",2026-02-04,8,EYU3370E2,JOSÉ,99,"00:17:30","1000191519","03:22:59"
"1000191519",2026-02-04,8,EYU3370E3,LUCAS,124,"00:29:52","1000191519","03:22:59"
"1000191519",2026-02-04,8,EYU3370E1,JOSÉ,66,"00:02:36","1000191519","03:22:59"
"1000191519",2026-02-04,8,EYU3370D2,JOSÉ,194,"00:14:20","1000191519","03:22:59"
"1000191519",2026-02-04,8,EYU3370D3,EMANUEL,163,"01:54:35","1000191519","03:22:59"
"1000191517",2026-02-04,8,EYU3703E4,EMANUEL,73,"00:23:21","1000191517","02:00:56"
"1000191517",2026-02-04,8,EYU3703E3,LUCAS,47,"00:10:56","1000191517","02:00:56"
"1000191517",2026-02-04,8,EYU3703D3,EMANUEL,102,"00:15:55","1000191517","02:00:56"
"1000191517",2026-02-04,8,EYU3703E2,LUCAS,70,"00:12:42","1000191517","02:00:56"
"1000191517",2026-02-04,8,EYU3703D4,LUCAS,98,"00:26:31","1000191517","02:00:56"
"1000191517",2026-02-04,8,EYU3703D5,JOSÉ,75,"00:16:30","1000191517","02:00:56"
"1000191517",2026-02-04,8,EYU3703D2,EMANUEL,161,"00:05:11","1000191517","02:00:56"
"1000191517",2026-02-04,8,EYU3703E1,EMANUEL,99,"00:09:50","1000191517","02:00:56"
"1000191694",2026-02-04,8,GDB5855D4,EMANUEL,38,"00:06:08","1000191694","01:35:32"
"1000191694",2026-02-04,8,GDB5855D2,JOSÉ,143,"00:15:38","1000191694","01:35:32"
"1000191694",2026-02-04,8,GDB5855E2,EMANUEL,52,"00:11:04","1000191694","01:35:32"
"1000191694",2026-02-04,8,GDB5855E1,JOSÉ,54,"00:03:18","1000191694","01:35:32"
"1000191694",2026-02-04,8,GDB5855E3,JOSÉ,73,"00:22:25","1000191694","01:35:32"
"1000191694",2026-02-04,8,GDB5855D3,JOSÉ,102,"00:16:06","1000191694","01:35:32"
"1000191694",2026-02-04,8,GDB5855E4,EMANUEL,90,"00:13:15","1000191694","01:35:32"
"1000191694",2026-02-04,8,GDB5855D1,EMANUEL,99,"00:07:38","1000191694","01:35:32"
"1000191518",2026-02-04,9,EYU3371D4,JOSÉ,45,"00:02:07","1000191518","02:23:12"
"1000191518",2026-02-04,9,EYU3371E4,LUCAS,27,"00:09:25","1000191518","02:23:12"
"1000191518",2026-02-04,9,EYU3371E2,JOSÉ,187,"00:32:32","1000191518","02:23:12"
"1000191518",2026-02-04,9,EYU3371E5,JOSÉ,51,"00:07:20","1000191518","02:23:12"
"1000191518",2026-02-04,9,EYU3371D5,JOSÉ,65,"00:19:32","1000191518","02:23:12"
"1000191518",2026-02-04,9,EYU3371D3,LUCAS,129,"00:29:18","1000191518","02:23:12"
"1000191518",2026-02-04,9,EYU3371E1,LUCAS,66,"00:05:14","1000191518","02:23:12"
"1000191518",2026-02-04,9,EYU3371E3,LUCAS,50,"00:20:53","1000191518","02:23:12"
"1000191518",2026-02-04,9,EYU3371D2,EMANUEL,99,"00:16:51","1000191518","02:23:12"
"1000185775",2026-01-09,4,CYN9319E2,EMANUEL,28,"00:00:25","1000185775","00:12:18"
"1000185775",2026-01-09,4,CYN9319E1,EMANUEL,28,"00:05:20","1000185775","00:12:18"
"1000185775",2026-01-09,4,CYN9319E3,EMANUEL,7,"00:02:55","1000185775","00:12:18"
"1000185775",2026-01-09,4,CYN9319D2,EMANUEL,7,"00:03:38","1000185775","00:12:18"
"1000187611",2026-01-13,6,TMG6G62D1,EMANUEL,131,"00:21:35","1000187611","01:18:03"
"1000187611",2026-01-13,6,TMG6G62E2,LUCAS,1,"00:04:14","1000187611","01:18:03"
"1000187611",2026-01-13,6,TMG6G62E3,EMANUEL,23,"00:07:10","1000187611","01:18:03"
"1000187611",2026-01-13,6,TMG6G62E1,EMANUEL,23,"00:09:18","1000187611","01:18:03"
"1000187611",2026-01-13,6,TMG6G62D3,LUCAS,68,"00:14:48","1000187611","01:18:03"
"1000187611",2026-01-13,6,TMG6G62D2,LUCAS,128,"00:20:58","1000187611","01:18:03"
"1000191688",2026-02-05,9,EYU3363E4,LUCAS,88,"00:22:30","1000191688","02:10:08"
"1000191688",2026-02-05,9,EYU3363D5,JOSÉ,74,"00:21:29","1000191688","02:10:08"
"1000191688",2026-02-05,9,EYU3363D3,EMANUEL,230,"00:19:50","1000191688","02:10:08"
"1000191688",2026-02-05,9,EYU3363E2,JOSÉ,187,"00:38:24","1000191688","02:10:08"
"1000191688",2026-02-05,9,EYU3363D1,JOSÉ,73,"00:01:42","1000191688","02:10:08"
"1000191688",2026-02-05,9,EYU3363D2,EMANUEL,164,"00:20:21","1000191688","02:10:08"
"1000191688",2026-02-05,9,EYU3363E1,JOSÉ,99,"00:02:21","1000191688","02:10:08"
"1000191688",2026-02-05,9,EYU3363E3,JOSÉ,62,"00:01:19","1000191688","02:10:08"
"1000191688",2026-02-05,9,EYU3363D4,JOSÉ,23,"00:02:12","1000191688","02:10:08"
"1000191030",2026-02-05,6,TLJ3H13E3,EMANUEL,150,"00:15:40","1000191030","01:27:24"
"1000191030",2026-02-05,6,TLJ3H13E2,LUCAS,110,"00:06:49","1000191030","01:27:24"
"1000191030",2026-02-05,6,TLJ3H13E1,JOSÉ,70,"00:15:38","1000191030","01:27:24"
"1000191030",2026-02-05,6,TLJ3H13D1,LUCAS,100,"00:12:53","1000191030","01:27:24"
"1000191030",2026-02-05,6,TLJ3H13D3,LUCAS,150,"00:20:25","1000191030","01:27:24"
"1000191030",2026-02-05,6,TLJ3H13D2,EMANUEL,130,"00:15:59","1000191030","01:27:24"
"1000191842",2026-02-05,9,EYU3371E3,LUCAS,62,"00:12:42","1000191842","01:51:32"
"1000191842",2026-02-05,9,EYU3371E2,LUCAS,167,"00:10:39","1000191842","01:51:32"
"1000191842",2026-02-05,9,EYU3371E4,LUCAS,28,"00:10:30","1000191842","01:51:32"
"1000191842",2026-02-05,9,EYU3371E1,LUCAS,100,"00:07:05","1000191842","01:51:32"
"1000191842",2026-02-05,9,EYU3371D2,JOSÉ,80,"00:14:52","1000191842","01:51:32"
"1000191842",2026-02-05,9,EYU3371D5,JOSÉ,20,"00:05:46","1000191842","01:51:32"
"1000191842",2026-02-05,9,EYU3371D3,JOSÉ,37,"00:13:26","1000191842","01:51:32"
"1000191842",2026-02-05,9,EYU3371E5,JOSÉ,93,"00:15:46","1000191842","01:51:32"
"1000191842",2026-02-05,9,EYU3371D4,LUCAS,72,"00:20:46","1000191842","01:51:32"
"1000191684",2026-02-05,7,EYU3370D3,LUCAS,172,"00:29:42","1000191684","02:11:00"
"1000191684",2026-02-05,7,EYU3370D2,JOSÉ,75,"00:20:08","1000191684","02:11:00"
"1000191684",2026-02-05,7,EYU3370E4,EMANUEL,96,"00:30:15","1000191684","02:11:00"
"1000191684",2026-02-05,7,EYU3370D5,LUCAS,34,"00:06:47","1000191684","02:11:00"
"1000191684",2026-02-05,7,EYU3370E3,EMANUEL,74,"00:14:52","1000191684","02:11:00"
"1000191684",2026-02-05,7,EYU3370D4,LUCAS,42,"00:20:54","1000191684","02:11:00"
"1000191684",2026-02-05,7,EYU3370E2,LUCAS,64,"00:08:22","1000191684","02:11:00"
"1000191686",2026-02-05,9,EYU3705E2,LUCAS,57,"00:21:50","1000191686","02:22:52"
"1000191686",2026-02-05,9,EYU3705D3,JOSÉ,71,"00:19:47","1000191686","02:22:52"
"1000191686",2026-02-05,9,EYU3705E1,EMANUEL,188,"00:26:14","1000191686","02:22:52"
"1000191686",2026-02-05,9,EYU3705D2,EMANUEL,83,"00:20:34","1000191686","02:22:52"
"1000191686",2026-02-05,9,EYU3705E4,LUCAS,102,"00:12:37","1000191686","02:22:52"
"1000191686",2026-02-05,9,EYU3705D5,EMANUEL,42,"00:15:52","1000191686","02:22:52"
"1000191686",2026-02-05,9,EYU3705D4,LUCAS,1,"00:00:11","1000191686","02:22:52"
"1000191686",2026-02-05,9,EYU3705E5,LUCAS,18,"00:09:52","1000191686","02:22:52"
"1000191686",2026-02-05,9,EYU3705E3,JOSÉ,73,"00:15:55","1000191686","02:22:52"
"1000191843",2026-02-05,8,EYU3372D2,JOSÉ,50,"00:08:15","1000191843","01:38:52"
"1000191843",2026-02-05,8,EYU3372E2,LUCAS,47,"00:21:03","1000191843","01:38:52"
"1000191843",2026-02-05,8,EYU3372D3,EMANUEL,24,"00:03:27","1000191843","01:38:52"
"1000191843",2026-02-05,8,EYU3372E1,LUCAS,92,"00:12:39","1000191843","01:38:52"
"1000191843",2026-02-05,8,EYU3372D5,JOSÉ,114,"00:18:09","1000191843","01:38:52"
"1000191843",2026-02-05,8,EYU3372E3,EMANUEL,42,"00:12:58","1000191843","01:38:52"
"1000191843",2026-02-05,8,EYU3372D4,EMANUEL,35,"00:07:20","1000191843","01:38:52"
"1000191843",2026-02-05,8,EYU3372E4,EMANUEL,52,"00:15:01","1000191843","01:38:52"
"1000191683",2026-02-05,10,GDB5855E1,JOSÉ,59,"00:09:36","1000191683","03:26:40"
"1000191683",2026-02-05,10,GDB5855D5,JOSÉ,39,"00:16:14","1000191683","03:26:40"
"1000191683",2026-02-05,10,GDB5855D3,EMANUEL,72,"00:18:37","1000191683","03:26:40"
"1000191683",2026-02-05,10,GDB5855D4,EMANUEL,100,"00:18:40","1000191683","03:26:40"
"1000191683",2026-02-05,10,GDB5855E4,LUCAS,41,"00:21:10","1000191683","03:26:40"
"1000191683",2026-02-05,10,GDB5855D1,LUCAS,94,"00:13:11","1000191683","03:26:40"
"1000191683",2026-02-05,10,GDB5855E5,EMANUEL,28,"00:12:50","1000191683","03:26:40"
"1000191683",2026-02-05,10,GDB5855E3,JOSÉ,1,"00:00:03","1000191683","03:26:40"
"1000191683",2026-02-05,10,GDB5855D2,LUCAS,263,"00:38:07","1000191683","03:26:40"
"1000191683",2026-02-05,10,GDB5855E2,JOSÉ,244,"00:58:12","1000191683","03:26:40"
"1000191682",2026-02-05,7,CYN9319E2,LUCAS,29,"00:07:02","1000191682","01:06:24"
"1000191682",2026-02-05,7,CYN9319D1,EMANUEL,25,"00:10:58","1000191682","01:06:24"
"1000191682",2026-02-05,7,CYN9319D3,EMANUEL,3,"00:02:06","1000191682","01:06:24"
"1000191682",2026-02-05,7,CYN9319E1,LUCAS,147,"00:25:22","1000191682","01:06:24"
"1000191682",2026-02-05,7,CYN9319D2,EMANUEL,64,"00:12:41","1000191682","01:06:24"
"1000191682",2026-02-05,7,CYN9319E3,EMANUEL,24,"00:03:33","1000191682","01:06:24"
"1000191682",2026-02-05,7,CYN9319D4,EMANUEL,15,"00:04:42","1000191682","01:06:24"
"1000191680",2026-02-05,8,CPJ1393E1,EMANUEL,100,"00:11:07","1000191680","02:07:47"
"1000191680",2026-02-05,8,CPJ1393D1,JOSÉ,240,"00:30:00","1000191680","02:07:47"
"1000191680",2026-02-05,8,CPJ1393D4,LUCAS,50,"00:15:08","1000191680","02:07:47"
"1000191680",2026-02-05,8,CPJ1393E2,JOSÉ,64,"00:12:04","1000191680","02:07:47"
"1000191680",2026-02-05,8,CPJ1393E4,EMANUEL,23,"00:09:04","1000191680","02:07:47"
"1000191680",2026-02-05,8,CPJ1393D3,JOSÉ,90,"00:16:01","1000191680","02:07:47"
"1000191680",2026-02-05,8,CPJ1393E3,LUCAS,193,"00:21:40","1000191680","02:07:47"
"1000191680",2026-02-05,8,CPJ1393D2,EMANUEL,47,"00:12:43","1000191680","02:07:47"
"1000191844",2026-02-05,8,EYU3703D2,JOSÉ,145,"00:10:25","1000191844","02:01:55"
"1000191844",2026-02-05,8,EYU3703E1,EMANUEL,89,"00:17:57","1000191844","02:01:55"
"1000191844",2026-02-05,8,EYU3703E4,LUCAS,35,"00:18:33","1000191844","02:01:55"
"1000191844",2026-02-05,8,EYU3703E2,EMANUEL,30,"00:08:57","1000191844","02:01:55"
"1000191844",2026-02-05,8,EYU3703E3,JOSÉ,64,"00:10:16","1000191844","02:01:55"
"1000191844",2026-02-05,8,EYU3703D3,LUCAS,90,"00:22:50","1000191844","02:01:55"
"1000191844",2026-02-05,8,EYU3703D5,JOSÉ,69,"00:14:51","1000191844","02:01:55"
"1000191844",2026-02-05,8,EYU3703D4,EMANUEL,51,"00:18:06","1000191844","02:01:55"
"1000189049",2026-01-21,7,EYU3702E3,LUCAS,132,"00:26:27","1000189049","01:17:27"
"1000189049",2026-01-21,7,EYU3702E1,EMANUEL,160,"00:07:30","1000189049","01:17:27"
"1000189049",2026-01-21,7,EYU3702D3,EMANUEL,67,"00:08:42","1000189049","01:17:27"
"1000189049",2026-01-21,7,EYU3702D2,EMANUEL,74,"00:13:56","1000189049","01:17:27"
"1000189049",2026-01-21,7,EYU3702D4,EMANUEL,41,"00:05:56","1000189049","01:17:27"
"1000189049",2026-01-21,7,EYU3702E2,LUCAS,49,"00:11:24","1000189049","01:17:27"
"1000189049",2026-01-21,7,EYU3702E4,EMANUEL,44,"00:03:32","1000189049","01:17:27"
"1000189048",2026-01-21,6,FCX9994E3,LUCAS,130,"00:19:29","1000189048","01:16:30"
"1000189048",2026-01-21,6,FCX9994D3,EMANUEL,104,"00:21:03","1000189048","01:16:30"
"1000189048",2026-01-21,6,FCX9994E4,EMANUEL,56,"00:08:26","1000189048","01:16:30"
"1000189048",2026-01-21,6,FCX9994E2,LUCAS,80,"00:12:16","1000189048","01:16:30"
"1000189048",2026-01-21,6,FCX9994D5,LUCAS,48,"00:07:58","1000189048","01:16:30"
"1000189048",2026-01-21,6,FCX9994D4,EMANUEL,81,"00:07:18","1000189048","01:16:30"
"1000189050",2026-01-21,6,CPJ1393E1,EMANUEL,210,"00:15:30","1000189050","01:20:26"
"1000189050",2026-01-21,6,CPJ1393D4,EMANUEL,52,"00:14:14","1000189050","01:20:26"
"1000189050",2026-01-21,6,CPJ1393E3,LUCAS,124,"00:23:52","1000189050","01:20:26"
"1000189050",2026-01-21,6,CPJ1393D2,EMANUEL,100,"00:09:40","1000189050","01:20:26"
"1000189050",2026-01-21,6,CPJ1393E2,LUCAS,70,"00:13:36","1000189050","01:20:26"
"1000189050",2026-01-21,6,CPJ1393D3,LUCAS,5,"00:03:34","1000189050","01:20:26"
"1000191873",2026-02-06,8,EYU3370E5,LUCAS,87,"00:18:04","1000191873","02:00:51"
"1000191873",2026-02-06,8,EYU3370E2,JOSÉ,70,"00:13:54","1000191873","02:00:51"
"1000191873",2026-02-06,8,EYU3370D2,JOSÉ,100,"00:11:47","1000191873","02:00:51"
"1000191873",2026-02-06,8,EYU3370D5,JOSÉ,15,"00:07:43","1000191873","02:00:51"
"1000191873",2026-02-06,8,EYU3370E4,JOSÉ,37,"00:10:15","1000191873","02:00:51"
"1000191873",2026-02-06,8,EYU3370D4,EMANUEL,46,"00:23:13","1000191873","02:00:51"
"1000191873",2026-02-06,8,EYU3370D3,JOSÉ,165,"00:15:23","1000191873","02:00:51"
"1000191873",2026-02-06,8,EYU3370E3,LUCAS,108,"00:20:32","1000191873","02:00:51"
"1000190516",2026-02-06,3,CYN9319D2,JOSÉ,32,"00:05:28","1000190516","00:27:55"
"1000190516",2026-02-06,3,CYN9319E1,JOSÉ,32,"00:05:06","1000190516","00:27:55"
"1000190516",2026-02-06,3,CYN9319D1,EMANUEL,64,"00:17:21","1000190516","00:27:55"
"1000191868",2026-02-06,7,CPJ1393E1,LUCAS,181,"00:22:36","1000191868","01:40:35"
"1000191868",2026-02-06,7,CPJ1393D1,JOSÉ,87,"00:04:09","1000191868","01:40:35"
"1000191868",2026-02-06,7,CPJ1393E2,EMANUEL,52,"00:12:32","1000191868","01:40:35"
"1000191868",2026-02-06,7,CPJ1393D4,EMANUEL,41,"00:16:41","1000191868","01:40:35"
"1000191868",2026-02-06,7,CPJ1393D3,JOSÉ,61,"00:08:05","1000191868","01:40:35"
"1000191868",2026-02-06,7,CPJ1393D2,LUCAS,30,"00:24:22","1000191868","01:40:35"
"1000191868",2026-02-06,7,CPJ1393E3,JOSÉ,48,"00:12:10","1000191868","01:40:35"
"1000191908",2026-02-06,9,EYU3362E3,EMANUEL,68,"00:09:53","1000191908","01:53:01"
"1000191908",2026-02-06,9,EYU3362E5,JOSÉ,63,"00:08:12","1000191908","01:53:01"
"1000191908",2026-02-06,9,EYU3362E1,LUCAS,36,"00:09:27","1000191908","01:53:01"
"1000191908",2026-02-06,9,EYU3362D5,EMANUEL,20,"00:07:51","1000191908","01:53:01"
"1000191908",2026-02-06,9,EYU3362E2,EMANUEL,64,"00:13:29","1000191908","01:53:01"
"1000191908",2026-02-06,9,EYU3362D4,JOSÉ,64,"00:14:38","1000191908","01:53:01"
"1000191908",2026-02-06,9,EYU3362D3,LUCAS,87,"00:15:41","1000191908","01:53:01"
"1000191908",2026-02-06,9,EYU3362D2,LUCAS,211,"00:16:47","1000191908","01:53:01"
"1000191908",2026-02-06,9,EYU3362E4,EMANUEL,118,"00:17:03","1000191908","01:53:01"
"1000191874",2026-02-06,8,EYU3363E4,LUCAS,38,"00:11:46","1000191874","01:59:35"
"1000191874",2026-02-06,8,EYU3363D1,JOSÉ,180,"00:07:26","1000191874","01:59:35"
"1000191874",2026-02-06,8,EYU3363D3,JOSÉ,80,"00:17:13","1000191874","01:59:35"
"1000191874",2026-02-06,8,EYU3363E3,EMANUEL,140,"00:25:05","1000191874","01:59:35"
"1000191874",2026-02-06,8,EYU3363D2,JOSÉ,75,"00:08:33","1000191874","01:59:35"
"1000191874",2026-02-06,8,EYU3363E1,LUCAS,95,"00:24:21","1000191874","01:59:35"
"1000191874",2026-02-06,8,EYU3363E2,LUCAS,45,"00:09:58","1000191874","01:59:35"
"1000191874",2026-02-06,8,EYU3363D4,EMANUEL,45,"00:15:13","1000191874","01:59:35"
"1000189066",2026-01-22,8,FCX9994D4,LUCAS,146,"00:40:03","1000189066","02:58:13"
"1000189066",2026-01-22,8,FCX9994D5,JOSÉ,113,"00:18:18","1000189066","02:58:13"
"1000189066",2026-01-22,8,FCX9994D2,JOSÉ,73,"00:10:42","1000189066","02:58:13"
"1000189066",2026-01-22,8,FCX9994E4,LEONARDO,59,"00:22:41","1000189066","02:58:13"
"1000189066",2026-01-22,8,FCX9994E3,LEONARDO,169,"00:30:19","1000189066","02:58:13"
"1000189066",2026-01-22,8,FCX9994E2,EMANUEL,157,"00:27:29","1000189066","02:58:13"
"1000189066",2026-01-22,8,FCX9994E5,JOSÉ,102,"00:13:24","1000189066","02:58:13"
"1000189066",2026-01-22,8,FCX9994D3,EMANUEL,70,"00:15:17","1000189066","02:58:13"
"1000189445",2026-01-22,8,EYU3362E2,LUCAS,146,"00:33:53","1000189445","03:45:01"
"1000189445",2026-01-22,8,EYU3362D5,EMANUEL,158,"00:59:03","1000189445","03:45:01"
"1000189445",2026-01-22,8,EYU3362D2,JOSÉ,258,"00:29:44","1000189445","03:45:01"
"1000189445",2026-01-22,8,EYU3362E4,LEONARDO,123,"00:32:43","1000189445","03:45:01"
"1000189445",2026-01-22,8,EYU3362D4,JOSÉ,61,"00:27:02","1000189445","03:45:01"
"1000189445",2026-01-22,8,EYU3362D3,LUCAS,60,"00:19:34","1000189445","03:45:01"
"1000189445",2026-01-22,8,EYU3362E5,LEONARDO,33,"00:17:22","1000189445","03:45:01"
"1000189445",2026-01-22,8,EYU3362E3,JOSÉ,14,"00:05:40","1000189445","03:45:01"
"1000189276",2026-01-22,8,GBD5855D5,LUCAS,27,"00:11:31","1000189276","02:41:00"
"1000189276",2026-01-22,8,GBD5855D2,JOSÉ,77,"00:13:54","1000189276","02:41:00"
"1000189276",2026-01-22,8,GBD5855E5,JOSÉ,60,"00:27:56","1000189276","02:41:00"
"1000189276",2026-01-22,8,GBD5855E4,LEONARDO,60,"00:23:30","1000189276","02:41:00"
"1000189276",2026-01-22,8,GBD5855E2,LUCAS,193,"00:29:00","1000189276","02:41:00"
"1000189276",2026-01-22,8,GBD5855E3,EMANUEL,23,"00:09:26","1000189276","02:41:00"
"1000189276",2026-01-22,8,GBD5855D4,EMANUEL,91,"00:34:38","1000189276","02:41:00"
"1000189276",2026-01-22,8,GBD5855D3,LEONARDO,71,"00:11:05","1000189276","02:41:00"
"1000189443",2026-01-22,6,CPJ1398D2,JOSÉ,64,"00:14:06","1000189443","02:20:02"
"1000189443",2026-01-22,6,CPJ1398E2,LEONARDO,158,"00:45:34","1000189443","02:20:02"
"1000189443",2026-01-22,6,CPJ1398D4,JOSÉ,24,"00:03:48","1000189443","02:20:02"
"1000189443",2026-01-22,6,CPJ1398E3,LUCAS,69,"00:31:54","1000189443","02:20:02"
"1000189443",2026-01-22,6,CPJ1398D3,EMANUEL,43,"00:29:03","1000189443","02:20:02"
"1000189443",2026-01-22,6,CPJ1398E1,JOSÉ,113,"00:15:37","1000189443","02:20:02"
"1000189280",2026-01-22,8,EYU3702E4,EMANUEL,167,"00:39:03","1000189280","02:33:08"
"1000189280",2026-01-22,8,EYU3702D2,LUCAS,159,"00:22:01","1000189280","02:33:08"
"1000189280",2026-01-22,8,EYU3702D4,JOSÉ,102,"00:20:15","1000189280","02:33:08"
"1000189280",2026-01-22,8,EYU3702E1,LEONARDO,98,"00:02:02","1000189280","02:33:08"
"1000189280",2026-01-22,8,EYU3702E2,LUCAS,81,"00:11:18","1000189280","02:33:08"
"1000189280",2026-01-22,8,EYU3702D5,LEONARDO,85,"00:25:28","1000189280","02:33:08"
"1000189280",2026-01-22,8,EYU3702D3,LUCAS,171,"00:24:40","1000189280","02:33:08"
"1000189280",2026-01-22,8,EYU3702E3,JOSÉ,19,"00:08:21","1000189280","02:33:08"
"1000189442",2026-01-22,7,CPJ1393E4,LUCAS,52,"00:12:19","1000189442","02:11:01"
"1000189442",2026-01-22,7,CPJ1393E3,LEONARDO,106,"00:29:50","1000189442","02:11:01"
"1000189442",2026-01-22,7,CPJ1393D1,EMANUEL,196,"00:20:00","1000189442","02:11:01"
"1000189442",2026-01-22,7,CPJ1393E2,EMANUEL,35,"00:29:45","1000189442","02:11:01"
"1000189442",2026-01-22,7,CPJ1393D2,LUCAS,58,"00:09:25","1000189442","02:11:01"
"1000189442",2026-01-22,7,CPJ1393D3,JOSÉ,138,"00:23:34","1000189442","02:11:01"
"1000189442",2026-01-22,7,CPJ1393E1,JOSÉ,13,"00:06:08","1000189442","02:11:01"
"1000189444",2026-01-22,9,EYU3360E2,JOSÉ,117,"00:36:32","1000189444","03:25:49"
"1000189444",2026-01-22,9,EYU3360E3,LUCAS,37,"00:12:23","1000189444","03:25:49"
"1000189444",2026-01-22,9,EYU3360D3,LUCAS,32,"00:08:44","1000189444","03:25:49"
"1000189444",2026-01-22,9,EYU3360E1,LEONARDO,81,"00:18:38","1000189444","03:25:49"
"1000189444",2026-01-22,9,EYU3360D2,LUCAS,193,"00:23:52","1000189444","03:25:49"
"1000189444",2026-01-22,9,EYU3360D4,EMANUEL,139,"00:41:22","1000189444","03:25:49"
"1000189444",2026-01-22,9,EYU3360E5,LUCAS,44,"00:14:02","1000189444","03:25:49"
"1000189444",2026-01-22,9,EYU3360E4,LEONARDO,42,"00:20:05","1000189444","03:25:49"
"1000189444",2026-01-22,9,EYU3360D5,JOSÉ,37,"00:30:11","1000189444","03:25:49"
"1000189447",2026-01-22,7,EYU3370D5,JOSÉ,92,"00:25:13","1000189447","02:48:05"
"1000189447",2026-01-22,7,EYU3370D2,LEONARDO,95,"00:33:48","1000189447","02:48:05"
"1000189447",2026-01-22,7,EYU3370D3,LUCAS,145,"00:36:25","1000189447","02:48:05"
"1000189447",2026-01-22,7,EYU3370E3,LEONARDO,23,"00:20:58","1000189447","02:48:05"
"1000189447",2026-01-22,7,EYU3370E4,JOSÉ,43,"00:21:38","1000189447","02:48:05"
"1000189447",2026-01-22,7,EYU3370D4,EMANUEL,74,"00:19:54","1000189447","02:48:05"
"1000189447",2026-01-22,7,EYU3370E2,EMANUEL,81,"00:10:09","1000189447","02:48:05"
"1000189451",2026-01-22,6,FUX8622D3,LEONARDO,18,"00:27:30","1000189451","02:47:59"
"1000189451",2026-01-22,6,FUX8622D4,LUCAS,21,"00:09:49","1000189451","02:47:59"
"1000189451",2026-01-22,6,FUX8622E2,LEONARDO,65,"00:26:32","1000189451","02:47:59"
"1000189451",2026-01-22,6,FUX8622E3,EMANUEL,47,"00:38:23","1000189451","02:47:59"
"1000189451",2026-01-22,6,FUX8622E1,JOSÉ,115,"00:39:33","1000189451","02:47:59"
"1000189451",2026-01-22,6,FUX8622D2,LUCAS,144,"00:26:12","1000189451","02:47:59"
"1000189448",2026-01-22,7,EYU3371D5,LUCAS,38,"00:13:33","1000189448","03:40:39"
"1000189448",2026-01-22,7,EYU3371E4,LUCAS,49,"00:12:47","1000189448","03:40:39"
"1000189448",2026-01-22,7,EYU3371D4,EMANUEL,54,"00:58:15","1000189448","03:40:39"
"1000189448",2026-01-22,7,EYU3371E3,JOSÉ,59,"00:40:33","1000189448","03:40:39"
"1000189448",2026-01-22,7,EYU3371D3,LEONARDO,209,"00:56:16","1000189448","03:40:39"
"1000189448",2026-01-22,7,EYU3371D2,LUCAS,100,"00:26:56","1000189448","03:40:39"
"1000189448",2026-01-22,7,EYU3371E2,EMANUEL,64,"00:12:19","1000189448","03:40:39"
"1000220097",2026-08-18,10,EYU3363D4,PEDRO,121,"00:30:02","1000220097","01:46:55"
"1000220097",2026-08-18,10,EYU3363E2,PEDRO,106,"00:19:11","1000220097","01:46:55"
"1000220097",2026-08-18,10,EYU3363D2,PEDRO,85,"00:08:46","1000220097","01:46:55"
"1000220097",2026-08-18,10,EYU3363E3,PEDRO,84,"00:21:27","1000220097","01:46:55"
"1000220097",2026-08-18,10,EYU3363COMODATO,JOSÉ,1,"00:00:06","1000220097","01:46:55"
"1000220097",2026-08-18,10,EYU3363E5,JOSÉ,21,"00:01:45","1000220097","01:46:55"
"1000220097",2026-08-18,10,EYU3363E4,JOSÉ,84,"00:14:56","1000220097","01:46:55"
"1000220097",2026-08-18,10,EYU3363E1,JOSÉ,71,"00:00:49","1000220097","01:46:55"
"1000220097",2026-08-18,10,EYU3363D5,PEDRO,39,"00:08:12","1000220097","01:46:55"
"1000220097",2026-08-18,10,EYU3363D3,PEDRO,40,"00:01:41","1000220097","01:46:55"
"1000220101",2026-08-18,10,EYU3702D4,PEDRO,150,"00:26:24","1000220101","02:36:23"
"1000220101",2026-08-18,10,EYU3702D1,JOSÉ,248,"00:35:51","1000220101","02:36:23"
"1000220101",2026-08-18,10,EYU3702E5,JOSÉ,50,"00:11:38","1000220101","02:36:23"
"1000220101",2026-08-18,10,EYU3702E4,JOSÉ,123,"00:25:11","1000220101","02:36:23"
"1000220101",2026-08-18,10,EYU3702D5,PEDRO,45,"00:16:13","1000220101","02:36:23"
"1000220101",2026-08-18,10,EYU3702E3,PEDRO,50,"00:03:07","1000220101","02:36:23"
"1000220101",2026-08-18,10,EYU3702D2,JOSÉ,57,"00:00:43","1000220101","02:36:23"
"1000220101",2026-08-18,10,EYU3702E1,JOSÉ,83,"00:10:26","1000220101","02:36:23"
"1000220101",2026-08-18,10,EYU3702D3,PEDRO,83,"00:22:16","1000220101","02:36:23"
"1000220101",2026-08-18,10,EYU3702E2,JOSÉ,107,"00:04:34","1000220101","02:36:23"
"1000219866",2026-08-18,3,CMT0008D2,JOSÉ,42,"00:13:58","1000219866","00:40:35"
"1000219866",2026-08-18,3,CMT0008E3,PEDRO,41,"00:11:38","1000219866","00:40:35"
"1000219866",2026-08-18,3,CMT0008E1,PEDRO,81,"00:14:59","1000219866","00:40:35"
"1000220105",2026-08-18,8,DBC8717D3,JOSÉ,28,"00:05:03","1000220105","01:12:58"
"1000220105",2026-08-18,8,DBC8717E2,JOSÉ,13,"00:06:22","1000220105","01:12:58"
"1000220105",2026-08-18,8,DBC8717E1,JOSÉ,18,"00:08:52","1000220105","01:12:58"
"1000220105",2026-08-18,8,DBC8717D4,JOSÉ,19,"00:01:15","1000220105","01:12:58"
"1000220105",2026-08-18,8,DBC8717E3,JOSÉ,86,"00:16:46","1000220105","01:12:58"
"1000220105",2026-08-18,8,DBC8717E4,PEDRO,69,"00:21:29","1000220105","01:12:58"
"1000220105",2026-08-18,8,DBC8717D2,JOSÉ,32,"00:12:03","1000220105","01:12:58"
"1000220105",2026-08-18,8,DBC8717D1,JOSÉ,67,"00:01:08","1000220105","01:12:58"
"1000188868",2026-01-23,6,FCX9994D3,EMANUEL,94,"00:34:00","1000188868","04:01:45"
"1000188868",2026-01-23,6,FCX9994E3,JOSÉ,250,"01:10:48","1000188868","04:01:45"
"1000188868",2026-01-23,6,FCX9994D5,EMANUEL,74,"00:39:56","1000188868","04:01:45"
"1000188868",2026-01-23,6,FCX9994E4,LUCAS,111,"00:21:34","1000188868","04:01:45"
"1000188868",2026-01-23,6,FCX9994E5,LUCAS,98,"00:21:02","1000188868","04:01:45"
"1000188868",2026-01-23,6,FCX9994D4,LEONARDO,87,"00:54:25","1000188868","04:01:45"
"1000189439",2026-01-23,7,FUX8622D3,LUCAS,48,"00:12:52","1000189439","02:51:52"
"1000189439",2026-01-23,7,FUX8622E3,EMANUEL,50,"00:15:11","1000189439","02:51:52"
"1000189439",2026-01-23,7,FUX8622E4,LEONARDO,181,"00:31:23","1000189439","02:51:52"
"1000189439",2026-01-23,7,FUX8622E2,LUCAS,149,"00:20:03","1000189439","02:51:52"
"1000189439",2026-01-23,7,FUX8622D2,JOSÉ,78,"00:30:57","1000189439","02:51:52"
"1000189439",2026-01-23,7,FUX8622D4,EMANUEL,86,"00:30:20","1000189439","02:51:52"
"1000189439",2026-01-23,7,FUX8622D5,LEONARDO,77,"00:31:06","1000189439","02:51:52"
CPJ1398,2026-01-23,7,CPJ1398D2,LUCAS,146,"00:29:51",CPJ1398,"01:48:25"
CPJ1398,2026-01-23,7,CPJ1398E1,EMANUEL,65,"00:10:47",CPJ1398,"01:48:25"
CPJ1398,2026-01-23,7,CPJ1398E4,LUCAS,1,"00:05:35",CPJ1398,"01:48:25"
CPJ1398,2026-01-23,7,CPJ1398E2,JOSÉ,17,"00:11:50",CPJ1398,"01:48:25"
CPJ1398,2026-01-23,7,CPJ1398E3,JOSÉ,109,"00:21:08",CPJ1398,"01:48:25"
CPJ1398,2026-01-23,7,CPJ1398D3,LEONARDO,70,"00:21:27",CPJ1398,"01:48:25"
CPJ1398,2026-01-23,7,CPJ1398D1,EMANUEL,70,"00:07:47",CPJ1398,"01:48:25"
"1000192938",2026-02-12,8,EYU3372E3,EMANUEL,101,"00:18:57","1000192938","01:36:04"
"1000192938",2026-02-12,8,EYU3372E1,LUCAS,198,"00:13:32","1000192938","01:36:04"
"1000192938",2026-02-12,8,EYU3372E2,JOSÉ,75,"00:08:41","1000192938","01:36:04"
"1000192938",2026-02-12,8,EYU3372D2,JOSÉ,70,"00:06:04","1000192938","01:36:04"
"1000192938",2026-02-12,8,EYU3372D3,LUCAS,48,"00:09:10","1000192938","01:36:04"
"1000192938",2026-02-12,8,EYU3372E4,JOSÉ,17,"00:08:36","1000192938","01:36:04"
"1000192938",2026-02-12,8,EYU3372D5,LUCAS,31,"00:11:45","1000192938","01:36:04"
"1000192938",2026-02-12,8,EYU3372D4,EMANUEL,122,"00:19:19","1000192938","01:36:04"
"1000192942",2026-02-12,8,DBC8719E2,JOSÉ,40,"00:15:55","1000192942","02:29:30"
"1000192942",2026-02-12,8,DBC8719E4,JOSÉ,82,"00:24:33","1000192942","02:29:30"
"1000192942",2026-02-12,8,DBC8719D4,LUCAS,36,"00:10:08","1000192942","02:29:30"
"1000192942",2026-02-12,8,DBC8719D3,JOSÉ,37,"00:16:08","1000192942","02:29:30"
"1000192942",2026-02-12,8,DBC8719E3,EMANUEL,73,"00:30:42","1000192942","02:29:30"
"1000192942",2026-02-12,8,DBC8719D1,LUCAS,100,"00:10:19","1000192942","02:29:30"
"1000192942",2026-02-12,8,DBC8719E1,EMANUEL,183,"00:18:40","1000192942","02:29:30"
"1000192942",2026-02-12,8,DBC8719D2,LUCAS,54,"00:23:05","1000192942","02:29:30"
"1000192937",2026-02-12,8,EYU3371D5,JOSÉ,39,"00:31:31","1000192937","02:24:39"
"1000192937",2026-02-12,8,EYU3371E2,LUCAS,137,"00:26:27","1000192937","02:24:39"
"1000192937",2026-02-12,8,EYU3371D4,LUCAS,64,"00:19:31","1000192937","02:24:39"
"1000192937",2026-02-12,8,EYU3371D2,JOSÉ,100,"00:03:41","1000192937","02:24:39"
"1000192937",2026-02-12,8,EYU3371E3,JOSÉ,78,"00:11:34","1000192937","02:24:39"
"1000192937",2026-02-12,8,EYU3371D3,EMANUEL,46,"00:26:08","1000192937","02:24:39"
"1000192937",2026-02-12,8,EYU3371E1,LUCAS,59,"00:05:10","1000192937","02:24:39"
"1000192937",2026-02-12,8,EYU3371E4,LUCAS,21,"00:20:37","1000192937","02:24:39"
"1000192257",2026-02-09,8,CPJ1393D3,EMANUEL,79,"00:14:41","1000192257","02:07:45"
"1000192257",2026-02-09,8,CPJ1393E4,JOSÉ,15,"00:06:22","1000192257","02:07:45"
"1000192257",2026-02-09,8,CPJ1393D1,LUCAS,100,"00:12:59","1000192257","02:07:45"
"1000192257",2026-02-09,8,CPJ1393E3,EMANUEL,137,"00:16:41","1000192257","02:07:45"
"1000192257",2026-02-09,8,CPJ1393E2,EMANUEL,81,"00:12:39","1000192257","02:07:45"
"1000192257",2026-02-09,8,CPJ1393D4,LUCAS,65,"00:12:17","1000192257","02:07:45"
"1000192257",2026-02-09,8,CPJ1393E1,JOSÉ,65,"00:31:41","1000192257","02:07:45"
"1000192257",2026-02-09,8,CPJ1393D2,LUCAS,148,"00:20:25","1000192257","02:07:45"
"1000192262",2026-02-09,8,EYU3702E3,LUCAS,37,"00:19:50","1000192262","02:36:24"
"1000192262",2026-02-09,8,EYU3702E2,JOSÉ,47,"00:16:31","1000192262","02:36:24"
"1000192262",2026-02-09,8,EYU3702D3,LUCAS,34,"00:10:40","1000192262","02:36:24"
"1000192262",2026-02-09,8,EYU3702D2,EMANUEL,187,"00:28:56","1000192262","02:36:24"
"1000192262",2026-02-09,8,EYU3702E1,EMANUEL,88,"00:16:19","1000192262","02:36:24"
"1000192262",2026-02-09,8,EYU3702E4,JOSÉ,29,"00:11:21","1000192262","02:36:24"
"1000192262",2026-02-09,8,EYU3702D5,JOSÉ,173,"00:32:48","1000192262","02:36:24"
"1000192262",2026-02-09,8,EYU3702D4,LUCAS,99,"00:19:59","1000192262","02:36:24"
"1000192264",2026-02-09,7,EYU3705E4,JOSÉ,44,"00:01:51","1000192264","01:42:26"
"1000192264",2026-02-09,7,EYU3705D4,LUCAS,52,"00:17:17","1000192264","01:42:26"
"1000192264",2026-02-09,7,EYU3705E3,EMANUEL,66,"00:19:54","1000192264","01:42:26"
"1000192264",2026-02-09,7,EYU3705D2,EMANUEL,52,"00:02:33","1000192264","01:42:26"
"1000192264",2026-02-09,7,EYU3705D5,JOSÉ,64,"00:25:21","1000192264","01:42:26"
"1000192264",2026-02-09,7,EYU3705D3,EMANUEL,201,"00:27:51","1000192264","01:42:26"
"1000192264",2026-02-09,7,EYU3705E2,LUCAS,82,"00:07:39","1000192264","01:42:26"
"1000192266",2026-02-09,7,GDB5855D4,JOSÉ,184,"00:37:19","1000192266","02:15:38"
"1000192266",2026-02-09,7,GDB5855D5,LUCAS,76,"00:15:36","1000192266","02:15:38"
"1000192266",2026-02-09,7,GDB5855E3,LUCAS,32,"00:18:55","1000192266","02:15:38"
"1000192266",2026-02-09,7,GDB5855E4,LUCAS,40,"00:11:21","1000192266","02:15:38"
"1000192266",2026-02-09,7,GDB5855D3,LUCAS,171,"00:16:58","1000192266","02:15:38"
"1000192266",2026-02-09,7,GDB5855E2,EMANUEL,100,"00:22:45","1000192266","02:15:38"
"1000192266",2026-02-09,7,GDB5855E5,EMANUEL,71,"00:12:44","1000192266","02:15:38"
"1000192263",2026-02-09,8,EYU3703D3,LUCAS,150,"00:24:33","1000192263","01:55:13"
"1000192263",2026-02-09,8,EYU3703E2,EMANUEL,33,"00:12:57","1000192263","01:55:13"
"1000192263",2026-02-09,8,EYU3703D2,JOSÉ,240,"00:17:26","1000192263","01:55:13"
"1000192263",2026-02-09,8,EYU3703E1,JOSÉ,75,"00:09:11","1000192263","01:55:13"
"1000192263",2026-02-09,8,EYU3703D4,EMANUEL,97,"00:20:55","1000192263","01:55:13"
"1000192263",2026-02-09,8,EYU3703E4,LUCAS,32,"00:16:58","1000192263","01:55:13"
"1000192263",2026-02-09,8,EYU3703E3,JOSÉ,47,"00:05:52","1000192263","01:55:13"
"1000192263",2026-02-09,8,EYU3703D5,JOSÉ,78,"00:07:21","1000192263","01:55:13"
"1000192260",2026-02-09,8,EYU3371E2,LUCAS,89,"00:09:42","1000192260","01:06:42"
"1000192260",2026-02-09,8,EYU3371D2,JOSÉ,200,"00:20:57","1000192260","01:06:42"
"1000192260",2026-02-09,8,EYU3371E1,JOSÉ,85,"00:05:29","1000192260","01:06:42"
"1000192260",2026-02-09,8,EYU3371D4,EMANUEL,53,"00:15:46","1000192260","01:06:42"
"1000192260",2026-02-09,8,EYU3371D5,JOSÉ,57,"00:02:04","1000192260","01:06:42"
"1000192260",2026-02-09,8,EYU3371D3,JOSÉ,28,"00:02:51","1000192260","01:06:42"
"1000192260",2026-02-09,8,EYU3371E4,LUCAS,56,"00:07:37","1000192260","01:06:42"
"1000192260",2026-02-09,8,EYU3371E3,EMANUEL,2,"00:02:16","1000192260","01:06:42"
"1000192267",2026-02-09,9,DBC8719E4,JOSÉ,7,"00:06:53","1000192267","01:15:58"
"1000192267",2026-02-09,9,DBC8719E1,LUCAS,20,"00:04:35","1000192267","01:15:58"
"1000192267",2026-02-09,9,DBC8719D5,JOSÉ,176,"00:02:23","1000192267","01:15:58"
"1000192267",2026-02-09,9,DBC8719E2,LUCAS,60,"00:10:26","1000192267","01:15:58"
"1000192267",2026-02-09,9,DBC8719D3,JOSÉ,62,"00:17:05","1000192267","01:15:58"
"1000192267",2026-02-09,9,DBC8719D1,EMANUEL,80,"00:05:48","1000192267","01:15:58"
"1000192267",2026-02-09,9,DBC8719E3,EMANUEL,62,"00:07:25","1000192267","01:15:58"
"1000192267",2026-02-09,9,DBC8719D2,LUCAS,77,"00:09:44","1000192267","01:15:58"
"1000192267",2026-02-09,9,DBC8719D4,LUCAS,94,"00:11:39","1000192267","01:15:58"
"1000192256",2026-02-09,7,CPJ1392D4,JOSÉ,39,"00:16:28","1000192256","02:20:32"
"1000192256",2026-02-09,7,CPJ1392E1,LUCAS,82,"00:12:15","1000192256","02:20:32"
"1000192256",2026-02-09,7,CPJ1392D3,JOSÉ,147,"00:17:29","1000192256","02:20:32"
"1000192256",2026-02-09,7,CPJ1392E4,EMANUEL,102,"00:22:12","1000192256","02:20:32"
"1000192256",2026-02-09,7,CPJ1392E3,LUCAS,103,"00:31:47","1000192256","02:20:32"
"1000192256",2026-02-09,7,CPJ1392D2,JOSÉ,86,"00:16:24","1000192256","02:20:32"
"1000192256",2026-02-09,7,CPJ1392E2,EMANUEL,40,"00:23:57","1000192256","02:20:32"
"1000192258",2026-02-09,8,EYU3362E4,EMANUEL,82,"00:18:33","1000192258","01:23:43"
"1000192258",2026-02-09,8,EYU3362E3,JOSÉ,143,"00:17:01","1000192258","01:23:43"
"1000192258",2026-02-09,8,EYU3362D3,LUCAS,106,"00:07:57","1000192258","01:23:43"
"1000192258",2026-02-09,8,EYU3362E2,EMANUEL,71,"00:00:03","1000192258","01:23:43"
"1000192258",2026-02-09,8,EYU3362D4,LUCAS,86,"00:08:46","1000192258","01:23:43"
"1000192258",2026-02-09,8,EYU3362E1,EMANUEL,100,"00:15:21","1000192258","01:23:43"
"1000192258",2026-02-09,8,EYU3362D5,EMANUEL,16,"00:00:13","1000192258","01:23:43"
"1000192258",2026-02-09,8,EYU3362D2,LUCAS,184,"00:15:49","1000192258","01:23:43"
"1000192269",2026-02-09,7,FCX9994E5,EMANUEL,56,"00:23:31","1000192269","01:52:57"
"1000192269",2026-02-09,7,FCX9994D5,LUCAS,71,"00:15:08","1000192269","01:52:57"
"1000192269",2026-02-09,7,FCX9994E2,JOSÉ,102,"00:06:32","1000192269","01:52:57"
"1000192269",2026-02-09,7,FCX9994E3,JOSÉ,149,"00:38:21","1000192269","01:52:57"
"1000192269",2026-02-09,7,FCX9994D3,LUCAS,231,"00:24:45","1000192269","01:52:57"
"1000192269",2026-02-09,7,FCX9994E4,LUCAS,14,"00:04:34","1000192269","01:52:57"
"1000192269",2026-02-09,7,FCX9994D4,EMANUEL,6,"00:00:06","1000192269","01:52:57"
"1000220313",2026-08-19,9,GDB5855E3,JOSÉ,82,"00:21:50","1000220313","03:35:33"
"1000220313",2026-08-19,9,GDB5855D5,LEONARDO,69,"00:12:32","1000220313","03:35:33"
"1000220313",2026-08-19,9,GDB5855E1,LEONARDO,57,"00:01:25","1000220313","03:35:33"
"1000220313",2026-08-19,9,GDB5855D3,LEONARDO,52,"00:01:00","1000220313","03:35:33"
"1000220313",2026-08-19,9,GDB5855E5,LEONARDO,78,"00:15:04","1000220313","03:35:33"
"1000220313",2026-08-19,9,GDB5855E4,LEONARDO,36,"00:08:04","1000220313","03:35:33"
"1000220313",2026-08-19,9,GDB5855E2,LEONARDO,184,"01:41:41","1000220313","03:35:33"
"1000220313",2026-08-19,9,GDB5855D4,JOSÉ,139,"00:33:46","1000220313","03:35:33"
"1000220313",2026-08-19,9,GDB5855D2,JOSÉ,82,"00:20:11","1000220313","03:35:33"
"1000220312",2026-08-19,8,EYU3376E2,LEONARDO,73,"00:23:15","1000220312","02:40:58"
"1000220312",2026-08-19,8,EYU3376D3,JOSÉ,100,"00:37:27","1000220312","02:40:58"
"1000220312",2026-08-19,8,EYU3376D5,JOSÉ,104,"00:23:44","1000220312","02:40:58"
"1000220312",2026-08-19,8,EYU3376E5,LEONARDO,168,"00:32:05","1000220312","02:40:58"
"1000220312",2026-08-19,8,EYU3376E4,JOSÉ,69,"00:23:48","1000220312","02:40:58"
"1000220312",2026-08-19,8,EYU3376D4,LEONARDO,72,"00:18:33","1000220312","02:40:58"
"1000220312",2026-08-19,8,EYU3376D2,LEONARDO,52,"00:00:46","1000220312","02:40:58"
"1000220312",2026-08-19,8,EYU3376E3,LEONARDO,48,"00:01:20","1000220312","02:40:58"
"1000220314",2026-08-19,10,DBC8717D3,JOSÉ,87,"00:17:45","1000220314","02:06:51"
"1000220314",2026-08-19,10,DBC8717E1,LEONARDO,66,"00:09:17","1000220314","02:06:51"
"1000220314",2026-08-19,10,DBC8717D4,LEONARDO,95,"00:24:58","1000220314","02:06:51"
"1000220314",2026-08-19,10,DBC8717D5,LEONARDO,138,"00:17:07","1000220314","02:06:51"
"1000220314",2026-08-19,10,DBC8717E3,JOSÉ,65,"00:10:16","1000220314","02:06:51"
"1000220314",2026-08-19,10,DBC8717D1,LEONARDO,125,"00:22:25","1000220314","02:06:51"
"1000220314",2026-08-19,10,DBC8717E2,LEONARDO,22,"00:10:18","1000220314","02:06:51"
"1000220314",2026-08-19,10,DBC8717E4,JOSÉ,18,"00:01:19","1000220314","02:06:51"
"1000220314",2026-08-19,10,DBC8717COMODATO,LEONARDO,1,"00:00:03","1000220314","02:06:51"
"1000220314",2026-08-19,10,DBC8717D2,LEONARDO,72,"00:13:23","1000220314","02:06:51"
"1000220310",2026-08-19,9,EYU3705D3,LEONARDO,17,"00:01:03","1000220310","01:54:29"
"1000220310",2026-08-19,9,EYU3705D2,LEONARDO,148,"00:20:11","1000220310","01:54:29"
"1000220310",2026-08-19,9,EYU3705E1,LEONARDO,185,"00:10:28","1000220310","01:54:29"
"1000220310",2026-08-19,9,EYU3705E5,LEONARDO,71,"00:22:15","1000220310","01:54:29"
"1000220310",2026-08-19,9,EYU3705E2,LEONARDO,39,"00:11:15","1000220310","01:54:29"
"1000220310",2026-08-19,9,EYU3705D4,JOSÉ,56,"00:20:59","1000220310","01:54:29"
"1000220310",2026-08-19,9,EYU3705E4,JOSÉ,49,"00:14:27","1000220310","01:54:29"
"1000220310",2026-08-19,9,EYU3705E3,LEONARDO,24,"00:12:55","1000220310","01:54:29"
"1000220310",2026-08-19,9,EYU3705D5,JOSÉ,27,"00:00:56","1000220310","01:54:29"
"1000190371",2026-01-28,10,EYU3370D2,JOSÉ,206,"00:29:53","1000190371","02:40:34"
"1000190371",2026-01-28,10,EYU3370D3,PEDRO,50,"00:22:57","1000190371","02:40:34"
"1000190371",2026-01-28,10,EYU3370E3,LEONARDO,61,"00:19:12","1000190371","02:40:34"
"1000190371",2026-01-28,10,EYU3370E2,EMANUEL,160,"00:22:12","1000190371","02:40:34"
"1000190371",2026-01-28,10,EYU3370D1,LEONARDO,74,"00:05:24","1000190371","02:40:34"
"1000190371",2026-01-28,10,EYU3370E1,PEDRO,98,"00:11:13","1000190371","02:40:34"
"1000190371",2026-01-28,10,EYU3370E4,JOSÉ,33,"00:12:55","1000190371","02:40:34"
"1000190371",2026-01-28,10,EYU3370D5,LUCAS,46,"00:11:54","1000190371","02:40:34"
"1000190371",2026-01-28,10,EYU3370E5,LEONARDO,64,"00:02:01","1000190371","02:40:34"
"1000190371",2026-01-28,10,EYU3370D4,LUCAS,148,"00:22:53","1000190371","02:40:34"
"1000190372",2026-01-28,10,EYU3371E1,EMANUEL,79,"00:10:04","1000190372","01:50:21"
"1000190372",2026-01-28,10,EYU3371D2,EMANUEL,114,"00:06:33","1000190372","01:50:21"
"1000190372",2026-01-28,10,EYU3371E5,EMANUEL,36,"00:09:02","1000190372","01:50:21"
"1000190372",2026-01-28,10,EYU3371D4,EMANUEL,51,"00:03:58","1000190372","01:50:21"
"1000190372",2026-01-28,10,EYU3371E2,LUCAS,88,"00:13:29","1000190372","01:50:21"
"1000190372",2026-01-28,10,EYU3371D5,LUCAS,83,"00:16:33","1000190372","01:50:21"
"1000190372",2026-01-28,10,EYU3371D3,JOSÉ,45,"00:12:51","1000190372","01:50:21"
"1000190372",2026-01-28,10,EYU3371E3,LEONARDO,51,"00:14:34","1000190372","01:50:21"
"1000190372",2026-01-28,10,EYU3371D1,JOSÉ,59,"00:12:56","1000190372","01:50:21"
"1000190372",2026-01-28,10,EYU3371E4,EMANUEL,37,"00:10:21","1000190372","01:50:21"
"1000190373",2026-01-28,7,EYU3372E5,LUCAS,15,"00:10:26","1000190373","02:56:55"
"1000190373",2026-01-28,7,EYU3372E3,JOSÉ,53,"00:14:19","1000190373","02:56:55"
"1000190373",2026-01-28,7,EYU3372E2,LEONARDO,55,"00:22:36","1000190373","02:56:55"
"1000190373",2026-01-28,7,EYU3372D2,LEONARDO,72,"00:03:25","1000190373","02:56:55"
"1000190373",2026-01-28,7,EYU3372D5,LEONARDO,80,"01:15:30","1000190373","02:56:55"
"1000190373",2026-01-28,7,EYU3372D3,EMANUEL,89,"00:27:46","1000190373","02:56:55"
"1000190373",2026-01-28,7,EYU3372D4,LUCAS,105,"00:22:53","1000190373","02:56:55"
"1000190375",2026-01-28,8,EYU3703D3,EMANUEL,43,"00:16:04","1000190375","02:27:45"
"1000190375",2026-01-28,8,EYU3703D5,JOSÉ,28,"00:07:25","1000190375","02:27:45"
"1000190375",2026-01-28,8,EYU3703D4,LEONARDO,44,"00:10:47","1000190375","02:27:45"
"1000190375",2026-01-28,8,EYU3703E5,LUCAS,63,"00:16:01","1000190375","02:27:45"
"1000190375",2026-01-28,8,EYU3703E2,LEONARDO,68,"00:15:51","1000190375","02:27:45"
"1000190375",2026-01-28,8,EYU3703E1,LUCAS,80,"00:18:57","1000190375","02:27:45"
"1000190375",2026-01-28,8,EYU3703E4,LEONARDO,149,"00:34:23","1000190375","02:27:45"
"1000190375",2026-01-28,8,EYU3703D2,LUCAS,189,"00:28:17","1000190375","02:27:45"
"1000190370",2026-01-28,7,EYU3363D2,JOSÉ,65,"00:12:24","1000190370","01:58:17"
"1000190370",2026-01-28,7,EYU3363E1,EMANUEL,93,"00:20:32","1000190370","01:58:17"
"1000190370",2026-01-28,7,EYU3363E2,PEDRO,209,"00:33:31","1000190370","01:58:17"
"1000190370",2026-01-28,7,EYU3363E3,LUCAS,60,"00:19:47","1000190370","01:58:17"
"1000190370",2026-01-28,7,EYU3363D3,JOSÉ,78,"00:14:08","1000190370","01:58:17"
"1000190370",2026-01-28,7,EYU3363D4,EMANUEL,19,"00:05:11","1000190370","01:58:17"
"1000190370",2026-01-28,7,EYU3363E4,LEONARDO,55,"00:12:44","1000190370","01:58:17"
"1000190374",2026-01-28,9,EYU3702D5,PEDRO,21,"00:19:46","1000190374","02:29:14"
"1000190374",2026-01-28,9,EYU3702D2,EMANUEL,480,"00:30:35","1000190374","02:29:14"
"1000190374",2026-01-28,9,EYU3702D3,JOSÉ,36,"00:17:22","1000190374","02:29:14"
"1000190374",2026-01-28,9,EYU3702E3,EMANUEL,38,"00:06:42","1000190374","02:29:14"
"1000190374",2026-01-28,9,EYU3702D1,JOSÉ,59,"00:02:05","1000190374","02:29:14"
"1000190374",2026-01-28,9,EYU3702E4,PEDRO,60,"00:11:31","1000190374","02:29:14"
"1000190374",2026-01-28,9,EYU3702D4,EMANUEL,75,"00:13:06","1000190374","02:29:14"
"1000190374",2026-01-28,9,EYU3702E1,JOSÉ,84,"00:21:09","1000190374","02:29:14"
"1000190374",2026-01-28,9,EYU3702E2,PEDRO,95,"00:26:58","1000190374","02:29:14"
"1000194185",2026-02-23,7,FQU8482D4,PEDRO,45,"00:08:43","1000194185","01:32:36"
"1000194185",2026-02-23,7,FQU8482D1,LUCAS,43,"00:15:39","1000194185","01:32:36"
"1000194185",2026-02-23,7,FQU8482D3,LUCAS,22,"00:11:40","1000194185","01:32:36"
"1000194185",2026-02-23,7,FQU8482E3,PEDRO,76,"00:11:32","1000194185","01:32:36"
"1000194185",2026-02-23,7,FQU8482E1,LUCAS,68,"00:12:23","1000194185","01:32:36"
"1000194185",2026-02-23,7,FQU8482D2,PEDRO,50,"00:17:41","1000194185","01:32:36"
"1000194185",2026-02-23,7,FQU8482E2,LUCAS,46,"00:14:58","1000194185","01:32:36"
"1000194178",2026-02-23,9,CPJ1392D5,LUCAS,35,"00:10:23","1000194178","03:29:54"
"1000194178",2026-02-23,9,CPJ1392D2,LUCAS,188,"00:45:22","1000194178","03:29:54"
"1000194178",2026-02-23,9,CPJ1392E1,PEDRO,167,"00:41:46","1000194178","03:29:54"
"1000194178",2026-02-23,9,CPJ1392D4,LUCAS,84,"00:20:34","1000194178","03:29:54"
"1000194178",2026-02-23,9,CPJ1392E3,LUCAS,77,"00:13:00","1000194178","03:29:54"
"1000194178",2026-02-23,9,CPJ1392D1,PEDRO,76,"00:22:18","1000194178","03:29:54"
"1000194178",2026-02-23,9,CPJ1392E4,LUCAS,41,"00:10:58","1000194178","03:29:54"
"1000194178",2026-02-23,9,CPJ1392D3,PEDRO,70,"00:23:03","1000194178","03:29:54"
"1000194178",2026-02-23,9,CPJ1392E2,LUCAS,40,"00:22:30","1000194178","03:29:54"
"1000194179",2026-02-23,9,EYU3361D2,LUCAS,273,"00:55:58","1000194179","02:29:43"
"1000194179",2026-02-23,9,EYU3361E1,LUCAS,100,"00:08:19","1000194179","02:29:43"
"1000194179",2026-02-23,9,EYU3361E4,LUCAS,79,"00:12:18","1000194179","02:29:43"
"1000194179",2026-02-23,9,EYU3361E3,LUCAS,59,"00:11:17","1000194179","02:29:43"
"1000194179",2026-02-23,9,EYU3361D3,LUCAS,87,"00:19:08","1000194179","02:29:43"
"1000194179",2026-02-23,9,EYU3361D4,LUCAS,20,"00:17:55","1000194179","02:29:43"
"1000194179",2026-02-23,9,EYU3361E2,LUCAS,76,"00:06:49","1000194179","02:29:43"
"1000194179",2026-02-23,9,EYU3361D5,LUCAS,41,"00:07:23","1000194179","02:29:43"
"1000194179",2026-02-23,9,EYU3361D1,LUCAS,58,"00:10:36","1000194179","02:29:43"
"1000194184",2026-02-23,9,EYU3703D5,PEDRO,131,"00:19:53","1000194184","02:03:38"
"1000194184",2026-02-23,9,EYU3703D4,PEDRO,79,"00:14:56","1000194184","02:03:38"
"1000194184",2026-02-23,9,EYU3703E4,LUCAS,85,"00:14:31","1000194184","02:03:38"
"1000194184",2026-02-23,9,EYU3703E3,PEDRO,55,"00:10:37","1000194184","02:03:38"
"1000194184",2026-02-23,9,EYU3703D2,LUCAS,57,"00:01:17","1000194184","02:03:38"
"1000194184",2026-02-23,9,EYU3703D3,PEDRO,52,"00:24:12","1000194184","02:03:38"
"1000194184",2026-02-23,9,EYU3703E5,LUCAS,40,"00:10:44","1000194184","02:03:38"
"1000194184",2026-02-23,9,EYU3703E1,LUCAS,181,"00:07:38","1000194184","02:03:38"
"1000194184",2026-02-23,9,EYU3703E2,LUCAS,72,"00:19:50","1000194184","02:03:38"
"1000194187",2026-02-23,10,DBC8719E3,LUCAS,44,"00:15:54","1000194187","02:21:17"
"1000194187",2026-02-23,10,DBC8719E2,LUCAS,69,"00:13:51","1000194187","02:21:17"
"1000194187",2026-02-23,10,DBC8719D5,PEDRO,49,"00:22:16","1000194187","02:21:17"
"1000194187",2026-02-23,10,DBC8719D3,PEDRO,21,"00:08:53","1000194187","02:21:17"
"1000194187",2026-02-23,10,DBC8719E4,PEDRO,8,"00:10:01","1000194187","02:21:17"
"1000194187",2026-02-23,10,DBC8719D1,PEDRO,21,"00:07:19","1000194187","02:21:17"
"1000194187",2026-02-23,10,DBC8719E1,PEDRO,40,"00:17:36","1000194187","02:21:17"
"1000194187",2026-02-23,10,DBC8719E5,LUCAS,53,"00:09:42","1000194187","02:21:17"
"1000194187",2026-02-23,10,DBC8719D4,LUCAS,78,"00:08:44","1000194187","02:21:17"
"1000194187",2026-02-23,10,DBC8719D2,PEDRO,81,"00:27:01","1000194187","02:21:17"
"1000190132",2026-01-27,9,EYU3703D3,LEONARDO,5,"00:00:51","1000190132","02:40:01"
"1000190132",2026-01-27,9,EYU3703E3,EMANUEL,62,"00:25:48","1000190132","02:40:01"
"1000190132",2026-01-27,9,EYU3703E4,EMANUEL,146,"00:25:24","1000190132","02:40:01"
"1000190132",2026-01-27,9,EYU3703E1,LUCAS,74,"00:09:47","1000190132","02:40:01"
"1000190132",2026-01-27,9,EYU3703D2,LUCAS,93,"00:13:04","1000190132","02:40:01"
"1000190132",2026-01-27,9,EYU3703D4,LEONARDO,46,"00:19:47","1000190132","02:40:01"
"1000190132",2026-01-27,9,EYU3703D1,LEONARDO,94,"00:08:27","1000190132","02:40:01"
"1000190132",2026-01-27,9,EYU3703E2,LUCAS,144,"00:43:51","1000190132","02:40:01"
"1000190132",2026-01-27,9,EYU3703D5,LEONARDO,119,"00:13:02","1000190132","02:40:01"
"1000190128",2026-01-27,8,EYU3363D3,EMANUEL,156,"00:28:06","1000190128","02:17:08"
"1000190128",2026-01-27,8,EYU3363E3,LUCAS,47,"00:15:27","1000190128","02:17:08"
"1000190128",2026-01-27,8,EYU3363D5,EMANUEL,80,"00:22:43","1000190128","02:17:08"
"1000190128",2026-01-27,8,EYU3363E4,LEONARDO,71,"00:29:45","1000190128","02:17:08"
"1000190128",2026-01-27,8,EYU3363E2,EMANUEL,28,"00:08:34","1000190128","02:17:08"
"1000190128",2026-01-27,8,EYU3363E5,LUCAS,62,"00:06:47","1000190128","02:17:08"
"1000190128",2026-01-27,8,EYU3363D2,LUCAS,82,"00:21:58","1000190128","02:17:08"
"1000190128",2026-01-27,8,EYU3363D4,EMANUEL,15,"00:03:48","1000190128","02:17:08"
"1000190133",2026-01-27,9,EYU3705E1,LEONARDO,90,"00:03:41","1000190133","02:12:58"
"1000190133",2026-01-27,9,EYU3705E2,LEONARDO,66,"00:13:22","1000190133","02:12:58"
"1000190133",2026-01-27,9,EYU3705E5,LEONARDO,67,"00:09:58","1000190133","02:12:58"
"1000190133",2026-01-27,9,EYU3705E3,JOSÉ,88,"00:23:52","1000190133","02:12:58"
"1000190133",2026-01-27,9,EYU3705D2,EMANUEL,163,"00:17:20","1000190133","02:12:58"
"1000190133",2026-01-27,9,EYU3705E4,LUCAS,236,"00:21:17","1000190133","02:12:58"
"1000190133",2026-01-27,9,EYU3705D3,LUCAS,58,"00:18:48","1000190133","02:12:58"
"1000190133",2026-01-27,9,EYU3705D5,LEONARDO,21,"00:09:50","1000190133","02:12:58"
"1000190133",2026-01-27,9,EYU3705D4,EMANUEL,55,"00:14:50","1000190133","02:12:58"
"1000190127",2026-01-27,8,EYU3362D5,EMANUEL,118,"00:33:25","1000190127","02:11:17"
"1000190127",2026-01-27,8,EYU3362E2,LEONARDO,184,"00:16:01","1000190127","02:11:17"
"1000190127",2026-01-27,8,EYU3362D3,LEONARDO,77,"00:08:42","1000190127","02:11:17"
"1000190127",2026-01-27,8,EYU3362E5,LUCAS,15,"00:05:41","1000190127","02:11:17"
"1000190127",2026-01-27,8,EYU3362D4,LEONARDO,48,"00:17:01","1000190127","02:11:17"
"1000190127",2026-01-27,8,EYU3362D2,LUCAS,80,"00:17:25","1000190127","02:11:17"
"1000190127",2026-01-27,8,EYU3362E4,LEONARDO,105,"00:17:52","1000190127","02:11:17"
"1000190127",2026-01-27,8,EYU3362E3,EMANUEL,78,"00:15:10","1000190127","02:11:17"
"1000190137",2026-01-27,9,FUX8622D2,EMANUEL,47,"00:14:42","1000190137","01:27:14"
"1000190137",2026-01-27,9,FUX8622E1,LUCAS,171,"00:07:34","1000190137","01:27:14"
"1000190137",2026-01-27,9,FUX8622E5,LUCAS,17,"00:06:43","1000190137","01:27:14"
"1000190137",2026-01-27,9,FUX8622E4,JOSÉ,33,"00:13:17","1000190137","01:27:14"
"1000190137",2026-01-27,9,FUX8622D3,EMANUEL,23,"00:03:40","1000190137","01:27:14"
"1000190137",2026-01-27,9,FUX8622D5,LEONARDO,45,"00:11:01","1000190137","01:27:14"
"1000190137",2026-01-27,9,FUX8622E2,LUCAS,68,"00:14:26","1000190137","01:27:14"
"1000190137",2026-01-27,9,FUX8622D4,LEONARDO,143,"00:08:02","1000190137","01:27:14"
"1000190137",2026-01-27,9,FUX8622E3,LEONARDO,55,"00:07:49","1000190137","01:27:14"
"1000190131",2026-01-27,7,EYU3372D2,JOSÉ,189,"00:07:15","1000190131","01:36:30"
"1000190131",2026-01-27,7,EYU3372D3,LEONARDO,32,"00:09:07","1000190131","01:36:30"
"1000190131",2026-01-27,7,EYU3372D5,LEONARDO,56,"00:09:19","1000190131","01:36:30"
"1000190131",2026-01-27,7,EYU3372E1,JOSÉ,54,"00:15:58","1000190131","01:36:30"
"1000190131",2026-01-27,7,EYU3372E2,LUCAS,53,"00:15:16","1000190131","01:36:30"
"1000190131",2026-01-27,7,EYU3372D4,EMANUEL,123,"00:23:45","1000190131","01:36:30"
"1000190131",2026-01-27,7,EYU3372E3,LUCAS,61,"00:15:50","1000190131","01:36:30"
"190592",2026-01-29,9,EYU3361E5,JOSÉ,23,"00:07:26","190592","02:35:26"
"190592",2026-01-29,9,EYU3361E3,LEONARDO,57,"00:24:53","190592","02:35:26"
"190592",2026-01-29,9,EYU3361D4,LUCAS,30,"00:16:08","190592","02:35:26"
"190592",2026-01-29,9,EYU3361E1,EMANUEL,32,"00:12:53","190592","02:35:26"
"190592",2026-01-29,9,EYU3361D5,LEONARDO,34,"00:07:25","190592","02:35:26"
"190592",2026-01-29,9,EYU3361E4,EMANUEL,72,"00:13:12","190592","02:35:26"
"190592",2026-01-29,9,EYU3361D2,JOSÉ,84,"00:23:57","190592","02:35:26"
"190592",2026-01-29,9,EYU3361D3,LEONARDO,104,"00:20:20","190592","02:35:26"
"190592",2026-01-29,9,EYU3361E2,LUCAS,135,"00:29:12","190592","02:35:26"
"190594",2026-01-29,7,EYU3363E5,LEONARDO,21,"00:08:31","190594","02:15:54"
"190594",2026-01-29,7,EYU3363D5,JOSÉ,25,"00:15:07","190594","02:15:54"
"190594",2026-01-29,7,EYU3363D4,EMANUEL,73,"00:18:56","190594","02:15:54"
"190594",2026-01-29,7,EYU3363E4,LEONARDO,33,"00:24:07","190594","02:15:54"
"190594",2026-01-29,7,EYU3363E2,LEONARDO,50,"00:16:04","190594","02:15:54"
"190594",2026-01-29,7,EYU3363D3,EMANUEL,85,"00:26:51","190594","02:15:54"
"190594",2026-01-29,7,EYU3363E3,JOSÉ,151,"00:26:18","190594","02:15:54"
"190595",2026-01-29,7,EYU3370D3,JOSÉ,106,"00:25:25","190595","02:05:40"
"190595",2026-01-29,7,EYU3370D2,LUCAS,71,"00:18:29","190595","02:05:40"
"190595",2026-01-29,7,EYU3370E2,LEONARDO,74,"00:39:25","190595","02:05:40"
"190595",2026-01-29,7,EYU3370D4,JOSÉ,13,"00:03:36","190595","02:05:40"
"190595",2026-01-29,7,EYU3370E4,EMANUEL,41,"00:15:36","190595","02:05:40"
"190595",2026-01-29,7,EYU3370D5,LUCAS,6,"00:08:50","190595","02:05:40"
"190595",2026-01-29,7,EYU3370E3,EMANUEL,103,"00:14:19","190595","02:05:40"
"190598",2026-01-29,5,EYU3705E3,EMANUEL,218,"00:26:59","190598","02:08:36"
"190598",2026-01-29,5,EYU3705D4,LUCAS,45,"00:17:26","190598","02:08:36"
"190598",2026-01-29,5,EYU3705E2,LEONARDO,61,"00:22:23","190598","02:08:36"
"190598",2026-01-29,5,EYU3705E4,LUCAS,67,"00:14:48","190598","02:08:36"
"190598",2026-01-29,5,EYU3705D3,JOSÉ,219,"00:47:00","190598","02:08:36"
"190596",2026-01-29,8,EYU3371E3,JOSÉ,34,"00:08:37","190596","02:15:17"
"190596",2026-01-29,8,EYU3371E2,EMANUEL,153,"00:25:52","190596","02:15:17"
"190596",2026-01-29,8,EYU3371D4,JOSÉ,45,"00:04:49","190596","02:15:17"
"190596",2026-01-29,8,EYU3371E1,JOSÉ,53,"00:02:27","190596","02:15:17"
"190596",2026-01-29,8,EYU3371D2,LEONARDO,56,"00:34:11","190596","02:15:17"
"190596",2026-01-29,8,EYU3371D5,JOSÉ,63,"00:14:48","190596","02:15:17"
"190596",2026-01-29,8,EYU3371E4,EMANUEL,76,"00:15:30","190596","02:15:17"
"190596",2026-01-29,8,EYU3371D3,LUCAS,147,"00:29:03","190596","02:15:17"
"190599",2026-01-29,6,TLJ3H13D2,LUCAS,43,"00:10:44","190599","01:49:36"
"190599",2026-01-29,6,TLJ3H13E2,LUCAS,111,"00:24:50","190599","01:49:36"
"190599",2026-01-29,6,TLJ3H13E1,EMANUEL,155,"00:21:06","190599","01:49:36"
"190599",2026-01-29,6,TLJ3H13D3,LUCAS,49,"00:16:34","190599","01:49:36"
"190599",2026-01-29,6,TLJ3H13E3,JOSÉ,93,"00:12:13","190599","01:49:36"
"190599",2026-01-29,6,TLJ3H13D1,LUCAS,83,"00:24:09","190599","01:49:36"
"1000220513",2026-08-20,5,TMG6G62E2,LUCAS,75,"00:13:02","1000220513","00:50:51"
"1000220513",2026-08-20,5,TMG6G62E1,PEDRO,45,"00:15:18","1000220513","00:50:51"
"1000220513",2026-08-20,5,TMG6G62D1,LEONARDO,28,"00:07:18","1000220513","00:50:51"
"1000220513",2026-08-20,5,TMG6G62D3,LEONARDO,97,"00:13:42","1000220513","00:50:51"
"1000220513",2026-08-20,5,TMG6G62D2,PEDRO,11,"00:01:31","1000220513","00:50:51"
"1000220514",2026-08-20,6,DBC8717E2,LUCAS,64,"00:20:24","1000220514","01:32:28"
"1000220514",2026-08-20,6,DBC8717D2,PEDRO,146,"00:28:52","1000220514","01:32:28"
"1000220514",2026-08-20,6,DBC8717E1,LEONARDO,175,"00:12:41","1000220514","01:32:28"
"1000220514",2026-08-20,6,DBC8717D5,LEONARDO,22,"00:00:52","1000220514","01:32:28"
"1000220514",2026-08-20,6,DBC8717D3,LUCAS,48,"00:17:07","1000220514","01:32:28"
"1000220514",2026-08-20,6,DBC8717E3,LEONARDO,40,"00:12:32","1000220514","01:32:28"
"1000220512",2026-08-20,8,EYU3376E5,PEDRO,202,"00:39:42","1000220512","02:02:37"
"1000220512",2026-08-20,8,EYU3376D5,LUCAS,10,"00:04:39","1000220512","02:02:37"
"1000220512",2026-08-20,8,EYU3376E3,LUCAS,87,"00:11:13","1000220512","02:02:37"
"1000220512",2026-08-20,8,EYU3376D4,LEONARDO,23,"00:07:58","1000220512","02:02:37"
"1000220512",2026-08-20,8,EYU3376E4,JOSÉ,69,"00:19:13","1000220512","02:02:37"
"1000220512",2026-08-20,8,EYU3376E2,JOSÉ,64,"00:00:58","1000220512","02:02:37"
"1000220512",2026-08-20,8,EYU3376D3,LEONARDO,100,"00:20:17","1000220512","02:02:37"
"1000220512",2026-08-20,8,EYU3376D2,LUCAS,186,"00:18:37","1000220512","02:02:37"
"1000220510",2026-08-20,9,EYU3703E4,PEDRO,115,"00:26:36","1000220510","03:32:37"
"1000220510",2026-08-20,9,EYU3703E1,LUCAS,100,"00:16:16","1000220510","03:32:37"
"1000220510",2026-08-20,9,EYU3703D2,JOSÉ,100,"00:26:12","1000220510","03:32:37"
"1000220510",2026-08-20,9,EYU3703D5,LUCAS,135,"00:15:32","1000220510","03:32:37"
"1000220510",2026-08-20,9,EYU3703D3,LEONARDO,225,"00:22:05","1000220510","03:32:37"
"1000220510",2026-08-20,9,EYU3703E5,LEONARDO,74,"00:15:28","1000220510","03:32:37"
"1000220510",2026-08-20,9,EYU3703E2,PEDRO,58,"00:11:31","1000220510","03:32:37"
"1000220510",2026-08-20,9,EYU3703E3,LEONARDO,25,"01:16:07","1000220510","03:32:37"
"1000220510",2026-08-20,9,EYU3703D4,LUCAS,31,"00:02:50","1000220510","03:32:37"
"1000220509",2026-08-20,7,EYU3702D2,JOSÉ,95,"00:33:12","1000220509","03:23:50"
"1000220509",2026-08-20,7,EYU3702E1,LUCAS,190,"01:31:44","1000220509","03:23:50"
"1000220509",2026-08-20,7,EYU3702D4,LEONARDO,68,"00:21:46","1000220509","03:23:50"
"1000220509",2026-08-20,7,EYU3702E4,JOSÉ,113,"00:33:07","1000220509","03:23:50"
"1000220509",2026-08-20,7,EYU3702E2,PEDRO,43,"00:12:39","1000220509","03:23:50"
"1000220509",2026-08-20,7,EYU3702E3,PEDRO,55,"00:09:22","1000220509","03:23:50"
"1000220509",2026-08-20,7,EYU3702D3,LEONARDO,47,"00:02:00","1000220509","03:23:50"
"1000220507",2026-08-20,8,EYU3371D2,LEONARDO,67,"00:01:13","1000220507","01:32:10"
"1000220507",2026-08-20,8,EYU3371D3,PEDRO,73,"00:28:06","1000220507","01:32:10"
"1000220507",2026-08-20,8,EYU3371E5,LUCAS,181,"00:15:23","1000220507","01:32:10"
"1000220507",2026-08-20,8,EYU3371E4,PEDRO,48,"00:12:11","1000220507","01:32:10"
"1000220507",2026-08-20,8,EYU3371D5,LUCAS,36,"00:07:16","1000220507","01:32:10"
"1000220507",2026-08-20,8,EYU3371D4,LUCAS,38,"00:10:20","1000220507","01:32:10"
"1000220507",2026-08-20,8,EYU3371E2,LEONARDO,58,"00:17:19","1000220507","01:32:10"
"1000220507",2026-08-20,8,EYU3371E3,JOSÉ,17,"00:00:22","1000220507","01:32:10"
"1000220505",2026-08-20,9,EYU3363D3,PEDRO,86,"00:23:04","1000220505","02:41:05"
"1000220505",2026-08-20,9,EYU3363E5,LUCAS,87,"00:13:58","1000220505","02:41:05"
"1000220505",2026-08-20,9,EYU3363D4,LUCAS,47,"00:16:26","1000220505","02:41:05"
"1000220505",2026-08-20,9,EYU3363D5,LEONARDO,46,"00:02:39","1000220505","02:41:05"
"1000220505",2026-08-20,9,EYU3363E1,JOSÉ,148,"00:15:27","1000220505","02:41:05"
"1000220505",2026-08-20,9,EYU3363E4,LEONARDO,22,"00:07:48","1000220505","02:41:05"
"1000220505",2026-08-20,9,EYU3363E2,LEONARDO,188,"00:31:49","1000220505","02:41:05"
"1000220505",2026-08-20,9,EYU3363COMODATO,JOSÉ,83,"00:36:08","1000220505","02:41:05"
"1000220505",2026-08-20,9,EYU3363D2,LUCAS,85,"00:13:46","1000220505","02:41:05"
"1000220504",2026-08-20,8,EYU3361E3,LEONARDO,16,"00:03:03","1000220504","01:30:57"
"1000220504",2026-08-20,8,EYU3361D5,PEDRO,120,"00:33:06","1000220504","01:30:57"
"1000220504",2026-08-20,8,EYU3361E4,JOSÉ,35,"00:09:41","1000220504","01:30:57"
"1000220504",2026-08-20,8,EYU3361D4,LUCAS,64,"00:15:22","1000220504","01:30:57"
"1000220504",2026-08-20,8,EYU3361D2,LUCAS,63,"00:02:43","1000220504","01:30:57"
"1000220504",2026-08-20,8,EYU3361E2,LEONARDO,99,"00:07:57","1000220504","01:30:57"
"1000220504",2026-08-20,8,EYU3361D3,LEONARDO,86,"00:16:31","1000220504","01:30:57"
"1000220504",2026-08-20,8,EYU3361E1,LUCAS,88,"00:02:34","1000220504","01:30:57"
"1000190350",2026-01-30,7,CMT0001D4,JOSÉ,41,"00:21:23","1000190350","02:06:25"
"1000190350",2026-01-30,7,CMT0001D2,LUCAS,199,"00:30:45","1000190350","02:06:25"
"1000190350",2026-01-30,7,CMT0001D3,EMANUEL,72,"00:18:58","1000190350","02:06:25"
"1000190350",2026-01-30,7,CMT0001E1,SEBASTIÃO,70,"00:24:58","1000190350","02:06:25"
"1000190350",2026-01-30,7,CMT0001E2,LUCAS,32,"00:09:35","1000190350","02:06:25"
"1000190350",2026-01-30,7,CMT0001E4,EMANUEL,25,"00:05:41","1000190350","02:06:25"
"1000190350",2026-01-30,7,CMT0001E3,LEONARDO,11,"00:15:05","1000190350","02:06:25"
"1000190366",2026-01-30,6,OUR1003D2,SEBASTIÃO,225,"01:16:45","1000190366","02:28:56"
"1000190366",2026-01-30,6,OUR1003E4,JOSÉ,96,"00:22:46","1000190366","02:28:56"
"1000190366",2026-01-30,6,OUR1003D3,LEONARDO,72,"00:18:38","1000190366","02:28:56"
"1000190366",2026-01-30,6,OUR1003E2,EMANUEL,47,"00:18:46","1000190366","02:28:56"
"1000190366",2026-01-30,6,OUR1003E3,LEONARDO,10,"00:05:32","1000190366","02:28:56"
"1000190366",2026-01-30,6,OUR1003D4,LEONARDO,6,"00:06:29","1000190366","02:28:56"
"1000190353",2026-01-30,6,CMT0004D3,JOSÉ,270,"00:57:07","1000190353","02:35:17"
"1000190353",2026-01-30,6,CMT0004D5,LUCAS,111,"00:16:09","1000190353","02:35:17"
"1000190353",2026-01-30,6,CMT0004E3,LEONARDO,77,"00:37:13","1000190353","02:35:17"
"1000190353",2026-01-30,6,CMT0004D4,EMANUEL,30,"00:05:24","1000190353","02:35:17"
"1000190353",2026-01-30,6,CMT0004E4,LUCAS,12,"00:05:31","1000190353","02:35:17"
"1000190353",2026-01-30,6,CMT0004E2,EMANUEL,243,"00:33:53","1000190353","02:35:17"
"1000190358",2026-01-30,6,CMT0008E3,LEONARDO,100,"00:26:49","1000190358","01:49:17"
"1000190358",2026-01-30,6,CMT0008D4,LUCAS,125,"00:13:44","1000190358","01:49:17"
"1000190358",2026-01-30,6,CMT0008E4,EMANUEL,117,"00:28:51","1000190358","01:49:17"
"1000190358",2026-01-30,6,CMT0008D6,LUCAS,77,"00:26:12","1000190358","01:49:17"
"1000190358",2026-01-30,6,CMT0008D5,LUCAS,10,"00:05:08","1000190358","01:49:17"
"1000190358",2026-01-30,6,CMT0008E5,LUCAS,82,"00:08:33","1000190358","01:49:17"
"1000194381",2026-02-24,9,EYU3371E2,JOSÉ,191,"01:50:35","1000194381","05:32:12"
"1000194381",2026-02-24,9,EYU3371D4,JOSÉ,72,"00:19:36","1000194381","05:32:12"
"1000194381",2026-02-24,9,EYU3371E5,PEDRO,40,"00:08:05","1000194381","05:32:12"
"1000194381",2026-02-24,9,EYU3371E3,LUCAS,61,"00:14:59","1000194381","05:32:12"
"1000194381",2026-02-24,9,EYU3371D2,LUCAS,69,"00:26:32","1000194381","05:32:12"
"1000194381",2026-02-24,9,EYU3371D3,LUCAS,80,"01:30:23","1000194381","05:32:12"
"1000194381",2026-02-24,9,EYU3371E4,JOSÉ,38,"00:22:24","1000194381","05:32:12"
"1000194381",2026-02-24,9,EYU3371D5,PEDRO,75,"00:23:18","1000194381","05:32:12"
"1000194381",2026-02-24,9,EYU3371E1,PEDRO,67,"00:16:20","1000194381","05:32:12"
"1000194379",2026-02-24,9,EYU3361E2,LUCAS,60,"00:23:33","1000194379","02:47:07"
"1000194379",2026-02-24,9,EYU3361D3,LUCAS,49,"00:13:06","1000194379","02:47:07"
"1000194379",2026-02-24,9,EYU3361D2,PEDRO,181,"00:21:01","1000194379","02:47:07"
"1000194379",2026-02-24,9,EYU3361E3,PEDRO,68,"00:23:15","1000194379","02:47:07"
"1000194379",2026-02-24,9,EYU3361E5,JOSÉ,178,"00:33:08","1000194379","02:47:07"
"1000194379",2026-02-24,9,EYU3361E1,PEDRO,99,"00:13:48","1000194379","02:47:07"
"1000194379",2026-02-24,9,EYU3361E4,JOSÉ,86,"00:18:25","1000194379","02:47:07"
"1000194379",2026-02-24,9,EYU3361D5,PEDRO,21,"00:08:16","1000194379","02:47:07"
"1000194379",2026-02-24,9,EYU3361D4,LUCAS,137,"00:12:35","1000194379","02:47:07"
"1000194386",2026-02-24,7,DBC8719E4,LUCAS,71,"00:11:40","1000194386","01:48:21"
"1000194386",2026-02-24,7,DBC8719D4,LUCAS,46,"00:15:56","1000194386","01:48:21"
"1000194386",2026-02-24,7,DBC8719E3,LUCAS,47,"00:16:48","1000194386","01:48:21"
"1000194386",2026-02-24,7,DBC8719D2,JOSÉ,169,"00:06:26","1000194386","01:48:21"
"1000194386",2026-02-24,7,DBC8719E1,PEDRO,100,"00:32:02","1000194386","01:48:21"
"1000194386",2026-02-24,7,DBC8719E2,PEDRO,63,"00:10:45","1000194386","01:48:21"
"1000194386",2026-02-24,7,DBC8719D3,JOSÉ,58,"00:14:44","1000194386","01:48:21"
"1000194384",2026-02-24,9,GDB5855D4,JOSÉ,25,"00:11:15","1000194384","02:26:19"
"1000194384",2026-02-24,9,GDB5855D2,JOSÉ,82,"00:20:35","1000194384","02:26:19"
"1000194384",2026-02-24,9,GDB5855E5,PEDRO,44,"00:18:02","1000194384","02:26:19"
"1000194384",2026-02-24,9,GDB5855D3,LUCAS,36,"00:10:59","1000194384","02:26:19"
"1000194384",2026-02-24,9,GDB5855E3,LUCAS,62,"00:21:50","1000194384","02:26:19"
"1000194384",2026-02-24,9,GDB5855E2,JOSÉ,182,"00:09:14","1000194384","02:26:19"
"1000194384",2026-02-24,9,GDB5855D5,PEDRO,143,"00:31:47","1000194384","02:26:19"
"1000194384",2026-02-24,9,GDB5855E4,LUCAS,100,"00:15:40","1000194384","02:26:19"
"1000194384",2026-02-24,9,GDB5855E1,LUCAS,99,"00:06:57","1000194384","02:26:19"
"1000194383",2026-02-24,9,EYU3703E2,JOSÉ,78,"00:11:07","1000194383","01:33:37"
"1000194383",2026-02-24,9,EYU3703E4,PEDRO,67,"00:09:38","1000194383","01:33:37"
"1000194383",2026-02-24,9,EYU3703E5,LUCAS,57,"00:05:02","1000194383","01:33:37"
"1000194383",2026-02-24,9,EYU3703D3,PEDRO,55,"00:05:27","1000194383","01:33:37"
"1000194383",2026-02-24,9,EYU3703D4,LUCAS,54,"00:13:22","1000194383","01:33:37"
"1000194383",2026-02-24,9,EYU3703D2,PEDRO,178,"00:04:33","1000194383","01:33:37"
"1000194383",2026-02-24,9,EYU3703E1,LUCAS,80,"00:11:03","1000194383","01:33:37"
"1000194383",2026-02-24,9,EYU3703E3,JOSÉ,64,"00:18:26","1000194383","01:33:37"
"1000194383",2026-02-24,9,EYU3703D5,LUCAS,20,"00:14:59","1000194383","01:33:37"
"1000194382",2026-02-24,10,EYU3702E3,LUCAS,54,"00:11:22","1000194382","01:39:24"
"1000194382",2026-02-24,10,EYU3702E1,JOSÉ,94,"00:06:29","1000194382","01:39:24"
"1000194382",2026-02-24,10,EYU3702E5,LUCAS,72,"00:09:52","1000194382","01:39:24"
"1000194382",2026-02-24,10,EYU3702D3,PEDRO,74,"00:19:14","1000194382","01:39:24"
"1000194382",2026-02-24,10,EYU3702D2,JOSÉ,110,"00:07:53","1000194382","01:39:24"
"1000194382",2026-02-24,10,EYU3702E2,PEDRO,117,"00:08:15","1000194382","01:39:24"
"1000194382",2026-02-24,10,EYU3702E4,PEDRO,79,"00:09:08","1000194382","01:39:24"
"1000194382",2026-02-24,10,EYU3702D1,JOSÉ,55,"00:12:06","1000194382","01:39:24"
"1000194382",2026-02-24,10,EYU3702D5,LUCAS,31,"00:07:20","1000194382","01:39:24"
"1000194382",2026-02-24,10,EYU3702D4,JOSÉ,30,"00:07:45","1000194382","01:39:24"
"1000191025",2026-02-02,1,JUH1150D7,JOSÉ,211,"00:28:38","1000191025","00:28:38"
"1000190931",2026-02-02,6,EYU3370E4,LUCAS,194,"00:21:27","1000190931","01:26:04"
"1000190931",2026-02-02,6,EYU3370D5,JOSÉ,160,"00:18:15","1000190931","01:26:04"
"1000190931",2026-02-02,6,EYU3370E2,EMANUEL,149,"00:11:40","1000190931","01:26:04"
"1000190931",2026-02-02,6,EYU3370D3,LEONARDO,49,"00:18:39","1000190931","01:26:04"
"1000190931",2026-02-02,6,EYU3370E3,LUCAS,21,"00:08:18","1000190931","01:26:04"
"1000190931",2026-02-02,6,EYU3370D4,JOSÉ,7,"00:07:45","1000190931","01:26:04"
"1000191026",2026-02-02,3,KBP7A79D7,EMANUEL,100,"00:09:53","1000191026","00:30:57"
"1000191026",2026-02-02,3,KBP7A79E6,LEONARDO,100,"00:14:33","1000191026","00:30:57"
"1000191026",2026-02-02,3,KBP7A79E7,EMANUEL,9,"00:06:31","1000191026","00:30:57"
"1000191034",2026-02-02,6,FUX8622D5,JOSÉ,184,"00:22:33","1000191034","02:08:22"
"1000191034",2026-02-02,6,FUX8622E3,LUCAS,88,"00:26:05","1000191034","02:08:22"
"1000191034",2026-02-02,6,FUX8622E4,LEONARDO,243,"00:20:01","1000191034","02:08:22"
"1000191034",2026-02-02,6,FUX8622D3,JOSÉ,37,"00:19:52","1000191034","02:08:22"
"1000191034",2026-02-02,6,FUX8622D2,LEONARDO,183,"00:14:03","1000191034","02:08:22"
"1000191034",2026-02-02,6,FUX8622E2,EMANUEL,96,"00:25:48","1000191034","02:08:22"
"1000222318",2026-08-31,9,EYU3703E1,EMANUEL,79,"00:00:48","1000222318","01:30:42"
"1000222318",2026-08-31,9,EYU3703E2,LEONARDO,91,"00:16:26","1000222318","01:30:42"
"1000222318",2026-08-31,9,EYU3703D3,PEDRO,68,"00:28:48","1000222318","01:30:42"
"1000222318",2026-08-31,9,EYU3703E4,EMANUEL,58,"00:08:57","1000222318","01:30:42"
"1000222318",2026-08-31,9,EYU3703E5,EMANUEL,36,"00:00:37","1000222318","01:30:42"
"1000222318",2026-08-31,9,EYU3703D4,LUCAS,52,"00:15:35","1000222318","01:30:42"
"1000222318",2026-08-31,9,EYU3703D2,EMANUEL,70,"00:07:57","1000222318","01:30:42"
"1000222318",2026-08-31,9,EYU3703D5,JOSÉ,37,"00:00:51","1000222318","01:30:42"
"1000222318",2026-08-31,9,EYU3703E3,LEONARDO,41,"00:10:43","1000222318","01:30:42"
"1000222317",2026-08-31,8,EYU3702E5,LEONARDO,79,"00:17:53","1000222317","01:53:26"
"1000222317",2026-08-31,8,EYU3702E2,JOSÉ,82,"00:14:39","1000222317","01:53:26"
"1000222317",2026-08-31,8,EYU3702D4,EMANUEL,110,"00:15:26","1000222317","01:53:26"
"1000222317",2026-08-31,8,EYU3702E3,LEONARDO,135,"00:18:21","1000222317","01:53:26"
"1000222317",2026-08-31,8,EYU3702D3,PEDRO,49,"00:01:59","1000222317","01:53:26"
"1000222317",2026-08-31,8,EYU3702D2,JOSÉ,62,"00:14:24","1000222317","01:53:26"
"1000222317",2026-08-31,8,EYU3702D5,EMANUEL,68,"00:16:29","1000222317","01:53:26"
"1000222317",2026-08-31,8,EYU3702E4,LUCAS,75,"00:14:15","1000222317","01:53:26"
"1000222326",2026-08-31,9,FCX9994D4,EMANUEL,57,"00:09:23","1000222326","01:47:57"
"1000222326",2026-08-31,9,FCX9994D5,PEDRO,116,"00:11:47","1000222326","01:47:57"
"1000222326",2026-08-31,9,FCX9994D2,LUCAS,80,"00:02:33","1000222326","01:47:57"
"1000222326",2026-08-31,9,FCX9994E2,LEONARDO,58,"00:01:00","1000222326","01:47:57"
"1000222326",2026-08-31,9,FCX9994E3,JOSÉ,121,"00:27:29","1000222326","01:47:57"
"1000222326",2026-08-31,9,FCX9994E5,LEONARDO,52,"00:28:01","1000222326","01:47:57"
"1000222326",2026-08-31,9,FCX9994D3,LUCAS,53,"00:17:38","1000222326","01:47:57"
"1000222326",2026-08-31,9,FCX9994E4,EMANUEL,32,"00:07:24","1000222326","01:47:57"
"1000222326",2026-08-31,9,FCX9994COMODATO,PEDRO,24,"00:02:42","1000222326","01:47:57"
"1000222316",2026-08-31,10,EYU3372E2,JOSÉ,58,"00:00:54","1000222316","02:12:42"
"1000222316",2026-08-31,10,EYU3372E4,LEONARDO,76,"00:12:03","1000222316","02:12:42"
"1000222316",2026-08-31,10,EYU3372D5,EMANUEL,7,"00:01:01","1000222316","02:12:42"
"1000222316",2026-08-31,10,EYU3372E3,EMANUEL,62,"00:10:35","1000222316","02:12:42"
"1000222316",2026-08-31,10,EYU3372COMODATO,EMANUEL,139,"00:08:45","1000222316","02:12:42"
"1000222316",2026-08-31,10,EYU3372D3,LEONARDO,107,"00:26:31","1000222316","02:12:42"
"1000222316",2026-08-31,10,EYU3372E1,LEONARDO,169,"00:08:04","1000222316","02:12:42"
"1000222316",2026-08-31,10,EYU3372D4,JOSÉ,50,"00:15:34","1000222316","02:12:42"
"1000222316",2026-08-31,10,EYU3372D2,LUCAS,56,"00:14:27","1000222316","02:12:42"
"1000222316",2026-08-31,10,EYU3372E5,PEDRO,177,"00:34:48","1000222316","02:12:42"
"1000222325",2026-08-31,8,DBC8725D2,EMANUEL,81,"00:12:42","1000222325","01:26:03"
"1000222325",2026-08-31,8,DBC8725D3,LEONARDO,57,"00:13:43","1000222325","01:26:03"
"1000222325",2026-08-31,8,DBC8725E1,EMANUEL,40,"00:08:34","1000222325","01:26:03"
"1000222325",2026-08-31,8,DBC8725E3,JOSÉ,67,"00:12:54","1000222325","01:26:03"
"1000222325",2026-08-31,8,DBC8725E4,LUCAS,25,"00:02:10","1000222325","01:26:03"
"1000222325",2026-08-31,8,DBC8725D1,LEONARDO,52,"00:01:01","1000222325","01:26:03"
"1000222325",2026-08-31,8,DBC8725E2,PEDRO,110,"00:17:55","1000222325","01:26:03"
"1000222325",2026-08-31,8,DBC8725D4,LUCAS,71,"00:17:04","1000222325","01:26:03"
"1000222319",2026-08-31,7,EYU3705E3,LEONARDO,38,"00:02:09","1000222319","01:21:50"
"1000222319",2026-08-31,7,EYU3705E2,LUCAS,132,"00:13:21","1000222319","01:21:50"
"1000222319",2026-08-31,7,EYU3705D5,LUCAS,63,"00:20:24","1000222319","01:21:50"
"1000222319",2026-08-31,7,EYU3705COMODATO,PEDRO,1,"00:00:07","1000222319","01:21:50"
"1000222319",2026-08-31,7,EYU3705E5,JOSÉ,54,"00:18:20","1000222319","01:21:50"
"1000222319",2026-08-31,7,EYU3705D3,PEDRO,71,"00:15:21","1000222319","01:21:50"
"1000222319",2026-08-31,7,EYU3705E4,EMANUEL,61,"00:12:08","1000222319","01:21:50"
"1000222324",2026-08-31,7,DBC8717E1,EMANUEL,57,"00:00:40","1000222324","01:31:19"
"1000222324",2026-08-31,7,DBC8717D5,EMANUEL,20,"00:01:21","1000222324","01:31:19"
"1000222324",2026-08-31,7,DBC8717D2,EMANUEL,46,"00:10:21","1000222324","01:31:19"
"1000222324",2026-08-31,7,DBC8717D4,LEONARDO,62,"00:28:28","1000222324","01:31:19"
"1000222324",2026-08-31,7,DBC8717E2,JOSÉ,78,"00:15:21","1000222324","01:31:19"
"1000222324",2026-08-31,7,DBC8717E3,PEDRO,81,"00:18:47","1000222324","01:31:19"
"1000222324",2026-08-31,7,DBC8717D3,LUCAS,109,"00:16:21","1000222324","01:31:19"
"1000222315",2026-08-31,8,EYU3371E1,PEDRO,86,"00:04:10","1000222315","01:56:17"
"1000222315",2026-08-31,8,EYU3371E4,JOSÉ,95,"00:21:20","1000222315","01:56:17"
"1000222315",2026-08-31,8,EYU3371D2,EMANUEL,175,"00:18:33","1000222315","01:56:17"
"1000222315",2026-08-31,8,EYU3371E3,LUCAS,225,"00:19:27","1000222315","01:56:17"
"1000222315",2026-08-31,8,EYU3371D4,EMANUEL,41,"00:06:58","1000222315","01:56:17"
"1000222315",2026-08-31,8,EYU3371E2,LEONARDO,47,"00:09:44","1000222315","01:56:17"
"1000222315",2026-08-31,8,EYU3371D3,LUCAS,51,"00:20:36","1000222315","01:56:17"
"1000222315",2026-08-31,8,EYU3371D5,PEDRO,80,"00:15:29","1000222315","01:56:17"
"1000222323",2026-08-31,7,FQU8482E2,LUCAS,96,"00:12:20","1000222323","01:03:48"
"1000222323",2026-08-31,7,FQU8482D3,EMANUEL,31,"00:07:21","1000222323","01:03:48"
"1000222323",2026-08-31,7,FQU8482COMODATO,PEDRO,30,"00:05:39","1000222323","01:03:48"
"1000222323",2026-08-31,7,FQU8482D1,EMANUEL,48,"00:00:42","1000222323","01:03:48"
"1000222323",2026-08-31,7,FQU8482E1,LUCAS,29,"00:07:18","1000222323","01:03:48"
"1000222323",2026-08-31,7,FQU8482D2,EMANUEL,64,"00:05:00","1000222323","01:03:48"
"1000222323",2026-08-31,7,FQU8482E3,JOSÉ,53,"00:25:28","1000222323","01:03:48"
"1000222314",2026-08-31,8,EYU3370E5,LEONARDO,53,"00:00:36","1000222314","02:11:32"
"1000222314",2026-08-31,8,EYU3370E2,PEDRO,173,"00:30:41","1000222314","02:11:32"
"1000222314",2026-08-31,8,EYU3370D3,JOSÉ,88,"00:49:11","1000222314","02:11:32"
"1000222314",2026-08-31,8,EYU3370COMODATO,EMANUEL,56,"00:08:05","1000222314","02:11:32"
"1000222314",2026-08-31,8,EYU3370D2,LEONARDO,80,"00:01:58","1000222314","02:11:32"
"1000222314",2026-08-31,8,EYU3370E4,EMANUEL,52,"00:14:42","1000222314","02:11:32"
"1000222314",2026-08-31,8,EYU3370D5,LUCAS,68,"00:17:22","1000222314","02:11:32"
"1000222314",2026-08-31,8,EYU3370D4,LEONARDO,50,"00:08:57","1000222314","02:11:32"
"1000222321",2026-08-31,9,GDB5855D3,LUCAS,45,"00:01:45","1000222321","01:18:39"
"1000222321",2026-08-31,9,GDB5855COMODATO,JOSÉ,78,"00:16:59","1000222321","01:18:39"
"1000222321",2026-08-31,9,GDB5855E3,LEONARDO,70,"00:13:25","1000222321","01:18:39"
"1000222321",2026-08-31,9,GDB5855D2,LUCAS,135,"00:04:00","1000222321","01:18:39"
"1000222321",2026-08-31,9,GDB5855E4,LUCAS,43,"00:01:58","1000222321","01:18:39"
"1000222321",2026-08-31,9,GDB5855E2,EMANUEL,64,"00:08:06","1000222321","01:18:39"
"1000222321",2026-08-31,9,GDB5855E5,PEDRO,64,"00:09:48","1000222321","01:18:39"
"1000222321",2026-08-31,9,GDB5855D5,EMANUEL,98,"00:13:16","1000222321","01:18:39"
"1000222321",2026-08-31,9,GDB5855D4,LUCAS,41,"00:09:22","1000222321","01:18:39"
"1000222320",2026-08-31,8,EYU3376D4,JOSÉ,68,"00:11:27","1000222320","02:02:11"
"1000222320",2026-08-31,8,EYU3376D2,LEONARDO,172,"00:19:58","1000222320","02:02:11"
"1000222320",2026-08-31,8,EYU3376E5,PEDRO,194,"00:31:16","1000222320","02:02:11"
"1000222320",2026-08-31,8,EYU3376D3,LUCAS,122,"00:31:34","1000222320","02:02:11"
"1000222320",2026-08-31,8,EYU3376E2,EMANUEL,60,"00:05:06","1000222320","02:02:11"
"1000222320",2026-08-31,8,EYU3376E3,JOSÉ,40,"00:18:42","1000222320","02:02:11"
"1000222320",2026-08-31,8,EYU3376E1,EMANUEL,57,"00:02:29","1000222320","02:02:11"
"1000222320",2026-08-31,8,EYU3376D5,EMANUEL,28,"00:01:39","1000222320","02:02:11"
"1000222322",2026-08-31,6,TMG6G62E3,LUCAS,37,"00:11:12","1000222322","00:59:08"
"1000222322",2026-08-31,6,TMG6G62D3,EMANUEL,47,"00:09:54","1000222322","00:59:08"
"1000222322",2026-08-31,6,TMG6G62D2,PEDRO,48,"00:14:32","1000222322","00:59:08"
"1000222322",2026-08-31,6,TMG6G62D1,LEONARDO,42,"00:12:02","1000222322","00:59:08"
"1000222322",2026-08-31,6,TMG6G62E2,EMANUEL,59,"00:09:59","1000222322","00:59:08"
"1000222322",2026-08-31,6,TMG6G62E1,PEDRO,19,"00:01:29","1000222322","00:59:08"
"1000222313",2026-08-31,7,EYU3363D2,LUCAS,71,"00:13:57","1000222313","01:48:27"
"1000222313",2026-08-31,7,EYU3363D3,PEDRO,48,"00:01:28","1000222313","01:48:27"
"1000222313",2026-08-31,7,EYU3363E3,LEONARDO,79,"00:13:45","1000222313","01:48:27"
"1000222313",2026-08-31,7,EYU3363D5,EMANUEL,73,"00:27:38","1000222313","01:48:27"
"1000222313",2026-08-31,7,EYU3363E2,LEONARDO,180,"00:22:06","1000222313","01:48:27"
"1000222313",2026-08-31,7,EYU3363D4,PEDRO,80,"00:18:25","1000222313","01:48:27"
"1000222313",2026-08-31,7,EYU3363E4,LUCAS,106,"00:11:08","1000222313","01:48:27"
"1000222312",2026-08-31,9,EYU3361E4,JOSÉ,138,"00:29:54","1000222312","03:00:54"
"1000222312",2026-08-31,9,EYU3361E3,PEDRO,163,"00:32:50","1000222312","03:00:54"
"1000222312",2026-08-31,9,EYU3361D4,LEONARDO,46,"00:10:26","1000222312","03:00:54"
"1000222312",2026-08-31,9,EYU3361D3,EMANUEL,99,"00:20:33","1000222312","03:00:54"
"1000222312",2026-08-31,9,EYU3361D1,LEONARDO,124,"00:10:20","1000222312","03:00:54"
"1000222312",2026-08-31,9,EYU3361D2,LUCAS,568,"01:07:17","1000222312","03:00:54"
"1000222312",2026-08-31,9,EYU3361E1,LEONARDO,85,"00:06:51","1000222312","03:00:54"
"1000222312",2026-08-31,9,EYU3361E2,EMANUEL,36,"00:02:39","1000222312","03:00:54"
"1000222312",2026-08-31,9,EYU3361COMODATO,PEDRO,1,"00:00:04","1000222312","03:00:54"
"1000220704",2026-08-21,8,EYU3376E1,PEDRO,81,"00:03:48","1000220704","01:11:07"
"1000220704",2026-08-21,8,EYU3376D2,EMANUEL,92,"00:08:56","1000220704","01:11:07"
"1000220704",2026-08-21,8,EYU3376D4,LUCAS,110,"00:11:47","1000220704","01:11:07"
"1000220704",2026-08-21,8,EYU3376E4,LUCAS,11,"00:04:59","1000220704","01:11:07"
"1000220704",2026-08-21,8,EYU3376E5,JOSÉ,42,"00:11:55","1000220704","01:11:07"
"1000220704",2026-08-21,8,EYU3376E3,PEDRO,57,"00:09:14","1000220704","01:11:07"
"1000220704",2026-08-21,8,EYU3376E2,LEONARDO,78,"00:16:47","1000220704","01:11:07"
"1000220704",2026-08-21,8,EYU3376D3,EMANUEL,11,"00:03:41","1000220704","01:11:07"
"1000220703",2026-08-21,9,EYU3703D4,LEONARDO,88,"00:07:40","1000220703","01:20:37"
"1000220703",2026-08-21,9,EYU3703E1,PEDRO,96,"00:09:21","1000220703","01:20:37"
"1000220703",2026-08-21,9,EYU3703E2,LUCAS,132,"00:10:10","1000220703","01:20:37"
"1000220703",2026-08-21,9,EYU3703E4,LUCAS,22,"00:07:52","1000220703","01:20:37"
"1000220703",2026-08-21,9,EYU3703D5,EMANUEL,132,"00:17:43","1000220703","01:20:37"
"1000220703",2026-08-21,9,EYU3703D2,LEONARDO,24,"00:07:34","1000220703","01:20:37"
"1000220703",2026-08-21,9,EYU3703D3,PEDRO,45,"00:01:01","1000220703","01:20:37"
"1000220703",2026-08-21,9,EYU3703D1,LUCAS,48,"00:01:32","1000220703","01:20:37"
"1000220703",2026-08-21,9,EYU3703E3,JOSÉ,50,"00:17:44","1000220703","01:20:37"
"1000220707",2026-08-21,9,DBC8717E5,LEONARDO,129,"00:21:49","1000220707","01:21:20"
"1000220707",2026-08-21,9,DBC8717D4,EMANUEL,46,"00:09:32","1000220707","01:21:20"
"1000220707",2026-08-21,9,DBC8717E4,LUCAS,7,"00:03:55","1000220707","01:21:20"
"1000220707",2026-08-21,9,DBC8717D1,LUCAS,180,"00:05:44","1000220707","01:21:20"
"1000220707",2026-08-21,9,DBC8717D2,LUCAS,49,"00:05:36","1000220707","01:21:20"
"1000220707",2026-08-21,9,DBC8717D3,PEDRO,21,"00:07:57","1000220707","01:21:20"
"1000220707",2026-08-21,9,DBC8717D5,LUCAS,25,"00:03:56","1000220707","01:21:20"
"1000220707",2026-08-21,9,DBC8717E1,EMANUEL,193,"00:13:16","1000220707","01:21:20"
"1000220707",2026-08-21,9,DBC8717E3,PEDRO,56,"00:09:35","1000220707","01:21:20"
"1000220701",2026-08-21,10,EYU3372D1,LEONARDO,81,"00:03:46","1000220701","03:08:20"
"1000220701",2026-08-21,10,EYU3372D3,JOSÉ,51,"00:03:19","1000220701","03:08:20"
"1000220701",2026-08-21,10,EYU3372D4,JOSÉ,51,"00:16:59","1000220701","03:08:20"
"1000220701",2026-08-21,10,EYU3372E1,LEONARDO,62,"00:00:45","1000220701","03:08:20"
"1000220701",2026-08-21,10,EYU3372E4,PEDRO,45,"00:19:03","1000220701","03:08:20"
"1000220701",2026-08-21,10,EYU3372E3,EMANUEL,84,"01:21:28","1000220701","03:08:20"
"1000220701",2026-08-21,10,EYU3372D5,LUCAS,108,"00:11:48","1000220701","03:08:20"
"1000220701",2026-08-21,10,EYU3372D2,JOSÉ,151,"00:21:08","1000220701","03:08:20"
"1000220701",2026-08-21,10,EYU3372E2,JOSÉ,54,"00:20:24","1000220701","03:08:20"
"1000220701",2026-08-21,10,EYU3372E5,LEONARDO,54,"00:09:40","1000220701","03:08:20"
"1000220700",2026-08-21,10,EYU3370E1,LUCAS,180,"00:15:59","1000220700","01:54:21"
"1000220700",2026-08-21,10,EYU3370E3,EMANUEL,59,"00:05:54","1000220700","01:54:21"
"1000220700",2026-08-21,10,EYU3370COMODATO,EMANUEL,10,"00:00:11","1000220700","01:54:21"
"1000220700",2026-08-21,10,EYU3370E2,PEDRO,75,"00:16:58","1000220700","01:54:21"
"1000220700",2026-08-21,10,EYU3370D2,LEONARDO,49,"00:03:41","1000220700","01:54:21"
"1000220700",2026-08-21,10,EYU3370E4,EMANUEL,52,"00:08:25","1000220700","01:54:21"
"1000220700",2026-08-21,10,EYU3370D3,LUCAS,94,"00:25:54","1000220700","01:54:21"
"1000220700",2026-08-21,10,EYU3370D4,LEONARDO,85,"00:14:45","1000220700","01:54:21"
"1000220700",2026-08-21,10,EYU3370D1,LUCAS,100,"00:09:28","1000220700","01:54:21"
"1000220700",2026-08-21,10,EYU3370E5,EMANUEL,150,"00:13:06","1000220700","01:54:21"
"1000220699",2026-08-21,7,EYU3361D5,LEONARDO,88,"00:11:14","1000220699","01:03:46"
"1000220699",2026-08-21,7,EYU3361E4,PEDRO,97,"00:22:34","1000220699","01:03:46"
"1000220699",2026-08-21,7,EYU3361D3,EMANUEL,75,"00:08:30","1000220699","01:03:46"
"1000220699",2026-08-21,7,EYU3361E1,EMANUEL,100,"00:05:46","1000220699","01:03:46"
"1000220699",2026-08-21,7,EYU3361D4,EMANUEL,30,"00:06:46","1000220699","01:03:46"
"1000220699",2026-08-21,7,EYU3361E2,LEONARDO,36,"00:06:42","1000220699","01:03:46"
"1000220699",2026-08-21,7,EYU3361D2,LUCAS,60,"00:02:14","1000220699","01:03:46"
"1000220698",2026-08-21,8,EYU3356D5,LUCAS,110,"00:14:38","1000220698","01:56:25"
"1000220698",2026-08-21,8,EYU3356E3,LEONARDO,34,"00:01:39","1000220698","01:56:25"
"1000220698",2026-08-21,8,EYU3356E5,LUCAS,69,"00:24:03","1000220698","01:56:25"
"1000220698",2026-08-21,8,EYU3356D2,LUCAS,60,"00:01:01","1000220698","01:56:25"
"1000220698",2026-08-21,8,EYU3356E4,EMANUEL,80,"00:10:28","1000220698","01:56:25"
"1000220698",2026-08-21,8,EYU3356E1,PEDRO,88,"00:25:01","1000220698","01:56:25"
"1000220698",2026-08-21,8,EYU3356D3,JOSÉ,88,"00:27:04","1000220698","01:56:25"
"1000220698",2026-08-21,8,EYU3356D4,LEONARDO,92,"00:12:31","1000220698","01:56:25"
"1000220705",2026-08-21,5,TMG6G62D2,PEDRO,17,"00:06:58","1000220705","00:40:36"
"1000220705",2026-08-21,5,TMG6G62D3,LUCAS,22,"00:04:54","1000220705","00:40:36"
"1000220705",2026-08-21,5,TMG6G62E2,LEONARDO,42,"00:12:04","1000220705","00:40:36"
"1000220705",2026-08-21,5,TMG6G62D1,LUCAS,76,"00:03:03","1000220705","00:40:36"
"1000220705",2026-08-21,5,TMG6G62E1,EMANUEL,123,"00:13:37","1000220705","00:40:36"
"1000220702",2026-08-21,5,EYU3702D2,JOSÉ,14,"00:00:41","1000220702","01:01:52"
"1000220702",2026-08-21,5,EYU3702D3,LUCAS,36,"00:08:02","1000220702","01:01:52"
"1000220702",2026-08-21,5,EYU3702E3,LEONARDO,78,"00:13:05","1000220702","01:01:52"
"1000220702",2026-08-21,5,EYU3702E1,EMANUEL,98,"00:13:32","1000220702","01:01:52"
"1000220702",2026-08-21,5,EYU3702D1,PEDRO,141,"00:26:32","1000220702","01:01:52"
"1000220708",2026-08-21,7,DBC8725E2,LUCAS,30,"00:02:36","1000220708","01:14:50"
"1000220708",2026-08-21,7,DBC8725E1,LUCAS,135,"00:07:05","1000220708","01:14:50"
"1000220708",2026-08-21,7,DBC8725D5,PEDRO,176,"00:24:35","1000220708","01:14:50"
"1000220708",2026-08-21,7,DBC8725D3,LEONARDO,22,"00:08:03","1000220708","01:14:50"
"1000220708",2026-08-21,7,DBC8725E3,LUCAS,27,"00:09:39","1000220708","01:14:50"
"1000220708",2026-08-21,7,DBC8725D2,EMANUEL,104,"00:10:30","1000220708","01:14:50"
"1000220708",2026-08-21,7,DBC8725E4,LEONARDO,72,"00:12:22","1000220708","01:14:50"
"1000220706",2026-08-21,8,FQU8482E2,EMANUEL,48,"00:05:46","1000220706","01:09:13"
"1000220706",2026-08-21,8,FQU8482D1,EMANUEL,54,"00:00:41","1000220706","01:09:13"
"1000220706",2026-08-21,8,FQU8482E1,LEONARDO,80,"00:19:01","1000220706","01:09:13"
"1000220706",2026-08-21,8,FQU8482E4,LUCAS,102,"00:14:38","1000220706","01:09:13"
"1000220706",2026-08-21,8,FQU8482D3,EMANUEL,44,"00:12:22","1000220706","01:09:13"
"1000220706",2026-08-21,8,FQU8482D4,LUCAS,17,"00:04:01","1000220706","01:09:13"
"1000220706",2026-08-21,8,FQU8482D2,PEDRO,43,"00:12:38","1000220706","01:09:13"
"1000220706",2026-08-21,8,FQU8482COMODATO,PEDRO,10,"00:00:06","1000220706","01:09:13"
"1000219062",2026-08-11,7,EYU3705E4,JOSÉ,19,"00:14:19","1000219062","02:15:57"
"1000219062",2026-08-11,7,EYU3705D2,JOSÉ,178,"01:05:48","1000219062","02:15:57"
"1000219062",2026-08-11,7,EYU3705E3,JOSÉ,22,"00:04:04","1000219062","02:15:57"
"1000219062",2026-08-11,7,EYU3705D3,JOSÉ,11,"00:04:30","1000219062","02:15:57"
"1000219062",2026-08-11,7,EYU3705D4,JOSÉ,31,"00:09:48","1000219062","02:15:57"
"1000219062",2026-08-11,7,EYU3705E2,JOSÉ,32,"00:14:26","1000219062","02:15:57"
"1000219062",2026-08-11,7,EYU3705E1,JOSÉ,67,"00:23:02","1000219062","02:15:57"
"1000219063",2026-08-11,8,EYU3376E1,JOSÉ,100,"00:05:33","1000219063","01:50:41"
"1000219063",2026-08-11,8,EYU3376E2,JOSÉ,196,"00:27:14","1000219063","01:50:41"
"1000219063",2026-08-11,8,EYU3376D3,JOSÉ,83,"00:23:30","1000219063","01:50:41"
"1000219063",2026-08-11,8,EYU3376E4,JOSÉ,37,"00:11:15","1000219063","01:50:41"
"1000219063",2026-08-11,8,EYU3376D2,JOSÉ,78,"00:11:14","1000219063","01:50:41"
"1000219063",2026-08-11,8,EYU3376E3,JOSÉ,72,"00:15:42","1000219063","01:50:41"
"1000219063",2026-08-11,8,EYU3376D4,JOSÉ,31,"00:03:41","1000219063","01:50:41"
"1000219063",2026-08-11,8,EYU3376D5,JOSÉ,31,"00:12:32","1000219063","01:50:41"
"1000219060",2026-08-11,10,EYU3702E1,JOSÉ,206,"00:58:47","1000219060","02:52:38"
"1000219060",2026-08-11,10,EYU3702E4,JOSÉ,162,"00:08:51","1000219060","02:52:38"
"1000219060",2026-08-11,10,EYU3702D2,JOSÉ,99,"00:12:17","1000219060","02:52:38"
"1000219060",2026-08-11,10,EYU3702E5,JOSÉ,78,"00:15:11","1000219060","02:52:38"
"1000219060",2026-08-11,10,EYU3702E3,PEDRO,99,"00:31:05","1000219060","02:52:38"
"1000219060",2026-08-11,10,EYU3702D5,JOSÉ,52,"00:09:12","1000219060","02:52:38"
"1000219060",2026-08-11,10,EYU3702E2,JOSÉ,99,"00:14:25","1000219060","02:52:38"
"1000219060",2026-08-11,10,EYU3702D3,JOSÉ,42,"00:12:19","1000219060","02:52:38"
"1000219060",2026-08-11,10,EYU3702D4,PEDRO,40,"00:10:21","1000219060","02:52:38"
"1000219060",2026-08-11,10,EYU3702COMODATO,JOSÉ,96,"00:00:10","1000219060","02:52:38"
"1000219258",2026-08-12,3,OUR1001D2,JOSÉ,16,"00:06:53","1000219258","00:36:55"
"1000219258",2026-08-12,3,OUR1001D1,JOSÉ,135,"00:25:11","1000219258","00:36:55"
"1000219258",2026-08-12,3,OUR1001E1,JOSÉ,6,"00:04:51","1000219258","00:36:55"
"1000219269",2026-08-12,8,DBC8725E1,JOSÉ,80,"00:23:09","1000219269","02:19:17"
"1000219269",2026-08-12,8,DBC8725D4,JOSÉ,93,"00:30:58","1000219269","02:19:17"
"1000219269",2026-08-12,8,DBC8725D1,PEDRO,254,"00:12:53","1000219269","02:19:17"
"1000219269",2026-08-12,8,DBC8725E4,PEDRO,178,"00:13:46","1000219269","02:19:17"
"1000219269",2026-08-12,8,DBC8725D2,JOSÉ,38,"00:22:51","1000219269","02:19:17"
"1000219269",2026-08-12,8,DBC8725E2,JOSÉ,19,"00:07:08","1000219269","02:19:17"
"1000219269",2026-08-12,8,DBC8725E3,JOSÉ,64,"00:14:41","1000219269","02:19:17"
"1000219269",2026-08-12,8,DBC8725D3,JOSÉ,61,"00:13:51","1000219269","02:19:17"
"1000219268",2026-08-12,4,DBC8717D1,JOSÉ,245,"01:13:19","1000219268","01:45:49"
"1000219268",2026-08-12,4,DBC8717D3,PEDRO,17,"00:04:01","1000219268","01:45:49"
"1000219268",2026-08-12,4,DBC8717E1,PEDRO,59,"00:14:26","1000219268","01:45:49"
"1000219268",2026-08-12,4,DBC8717E2,PEDRO,105,"00:14:03","1000219268","01:45:49"
"1000219261",2026-08-12,8,EYU3370E3,JOSÉ,83,"00:07:35","1000219261","01:49:43"
"1000219261",2026-08-12,8,EYU3370E1,JOSÉ,99,"00:13:42","1000219261","01:49:43"
"1000219261",2026-08-12,8,EYU3370D4,JOSÉ,1,"00:00:08","1000219261","01:49:43"
"1000219261",2026-08-12,8,EYU3370COMODATO,JOSÉ,1,"00:00:07","1000219261","01:49:43"
"1000219261",2026-08-12,8,EYU3370E4,JOSÉ,30,"00:03:42","1000219261","01:49:43"
"1000219261",2026-08-12,8,EYU3370D1,JOSÉ,54,"00:02:23","1000219261","01:49:43"
"1000219261",2026-08-12,8,EYU3370E2,JOSÉ,111,"00:13:36","1000219261","01:49:43"
"1000219261",2026-08-12,8,EYU3370D2,JOSÉ,175,"01:08:30","1000219261","01:49:43"
"1000219480",2026-08-13,8,FQU8482E1,PEDRO,45,"00:10:50","1000219480","01:51:45"
"1000219480",2026-08-13,8,FQU8482D4,PEDRO,149,"00:28:18","1000219480","01:51:45"
"1000219480",2026-08-13,8,FQU8482COMODATO,JOSÉ,21,"00:00:04","1000219480","01:51:45"
"1000219480",2026-08-13,8,FQU8482D1,JOSÉ,173,"00:11:55","1000219480","01:51:45"
"1000219480",2026-08-13,8,FQU8482E4,JOSÉ,50,"00:20:18","1000219480","01:51:45"
"1000219480",2026-08-13,8,FQU8482D3,PEDRO,110,"00:18:13","1000219480","01:51:45"
"1000219480",2026-08-13,8,FQU8482D2,JOSÉ,11,"00:05:55","1000219480","01:51:45"
"1000219480",2026-08-13,8,FQU8482E3,JOSÉ,71,"00:16:12","1000219480","01:51:45"
"1000219482",2026-08-13,8,DBC8725D2,PEDRO,46,"00:07:16","1000219482","01:34:59"
"1000219482",2026-08-13,8,DBC8725E3,PEDRO,31,"00:07:33","1000219482","01:34:59"
"1000219482",2026-08-13,8,DBC8725COMODATO,JOSÉ,14,"00:00:08","1000219482","01:34:59"
"1000219482",2026-08-13,8,DBC8725D4,JOSÉ,2,"00:00:04","1000219482","01:34:59"
"1000219482",2026-08-13,8,DBC8725D3,PEDRO,111,"00:20:15","1000219482","01:34:59"
"1000219482",2026-08-13,8,DBC8725E1,JOSÉ,219,"00:30:46","1000219482","01:34:59"
"1000219482",2026-08-13,8,DBC8725E2,JOSÉ,59,"00:17:10","1000219482","01:34:59"
"1000219482",2026-08-13,8,DBC8725E4,PEDRO,61,"00:11:47","1000219482","01:34:59"
"1000219481",2026-08-13,8,DBC8717E2,PEDRO,62,"00:08:08","1000219481","02:11:29"
"1000219481",2026-08-13,8,DBC8717E1,JOSÉ,72,"00:12:42","1000219481","02:11:29"
"1000219481",2026-08-13,8,DBC8717D2,PEDRO,90,"00:29:06","1000219481","02:11:29"
"1000219481",2026-08-13,8,DBC8717D1,PEDRO,100,"00:14:42","1000219481","02:11:29"
"1000219481",2026-08-13,8,DBC8717E4,JOSÉ,11,"00:07:29","1000219481","02:11:29"
"1000219481",2026-08-13,8,DBC8717D4,PEDRO,27,"00:10:38","1000219481","02:11:29"
"1000219481",2026-08-13,8,DBC8717D3,JOSÉ,91,"00:13:49","1000219481","02:11:29"
"1000219481",2026-08-13,8,DBC8717E3,JOSÉ,142,"00:34:55","1000219481","02:11:29"
"1000219473",2026-08-13,9,EYU3361E1,JOSÉ,71,"00:06:40","1000219473","02:11:20"
"1000219473",2026-08-13,9,EYU3361D5,JOSÉ,141,"00:34:08","1000219473","02:11:20"
"1000219473",2026-08-13,9,EYU3361D3,PEDRO,84,"00:15:52","1000219473","02:11:20"
"1000219473",2026-08-13,9,EYU3361D4,JOSÉ,31,"00:13:17","1000219473","02:11:20"
"1000219473",2026-08-13,9,EYU3361E4,JOSÉ,14,"00:02:38","1000219473","02:11:20"
"1000219473",2026-08-13,9,EYU3361E3,PEDRO,65,"00:22:04","1000219473","02:11:20"
"1000219473",2026-08-13,9,EYU3361E2,PEDRO,88,"00:25:03","1000219473","02:11:20"
"1000219473",2026-08-13,9,EYU3361D2,PEDRO,100,"00:11:31","1000219473","02:11:20"
"1000219473",2026-08-13,9,EYU3361COMODATO,JOSÉ,1,"00:00:07","1000219473","02:11:20"
"1000221908",2026-08-31,4,CPJ1392E1,Fábio A.,6,"00:00:06","1000221908","00:00:37"
"1000221908",2026-08-31,4,CPJ1392D1,Fábio A.,10,"00:00:10","1000221908","00:00:37"
"1000221908",2026-08-31,4,CPJ1392D2,Fábio A.,1,"00:00:03","1000221908","00:00:37"
"1000221908",2026-08-31,4,CPJ1392E2,Fábio A.,1,"00:00:18","1000221908","00:00:37"
"1000222114",2026-08-31,9,REG0005E5,Fábio A.,167,"00:17:26","1000222114","01:54:41"
"1000222114",2026-08-31,9,REG0005D5,Fábio A.,104,"00:15:55","1000222114","01:54:41"
"1000222114",2026-08-31,9,REG0005E1,Fábio A.,199,"00:14:18","1000222114","01:54:41"
"1000222114",2026-08-31,9,REG0005E2,Fábio A.,93,"00:19:12","1000222114","01:54:41"
"1000222114",2026-08-31,9,REG0005D2,Fábio A.,62,"00:09:04","1000222114","01:54:41"
"1000222114",2026-08-31,9,REG0005E4,Fábio A.,54,"00:13:16","1000222114","01:54:41"
"1000222114",2026-08-31,9,REG0005E3,Fábio A.,63,"00:10:32","1000222114","01:54:41"
"1000222114",2026-08-31,9,REG0005D4,Fábio A.,14,"00:05:00","1000222114","01:54:41"
"1000222114",2026-08-31,9,REG0005D3,Fábio A.,44,"00:09:58","1000222114","01:54:41"
"1000220963",2026-08-24,9,DBC8717D2,LEONARDO,65,"00:01:14","1000220963","01:22:11"
"1000220963",2026-08-24,9,DBC8717E4,LUCAS,7,"00:04:35","1000220963","01:22:11"
"1000220963",2026-08-24,9,DBC8717COMODATO,LEONARDO,66,"00:00:42","1000220963","01:22:11"
"1000220963",2026-08-24,9,DBC8717E1,EMANUEL,211,"00:17:53","1000220963","01:22:11"
"1000220963",2026-08-24,9,DBC8717D4,EMANUEL,63,"00:09:29","1000220963","01:22:11"
"1000220963",2026-08-24,9,DBC8717E2,PEDRO,75,"00:17:49","1000220963","01:22:11"
"1000220963",2026-08-24,9,DBC8717D3,LEONARDO,23,"00:07:13","1000220963","01:22:11"
"1000220963",2026-08-24,9,DBC8717E3,LUCAS,104,"00:11:40","1000220963","01:22:11"
"1000220963",2026-08-24,9,DBC8717D5,LEONARDO,124,"00:11:36","1000220963","01:22:11"
"1000220962",2026-08-24,6,FQU8482E3,PEDRO,39,"00:11:57","1000220962","01:13:30"
"1000220962",2026-08-24,6,FQU8482E1,EMANUEL,69,"00:12:28","1000220962","01:13:30"
"1000220962",2026-08-24,6,FQU8482D1,PEDRO,41,"00:07:41","1000220962","01:13:30"
"1000220962",2026-08-24,6,FQU8482E2,LUCAS,80,"00:14:24","1000220962","01:13:30"
"1000220962",2026-08-24,6,FQU8482D2,LEONARDO,127,"00:12:19","1000220962","01:13:30"
"1000220962",2026-08-24,6,FQU8482D3,LEONARDO,54,"00:14:41","1000220962","01:13:30"
"1000220957",2026-08-24,7,EYU3702E4,EMANUEL,36,"00:03:36","1000220957","01:43:26"
"1000220957",2026-08-24,7,EYU3702D5,LEONARDO,80,"00:18:17","1000220957","01:43:26"
"1000220957",2026-08-24,7,EYU3702D3,PEDRO,52,"00:02:19","1000220957","01:43:26"
"1000220957",2026-08-24,7,EYU3702E3,LUCAS,184,"00:30:06","1000220957","01:43:26"
"1000220957",2026-08-24,7,EYU3702D2,EMANUEL,100,"00:16:44","1000220957","01:43:26"
"1000220957",2026-08-24,7,EYU3702E2,PEDRO,180,"00:23:37","1000220957","01:43:26"
"1000220957",2026-08-24,7,EYU3702D4,EMANUEL,55,"00:08:47","1000220957","01:43:26"
"1000220961",2026-08-24,6,TMG6G62E1,EMANUEL,56,"00:08:19","1000220961","00:56:49"
"1000220961",2026-08-24,6,TMG6G62E2,PEDRO,49,"00:10:10","1000220961","00:56:49"
"1000220961",2026-08-24,6,TMG6G62D2,JOSÉ,40,"00:14:06","1000220961","00:56:49"
"1000220961",2026-08-24,6,TMG6G62E3,LUCAS,56,"00:13:04","1000220961","00:56:49"
"1000220961",2026-08-24,6,TMG6G62D3,LUCAS,29,"00:08:37","1000220961","00:56:49"
"1000220961",2026-08-24,6,TMG6G62D1,LEONARDO,30,"00:02:33","1000220961","00:56:49"
"1000220964",2026-08-24,7,DBC8725D4,LUCAS,161,"00:19:47","1000220964","01:47:55"
"1000220964",2026-08-24,7,DBC8725D2,LEONARDO,44,"00:09:33","1000220964","01:47:55"
"1000220964",2026-08-24,7,DBC8725E2,PEDRO,74,"00:17:05","1000220964","01:47:55"
"1000220964",2026-08-24,7,DBC8725E1,LEONARDO,78,"00:15:45","1000220964","01:47:55"
"1000220964",2026-08-24,7,DBC8725D3,PEDRO,100,"00:13:34","1000220964","01:47:55"
"1000220964",2026-08-24,7,DBC8725E5,EMANUEL,147,"00:21:22","1000220964","01:47:55"
"1000220964",2026-08-24,7,DBC8725D5,LUCAS,51,"00:10:49","1000220964","01:47:55"
"1000220960",2026-08-24,11,EYU3376E1,LEONARDO,135,"00:17:48","1000220960","02:12:40"
"1000220960",2026-08-24,11,EYU3376D1,LUCAS,96,"00:04:13","1000220960","02:12:40"
"1000220960",2026-08-24,11,EYU3376D3,EMANUEL,177,"00:18:01","1000220960","02:12:40"
"1000220960",2026-08-24,11,EYU3376E4,PEDRO,109,"00:13:30","1000220960","02:12:40"
"1000220960",2026-08-24,11,EYU3376E2,LEONARDO,48,"00:11:35","1000220960","02:12:40"
"1000220960",2026-08-24,11,EYU3376D4,EMANUEL,23,"00:05:34","1000220960","02:12:40"
"1000220960",2026-08-24,11,EYU3376D5,LUCAS,122,"00:27:56","1000220960","02:12:40"
"1000220960",2026-08-24,11,EYU3376E5,PEDRO,47,"00:10:42","1000220960","02:12:40"
"1000220960",2026-08-24,11,EYU3376D2,EMANUEL,55,"00:01:42","1000220960","02:12:40"
"1000220960",2026-08-24,11,EYU3376E3,LEONARDO,58,"00:01:05","1000220960","02:12:40"
"1000220960",2026-08-24,11,EYU3376COMODATO,JOSÉ,75,"00:20:34","1000220960","02:12:40"
"1000220958",2026-08-24,8,EYU3703E1,JOSÉ,87,"00:13:48","1000220958","04:43:10"
"1000220958",2026-08-24,8,EYU3703E2,PEDRO,27,"00:01:52","1000220958","04:43:10"
"1000220958",2026-08-24,8,EYU3703E4,LEONARDO,70,"00:19:18","1000220958","04:43:10"
"1000220958",2026-08-24,8,EYU3703E3,JOSÉ,125,"00:27:43","1000220958","04:43:10"
"1000220958",2026-08-24,8,EYU3703D2,EMANUEL,171,"03:09:21","1000220958","04:43:10"
"1000220958",2026-08-24,8,EYU3703D4,PEDRO,38,"00:04:59","1000220958","04:43:10"
"1000220958",2026-08-24,8,EYU3703D5,LUCAS,25,"00:06:51","1000220958","04:43:10"
"1000220958",2026-08-24,8,EYU3703D3,JOSÉ,88,"00:19:18","1000220958","04:43:10"
"1000220959",2026-08-24,7,EYU3705D5,LUCAS,92,"03:25:17","1000220959","04:30:20"
"1000220959",2026-08-24,7,EYU3705D2,EMANUEL,212,"00:11:02","1000220959","04:30:20"
"1000220959",2026-08-24,7,EYU3705D3,JOSÉ,83,"00:18:22","1000220959","04:30:20"
"1000220959",2026-08-24,7,EYU3705COMODATO,LUCAS,2,"00:00:37","1000220959","04:30:20"
"1000220959",2026-08-24,7,EYU3705D4,LEONARDO,79,"00:18:18","1000220959","04:30:20"
"1000220959",2026-08-24,7,EYU3705E2,LUCAS,49,"00:05:55","1000220959","04:30:20"
"1000220959",2026-08-24,7,EYU3705E3,PEDRO,61,"00:10:49","1000220959","04:30:20"
"1000220956",2026-08-24,10,EYU3372D5,LEONARDO,171,"00:16:58","1000220956","02:09:07"
"1000220956",2026-08-24,10,EYU3372E4,PEDRO,215,"00:32:59","1000220956","02:09:07"
"1000220956",2026-08-24,10,EYU3372E5,LUCAS,166,"00:09:33","1000220956","02:09:07"
"1000220956",2026-08-24,10,EYU3372D1,EMANUEL,182,"00:08:21","1000220956","02:09:07"
"1000220956",2026-08-24,10,EYU3372E3,JOSÉ,59,"00:15:16","1000220956","02:09:07"
"1000220956",2026-08-24,10,EYU3372E1,JOSÉ,56,"00:00:53","1000220956","02:09:07"
"1000220956",2026-08-24,10,EYU3372D3,LUCAS,63,"00:11:23","1000220956","02:09:07"
"1000220956",2026-08-24,10,EYU3372D4,LUCAS,10,"00:02:04","1000220956","02:09:07"
"1000220956",2026-08-24,10,EYU3372E2,LEONARDO,37,"00:09:40","1000220956","02:09:07"
"1000220956",2026-08-24,10,EYU3372D2,EMANUEL,100,"00:22:00","1000220956","02:09:07"
"1000220952",2026-08-24,6,EYU3361E4,JOSÉ,157,"00:28:08","1000220952","01:27:20"
"1000220952",2026-08-24,6,EYU3361D2,LUCAS,196,"00:16:28","1000220952","01:27:20"
"1000220952",2026-08-24,6,EYU3361E3,LEONARDO,75,"00:13:38","1000220952","01:27:20"
"1000220952",2026-08-24,6,EYU3361E2,EMANUEL,98,"00:13:10","1000220952","01:27:20"
"1000220952",2026-08-24,6,EYU3361D4,LUCAS,15,"00:01:37","1000220952","01:27:20"
"1000220952",2026-08-24,6,EYU3361D3,PEDRO,47,"00:14:19","1000220952","01:27:20"
"1000220953",2026-08-24,7,EYU3363D5,PEDRO,143,"00:27:44","1000220953","01:32:54"
"1000220953",2026-08-24,7,EYU3363D2,LEONARDO,186,"00:09:41","1000220953","01:32:54"
"1000220953",2026-08-24,7,EYU3363D4,LEONARDO,68,"00:12:43","1000220953","01:32:54"
"1000220953",2026-08-24,7,EYU3363D3,LEONARDO,58,"00:00:38","1000220953","01:32:54"
"1000220953",2026-08-24,7,EYU3363E3,LUCAS,61,"00:08:02","1000220953","01:32:54"
"1000220953",2026-08-24,7,EYU3363E2,EMANUEL,81,"00:13:26","1000220953","01:32:54"
"1000220953",2026-08-24,7,EYU3363E5,JOSÉ,84,"00:20:40","1000220953","01:32:54"
"1000220955",2026-08-24,8,EYU3371D2,PEDRO,127,"00:18:37","1000220955","01:35:40"
"1000220955",2026-08-24,8,EYU3371E5,JOSÉ,175,"00:28:15","1000220955","01:35:40"
"1000220955",2026-08-24,8,EYU3371D5,EMANUEL,37,"00:05:36","1000220955","01:35:40"
"1000220955",2026-08-24,8,EYU3371D3,LEONARDO,44,"00:10:33","1000220955","01:35:40"
"1000220955",2026-08-24,8,EYU3371D4,EMANUEL,12,"00:00:41","1000220955","01:35:40"
"1000220955",2026-08-24,8,EYU3371E4,PEDRO,15,"00:03:35","1000220955","01:35:40"
"1000220955",2026-08-24,8,EYU3371E3,EMANUEL,95,"00:14:10","1000220955","01:35:40"
"1000220955",2026-08-24,8,EYU3371E2,LEONARDO,100,"00:14:13","1000220955","01:35:40"
"1000220954",2026-08-24,7,EYU3370E4,LEONARDO,63,"00:20:36","1000220954","01:41:26"
"1000220954",2026-08-24,7,EYU3370D5,EMANUEL,42,"00:04:49","1000220954","01:41:26"
"1000220954",2026-08-24,7,EYU3370E3,JOSÉ,43,"00:13:14","1000220954","01:41:26"
"1000220954",2026-08-24,7,EYU3370D4,EMANUEL,29,"00:01:57","1000220954","01:41:26"
"1000220954",2026-08-24,7,EYU3370E5,PEDRO,77,"00:17:01","1000220954","01:41:26"
"1000220954",2026-08-24,7,EYU3370E2,EMANUEL,62,"00:10:30","1000220954","01:41:26"
"1000220954",2026-08-24,7,EYU3370D3,LUCAS,197,"00:33:19","1000220954","01:41:26"
"1000220951",2026-08-24,9,EYU3356E2,JOSÉ,63,"00:01:24","1000220951","01:38:32"
"1000220951",2026-08-24,9,EYU3356D5,PEDRO,64,"00:13:38","1000220951","01:38:32"
"1000220951",2026-08-24,9,EYU3356E3,LUCAS,67,"00:09:22","1000220951","01:38:32"
"1000220951",2026-08-24,9,EYU3356D2,LEONARDO,99,"00:11:32","1000220951","01:38:32"
"1000220951",2026-08-24,9,EYU3356E4,EMANUEL,110,"00:19:58","1000220951","01:38:32"
"1000220951",2026-08-24,9,EYU3356E1,LUCAS,153,"00:09:37","1000220951","01:38:32"
"1000220951",2026-08-24,9,EYU3356COMODATO,EMANUEL,1,"00:01:30","1000220951","01:38:32"
"1000220951",2026-08-24,9,EYU3356D4,JOSÉ,50,"00:14:21","1000220951","01:38:32"
"1000220951",2026-08-24,9,EYU3356D3,LUCAS,96,"00:17:10","1000220951","01:38:32"
"1000219682",2026-08-14,7,EYU3356E3,LEONARDO,50,"00:16:21","1000219682","02:09:47"
"1000219682",2026-08-14,7,EYU3356E4,JOSÉ,46,"00:09:07","1000219682","02:09:47"
"1000219682",2026-08-14,7,EYU3356E2,PEDRO,14,"00:03:28","1000219682","02:09:47"
"1000219682",2026-08-14,7,EYU3356D2,JOSÉ,100,"00:24:27","1000219682","02:09:47"
"1000219682",2026-08-14,7,EYU3356E1,PEDRO,201,"00:28:56","1000219682","02:09:47"
"1000219682",2026-08-14,7,EYU3356D3,PEDRO,55,"00:09:53","1000219682","02:09:47"
"1000219682",2026-08-14,7,EYU3356D5,LEONARDO,184,"00:37:35","1000219682","02:09:47"
"1000219688",2026-08-14,5,TMG6G62E1,JOSÉ,108,"00:46:39","1000219688","01:28:23"
"1000219688",2026-08-14,5,TMG6G62D1,PEDRO,46,"00:07:42","1000219688","01:28:23"
"1000219688",2026-08-14,5,TMG6G62D3,PEDRO,21,"00:09:16","1000219688","01:28:23"
"1000219688",2026-08-14,5,TMG6G62E2,PEDRO,21,"00:04:39","1000219688","01:28:23"
"1000219688",2026-08-14,5,TMG6G62D2,LEONARDO,37,"00:20:07","1000219688","01:28:23"
"1000219689",2026-08-14,7,FQU8482E3,LEONARDO,17,"00:02:30","1000219689","01:06:02"
"1000219689",2026-08-14,7,FQU8482D2,PEDRO,26,"00:07:45","1000219689","01:06:02"
"1000219689",2026-08-14,7,FQU8482E1,LEONARDO,42,"00:11:17","1000219689","01:06:02"
"1000219689",2026-08-14,7,FQU8482E2,PEDRO,50,"00:08:01","1000219689","01:06:02"
"1000219689",2026-08-14,7,FQU8482D1,PEDRO,80,"00:02:08","1000219689","01:06:02"
"1000219689",2026-08-14,7,FQU8482D4,JOSÉ,93,"00:28:43","1000219689","01:06:02"
"1000219689",2026-08-14,7,FQU8482D3,PEDRO,17,"00:05:38","1000219689","01:06:02"
"1000219687",2026-08-14,7,EYU3376E4,JOSÉ,121,"01:42:03","1000219687","02:55:32"
"1000219687",2026-08-14,7,EYU3376D2,PEDRO,100,"00:14:31","1000219687","02:55:32"
"1000219687",2026-08-14,7,EYU3376D4,LEONARDO,29,"00:06:27","1000219687","02:55:32"
"1000219687",2026-08-14,7,EYU3376E1,LEONARDO,212,"00:27:30","1000219687","02:55:32"
"1000219687",2026-08-14,7,EYU3376E2,LEONARDO,36,"00:07:53","1000219687","02:55:32"
"1000219687",2026-08-14,7,EYU3376E3,LEONARDO,74,"00:14:57","1000219687","02:55:32"
"1000219687",2026-08-14,7,EYU3376D3,LEONARDO,27,"00:02:11","1000219687","02:55:32"
"1000219690",2026-08-14,7,DBC8717E4,LEONARDO,34,"00:12:47","1000219690","01:27:43"
"1000219690",2026-08-14,7,DBC8717D4,LEONARDO,30,"00:09:39","1000219690","01:27:43"
"1000219690",2026-08-14,7,DBC8717D3,JOSÉ,31,"00:16:58","1000219690","01:27:43"
"1000219690",2026-08-14,7,DBC8717D5,LEONARDO,27,"00:00:48","1000219690","01:27:43"
"1000219690",2026-08-14,7,DBC8717D2,JOSÉ,181,"00:03:47","1000219690","01:27:43"
"1000219690",2026-08-14,7,DBC8717E5,PEDRO,146,"00:35:54","1000219690","01:27:43"
"1000219690",2026-08-14,7,DBC8717E2,LEONARDO,62,"00:07:50","1000219690","01:27:43"
"1000219691",2026-08-14,5,DBC8725D3,PEDRO,26,"00:05:45","1000219691","01:08:50"
"1000219691",2026-08-14,5,DBC8725D2,PEDRO,19,"00:04:42","1000219691","01:08:50"
"1000219691",2026-08-14,5,DBC8725E1,PEDRO,55,"00:12:16","1000219691","01:08:50"
"1000219691",2026-08-14,5,DBC8725E2,JOSÉ,18,"00:07:08","1000219691","01:08:50"
"1000219691",2026-08-14,5,DBC8725D1,LEONARDO,186,"00:38:59","1000219691","01:08:50"
"1000219686",2026-08-14,9,EYU3702D4,PEDRO,160,"00:29:24","1000219686","02:27:39"
"1000219686",2026-08-14,9,EYU3702E1,PEDRO,99,"00:06:37","1000219686","02:27:39"
"1000219686",2026-08-14,9,EYU3702D2,LEONARDO,205,"00:17:56","1000219686","02:27:39"
"1000219686",2026-08-14,9,EYU3702D3,LEONARDO,118,"00:18:51","1000219686","02:27:39"
"1000219686",2026-08-14,9,EYU3702D5,PEDRO,68,"00:13:10","1000219686","02:27:39"
"1000219686",2026-08-14,9,EYU3702E3,PEDRO,38,"00:06:26","1000219686","02:27:39"
"1000219686",2026-08-14,9,EYU3702E4,JOSÉ,73,"00:34:03","1000219686","02:27:39"
"1000219686",2026-08-14,9,EYU3702E2,JOSÉ,23,"00:05:41","1000219686","02:27:39"
"1000219686",2026-08-14,9,EYU3702E5,PEDRO,53,"00:15:31","1000219686","02:27:39"
"1000219685",2026-08-14,10,EYU3372E2,JOSÉ,167,"00:30:18","1000219685","02:15:50"
"1000219685",2026-08-14,10,EYU3372E1,PEDRO,193,"00:30:09","1000219685","02:15:50"
"1000219685",2026-08-14,10,EYU3372E3,LEONARDO,68,"00:15:20","1000219685","02:15:50"
"1000219685",2026-08-14,10,EYU3372E4,JOSÉ,28,"00:08:32","1000219685","02:15:50"
"1000219685",2026-08-14,10,EYU3372D3,LEONARDO,106,"00:24:18","1000219685","02:15:50"
"1000219685",2026-08-14,10,EYU3372D2,PEDRO,89,"00:04:35","1000219685","02:15:50"
"1000219685",2026-08-14,10,EYU3372D4,JOSÉ,95,"00:07:46","1000219685","02:15:50"
"1000219685",2026-08-14,10,EYU3372E5,PEDRO,71,"00:09:35","1000219685","02:15:50"
"1000219685",2026-08-14,10,EYU3372COMODATO,LEONARDO,16,"00:00:09","1000219685","02:15:50"
"1000219685",2026-08-14,10,EYU3372D5,PEDRO,18,"00:05:08","1000219685","02:15:50"
"1000221142",2026-08-25,8,EYU3356D4,PEDRO,150,"00:33:22","1000221142","01:45:44"
"1000221142",2026-08-25,8,EYU3356E4,LUCAS,37,"00:02:13","1000221142","01:45:44"
"1000221142",2026-08-25,8,EYU3356E5,EMANUEL,78,"00:13:21","1000221142","01:45:44"
"1000221142",2026-08-25,8,EYU3356D3,EMANUEL,49,"00:02:18","1000221142","01:45:44"
"1000221142",2026-08-25,8,EYU3356E3,EMANUEL,82,"00:15:09","1000221142","01:45:44"
"1000221142",2026-08-25,8,EYU3356E2,LEONARDO,145,"00:14:18","1000221142","01:45:44"
"1000221142",2026-08-25,8,EYU3356D5,LEONARDO,71,"00:09:19","1000221142","01:45:44"
"1000221142",2026-08-25,8,EYU3356D2,LUCAS,90,"00:15:44","1000221142","01:45:44"
"1000221154",2026-08-25,6,DBC8725D2,EMANUEL,53,"00:09:09","1000221154","01:14:34"
"1000221154",2026-08-25,6,DBC8725D3,EMANUEL,24,"00:05:04","1000221154","01:14:34"
"1000221154",2026-08-25,6,DBC8725E2,LUCAS,187,"00:26:19","1000221154","01:14:34"
"1000221154",2026-08-25,6,DBC8725E1,LEONARDO,132,"00:25:49","1000221154","01:14:34"
"1000221154",2026-08-25,6,DBC8725D4,PEDRO,45,"00:06:30","1000221154","01:14:34"
"1000221154",2026-08-25,6,DBC8725E3,PEDRO,15,"00:01:43","1000221154","01:14:34"
"1000221148",2026-08-25,9,EYU3702D3,LEONARDO,48,"00:02:30","1000221148","02:21:56"
"1000221148",2026-08-25,9,EYU3702D5,EMANUEL,48,"00:09:38","1000221148","02:21:56"
"1000221148",2026-08-25,9,EYU3702E3,LEONARDO,61,"00:12:32","1000221148","02:21:56"
"1000221148",2026-08-25,9,EYU3702D2,EMANUEL,81,"00:06:58","1000221148","02:21:56"
"1000221148",2026-08-25,9,EYU3702D4,LUCAS,179,"00:22:48","1000221148","02:21:56"
"1000221148",2026-08-25,9,EYU3702E1,EMANUEL,52,"00:01:55","1000221148","02:21:56"
"1000221148",2026-08-25,9,EYU3702D1,PEDRO,135,"00:40:51","1000221148","02:21:56"
"1000221148",2026-08-25,9,EYU3702E5,EMANUEL,171,"00:19:33","1000221148","02:21:56"
"1000221148",2026-08-25,9,EYU3702E2,LUCAS,194,"00:25:11","1000221148","02:21:56"
"1000221150",2026-08-25,10,EYU3376E5,JOSÉ,103,"00:28:16","1000221150","02:00:20"
"1000221150",2026-08-25,10,EYU3376COMODATO,PEDRO,80,"00:20:29","1000221150","02:00:20"
"1000221150",2026-08-25,10,EYU3376E2,JOSÉ,69,"00:00:53","1000221150","02:00:20"
"1000221150",2026-08-25,10,EYU3376D4,LUCAS,55,"00:10:47","1000221150","02:00:20"
"1000221150",2026-08-25,10,EYU3376E3,EMANUEL,36,"00:07:56","1000221150","02:00:20"
"1000221150",2026-08-25,10,EYU3376E4,LUCAS,4,"00:01:07","1000221150","02:00:20"
"1000221150",2026-08-25,10,EYU3376D3,EMANUEL,27,"00:06:45","1000221150","02:00:20"
"1000221150",2026-08-25,10,EYU3376E1,EMANUEL,180,"00:09:58","1000221150","02:00:20"
"1000221150",2026-08-25,10,EYU3376D2,LEONARDO,190,"00:27:21","1000221150","02:00:20"
"1000221150",2026-08-25,10,EYU3376D5,LUCAS,27,"00:06:48","1000221150","02:00:20"
"1000221147",2026-08-25,7,EYU3372D3,LEONARDO,59,"00:00:48","1000221147","01:08:25"
"1000221147",2026-08-25,7,EYU3372E4,EMANUEL,38,"00:04:19","1000221147","01:08:25"
"1000221147",2026-08-25,7,EYU3372E5,EMANUEL,51,"00:07:58","1000221147","01:08:25"
"1000221147",2026-08-25,7,EYU3372E2,LUCAS,96,"00:18:20","1000221147","01:08:25"
"1000221147",2026-08-25,7,EYU3372E3,EMANUEL,32,"00:07:35","1000221147","01:08:25"
"1000221147",2026-08-25,7,EYU3372D5,PEDRO,51,"00:16:28","1000221147","01:08:25"
"1000221147",2026-08-25,7,EYU3372D4,LEONARDO,42,"00:12:57","1000221147","01:08:25"
"1000221149",2026-08-25,8,EYU3703E4,LUCAS,160,"00:28:05","1000221149","01:56:26"
"1000221149",2026-08-25,8,EYU3703E5,PEDRO,31,"00:07:07","1000221149","01:56:26"
"1000221149",2026-08-25,8,EYU3703E3,EMANUEL,85,"00:09:54","1000221149","01:56:26"
"1000221149",2026-08-25,8,EYU3703E2,PEDRO,126,"00:19:55","1000221149","01:56:26"
"1000221149",2026-08-25,8,EYU3703D4,LEONARDO,71,"00:17:42","1000221149","01:56:26"
"1000221149",2026-08-25,8,EYU3703D3,EMANUEL,88,"00:13:51","1000221149","01:56:26"
"1000221149",2026-08-25,8,EYU3703D5,PEDRO,43,"00:02:25","1000221149","01:56:26"
"1000221149",2026-08-25,8,EYU3703D2,LEONARDO,88,"00:17:27","1000221149","01:56:26"
"1000221144",2026-08-25,10,EYU3363D3,LUCAS,86,"00:08:20","1000221144","01:50:05"
"1000221144",2026-08-25,10,EYU3363E5,LUCAS,47,"00:16:23","1000221144","01:50:05"
"1000221144",2026-08-25,10,EYU3363D2,EMANUEL,180,"00:07:07","1000221144","01:50:05"
"1000221144",2026-08-25,10,EYU3363COMODATO,PEDRO,84,"00:17:35","1000221144","01:50:05"
"1000221144",2026-08-25,10,EYU3363E3,JOSÉ,88,"00:19:24","1000221144","01:50:05"
"1000221144",2026-08-25,10,EYU3363D4,LEONARDO,43,"00:01:06","1000221144","01:50:05"
"1000221144",2026-08-25,10,EYU3363E2,LUCAS,52,"00:02:46","1000221144","01:50:05"
"1000221144",2026-08-25,10,EYU3363E4,LEONARDO,66,"00:11:50","1000221144","01:50:05"
"1000221144",2026-08-25,10,EYU3363E1,EMANUEL,71,"00:13:25","1000221144","01:50:05"
"1000221144",2026-08-25,10,EYU3363D5,EMANUEL,75,"00:12:09","1000221144","01:50:05"
"1000221146",2026-08-25,7,EYU3371E2,EMANUEL,61,"00:02:52","1000221146","01:44:22"
"1000221146",2026-08-25,7,EYU3371E4,EMANUEL,58,"00:10:33","1000221146","01:44:22"
"1000221146",2026-08-25,7,EYU3371D3,LEONARDO,190,"00:30:20","1000221146","01:44:22"
"1000221146",2026-08-25,7,EYU3371D5,LUCAS,42,"00:11:06","1000221146","01:44:22"
"1000221146",2026-08-25,7,EYU3371D4,LUCAS,118,"00:15:16","1000221146","01:44:22"
"1000221146",2026-08-25,7,EYU3371E3,PEDRO,43,"00:13:38","1000221146","01:44:22"
"1000221146",2026-08-25,7,EYU3371D2,JOSÉ,99,"00:20:37","1000221146","01:44:22"
"1000221145",2026-08-25,11,EYU3370E4,JOSÉ,56,"00:00:28","1000221145","01:45:15"
"1000221145",2026-08-25,11,EYU3370D4,JOSÉ,16,"00:00:21","1000221145","01:45:15"
"1000221145",2026-08-25,11,EYU3370COMODATO,JOSÉ,2,"00:00:07","1000221145","01:45:15"
"1000221145",2026-08-25,11,EYU3370D3,JOSÉ,54,"00:10:13","1000221145","01:45:15"
"1000221145",2026-08-25,11,EYU3370E3,JOSÉ,30,"00:09:05","1000221145","01:45:15"
"1000221145",2026-08-25,11,EYU3370E5,JOSÉ,84,"00:19:24","1000221145","01:45:15"
"1000221145",2026-08-25,11,EYU3370D5,LEONARDO,94,"00:18:23","1000221145","01:45:15"
"1000221145",2026-08-25,11,EYU3370E2,JOSÉ,57,"00:16:03","1000221145","01:45:15"
"1000221145",2026-08-25,11,EYU3370D1,JOSÉ,78,"00:00:47","1000221145","01:45:15"
"1000221145",2026-08-25,11,EYU3370D2,PEDRO,100,"00:18:41","1000221145","01:45:15"
"1000221145",2026-08-25,11,EYU3370E1,LUCAS,183,"00:11:43","1000221145","01:45:15"
"1000221152",2026-08-25,5,FQU8482E2,LUCAS,101,"00:21:14","1000221152","01:13:42"
"1000221152",2026-08-25,5,FQU8482D2,EMANUEL,144,"00:20:42","1000221152","01:13:42"
"1000221152",2026-08-25,5,FQU8482E1,JOSÉ,63,"00:15:47","1000221152","01:13:42"
"1000221152",2026-08-25,5,FQU8482D1,LEONARDO,34,"00:01:34","1000221152","01:13:42"
"1000221152",2026-08-25,5,FQU8482D3,PEDRO,74,"00:14:25","1000221152","01:13:42"
"1000221132",2026-08-25,6,CMT0006E4,EMANUEL,60,"00:12:57","1000221132","01:53:50"
"1000221132",2026-08-25,6,CMT0006D3,LUCAS,100,"00:15:22","1000221132","01:53:50"
"1000221132",2026-08-25,6,CMT0006D4,PEDRO,120,"00:13:21","1000221132","01:53:50"
"1000221132",2026-08-25,6,CMT0006D5,LEONARDO,207,"00:24:14","1000221132","01:53:50"
"1000221132",2026-08-25,6,CMT0006E2,JOSÉ,264,"00:35:19","1000221132","01:53:50"
"1000221132",2026-08-25,6,CMT0006E3,PEDRO,50,"00:12:37","1000221132","01:53:50"
"1000221135",2026-08-25,5,CMT0009E2,LUCAS,247,"00:32:47","1000221135","01:33:29"
"1000221135",2026-08-25,5,CMT0009D3,PEDRO,124,"00:22:12","1000221135","01:33:29"
"1000221135",2026-08-25,5,CMT0009D4,LEONARDO,66,"00:07:11","1000221135","01:33:29"
"1000221135",2026-08-25,5,CMT0009E4,LEONARDO,47,"00:14:19","1000221135","01:33:29"
"1000221135",2026-08-25,5,CMT0009D2,EMANUEL,90,"00:17:00","1000221135","01:33:29"
"1000221134",2026-08-25,4,CMT0008E1,JOSÉ,189,"00:26:00","1000221134","01:16:49"
"1000221134",2026-08-25,4,CMT0008D1,PEDRO,100,"00:21:30","1000221134","01:16:49"
"1000221134",2026-08-25,4,CMT0008D3,LEONARDO,49,"00:07:13","1000221134","01:16:49"
"1000221134",2026-08-25,4,CMT0008E2,EMANUEL,114,"00:22:06","1000221134","01:16:49"
"1000221151",2026-08-25,7,GDB5855D2,EMANUEL,138,"00:29:37","1000221151","02:08:51"
"1000221151",2026-08-25,7,GDB5855D4,LEONARDO,19,"00:01:03","1000221151","02:08:51"
"1000221151",2026-08-25,7,GDB5855E2,LUCAS,218,"00:38:00","1000221151","02:08:51"
"1000221151",2026-08-25,7,GDB5855D3,LEONARDO,30,"00:00:25","1000221151","02:08:51"
"1000221151",2026-08-25,7,GDB5855D5,PEDRO,99,"00:16:13","1000221151","02:08:51"
"1000221151",2026-08-25,7,GDB5855E1,LEONARDO,185,"00:22:53","1000221151","02:08:51"
"1000221151",2026-08-25,7,GDB5855E5,JOSÉ,49,"00:20:40","1000221151","02:08:51"
"1000221133",2026-08-25,5,CMT0007D1,LEONARDO,252,"00:22:34","1000221133","01:43:57"
"1000221133",2026-08-25,5,CMT0007D3,JOSÉ,124,"00:26:56","1000221133","01:43:57"
"1000221133",2026-08-25,5,CMT0007E1,EMANUEL,100,"00:29:55","1000221133","01:43:57"
"1000221133",2026-08-25,5,CMT0007E3,LUCAS,146,"00:21:39","1000221133","01:43:57"
"1000221133",2026-08-25,5,CMT0007E2,PEDRO,28,"00:02:53","1000221133","01:43:57"
"1000221130",2026-08-25,5,CMT0004E2,EMANUEL,100,"00:10:24","1000221130","01:29:46"
"1000221130",2026-08-25,5,CMT0004D3,JOSÉ,38,"00:04:52","1000221130","01:29:46"
"1000221130",2026-08-25,5,CMT0004D2,LUCAS,100,"00:17:26","1000221130","01:29:46"
"1000221130",2026-08-25,5,CMT0004E1,LEONARDO,258,"00:36:39","1000221130","01:29:46"
"1000221130",2026-08-25,5,CMT0004E3,PEDRO,120,"00:20:25","1000221130","01:29:46"
"1000221128",2026-08-25,5,CMT0002E2,LEONARDO,100,"00:20:57","1000221128","01:15:54"
"1000221128",2026-08-25,5,CMT0002D3,JOSÉ,39,"00:24:24","1000221128","01:15:54"
"1000221128",2026-08-25,5,CMT0002E3,PEDRO,51,"00:13:02","1000221128","01:15:54"
"1000221128",2026-08-25,5,CMT0002D4,LUCAS,49,"00:08:41","1000221128","01:15:54"
"1000221128",2026-08-25,5,CMT0002E4,EMANUEL,37,"00:08:50","1000221128","01:15:54"
"1000221129",2026-08-25,5,CMT0003E2,JOSÉ,100,"00:18:26","1000221129","01:05:56"
"1000221129",2026-08-25,5,CMT0003E3,PEDRO,45,"00:07:27","1000221129","01:05:56"
"1000221129",2026-08-25,5,CMT0003D3,EMANUEL,154,"00:17:58","1000221129","01:05:56"
"1000221129",2026-08-25,5,CMT0003E4,EMANUEL,50,"00:06:26","1000221129","01:05:56"
"1000221129",2026-08-25,5,CMT0003D4,LUCAS,51,"00:15:39","1000221129","01:05:56"
"1000221153",2026-08-25,5,DBC8717D1,LUCAS,37,"00:02:57","1000221153","00:32:54"
"1000221153",2026-08-25,5,DBC8717E1,LEONARDO,53,"00:10:09","1000221153","00:32:54"
"1000221153",2026-08-25,5,DBC8717D2,PEDRO,71,"00:10:29","1000221153","00:32:54"
"1000221153",2026-08-25,5,DBC8717E2,PEDRO,18,"00:04:01","1000221153","00:32:54"
"1000221153",2026-08-25,5,DBC8717E3,LUCAS,11,"00:05:18","1000221153","00:32:54"
"1000221143",2026-08-25,8,EYU3361E2,LEONARDO,119,"00:28:39","1000221143","01:26:26"
"1000221143",2026-08-25,8,EYU3361COMODATO,EMANUEL,65,"00:00:16","1000221143","01:26:26"
"1000221143",2026-08-25,8,EYU3361D5,PEDRO,28,"00:02:11","1000221143","01:26:26"
"1000221143",2026-08-25,8,EYU3361E4,LUCAS,58,"00:15:14","1000221143","01:26:26"
"1000221143",2026-08-25,8,EYU3361D3,JOSÉ,54,"00:14:51","1000221143","01:26:26"
"1000221143",2026-08-25,8,EYU3361D2,JOSÉ,56,"00:00:24","1000221143","01:26:26"
"1000221143",2026-08-25,8,EYU3361D4,LUCAS,58,"00:10:42","1000221143","01:26:26"
"1000221143",2026-08-25,8,EYU3361E3,PEDRO,69,"00:14:09","1000221143","01:26:26"
"1000222293",2026-09-01,2,CMT0008D1,LUCAS,56,"00:14:27","1000222293","00:20:11"
"1000222293",2026-09-01,2,CMT0008D2,EMANUEL,76,"00:05:44","1000222293","00:20:11"
"1000222294",2026-09-01,3,CMT0009D2,EMANUEL,24,"00:01:21","1000222294","00:44:04"
"1000222294",2026-09-01,3,CMT0009D1,PEDRO,61,"00:15:10","1000222294","00:44:04"
"1000222294",2026-09-01,3,CMT0009E1,LEONARDO,133,"00:27:33","1000222294","00:44:04"
"1000222260",2026-09-01,3,OUR1008D1,PEDRO,237,"00:40:12","1000222260","01:03:10"
"1000222260",2026-09-01,3,OUR1008E2,LEONARDO,38,"00:14:00","1000222260","01:03:10"
"1000222260",2026-09-01,3,OUR1008E1,EMANUEL,44,"00:08:58","1000222260","01:03:10"
"1000222531",2026-09-01,7,DBC8725E2,LEONARDO,47,"00:07:47","1000222531","01:32:09"
"1000222531",2026-09-01,7,DBC8725E1,EMANUEL,56,"00:04:37","1000222531","01:32:09"
"1000222531",2026-09-01,7,DBC8725E3,LEONARDO,19,"00:08:51","1000222531","01:32:09"
"1000222531",2026-09-01,7,DBC8725D4,JOSÉ,77,"00:19:55","1000222531","01:32:09"
"1000222531",2026-09-01,7,DBC8725D2,PEDRO,101,"00:26:15","1000222531","01:32:09"
"1000222531",2026-09-01,7,DBC8725D1,LUCAS,100,"00:16:40","1000222531","01:32:09"
"1000222531",2026-09-01,7,DBC8725D3,EMANUEL,40,"00:08:04","1000222531","01:32:09"
"1000222240",2026-09-01,4,CMT0085D3,LEONARDO,2,"00:00:55","1000222240","00:37:15"
"1000222240",2026-09-01,4,CMT0085D1,EMANUEL,113,"00:18:01","1000222240","00:37:15"
"1000222240",2026-09-01,4,CMT0085E1,LUCAS,49,"00:11:09","1000222240","00:37:15"
"1000222240",2026-09-01,4,CMT0085D2,LEONARDO,131,"00:07:10","1000222240","00:37:15"
"1000222239",2026-09-01,3,CMT0084E1,LUCAS,50,"00:09:53","1000222239","01:03:19"
"1000222239",2026-09-01,3,CMT0084D1,LEONARDO,176,"00:26:15","1000222239","01:03:19"
"1000222239",2026-09-01,3,CMT0084D2,PEDRO,109,"00:27:11","1000222239","01:03:19"
"1000222299",2026-09-01,9,CMT0014D4,LUCAS,125,"00:32:37","1000222299","01:59:56"
"1000222299",2026-09-01,9,CMT0014E2,EMANUEL,146,"00:15:37","1000222299","01:59:56"
"1000222299",2026-09-01,9,CMT0014D5,PEDRO,92,"00:24:39","1000222299","01:59:56"
"1000222299",2026-09-01,9,CMT0014COMODATO,LEONARDO,2,"00:00:23","1000222299","01:59:56"
"1000222299",2026-09-01,9,CMT0014E5,EMANUEL,83,"00:11:33","1000222299","01:59:56"
"1000222299",2026-09-01,9,CMT0014D3,LEONARDO,76,"00:00:42","1000222299","01:59:56"
"1000222299",2026-09-01,9,CMT0014E3,LEONARDO,220,"00:28:28","1000222299","01:59:56"
"1000222299",2026-09-01,9,CMT0014D2,LUCAS,97,"00:05:57","1000222299","01:59:56"
"1000222237",2026-09-01,2,CMT0082D1,JOSÉ,50,"00:00:18","1000222237","00:13:10"
"1000222237",2026-09-01,2,CMT0082E1,EMANUEL,79,"00:12:52","1000222237","00:13:10"
"1000222241",2026-09-01,3,CMT0086D1,PEDRO,129,"00:16:43","1000222241","00:26:06"
"1000222241",2026-09-01,3,CMT0086E1,LUCAS,50,"00:05:56","1000222241","00:26:06"
"1000222241",2026-09-01,3,CMT0086D2,LEONARDO,20,"00:03:27","1000222241","00:26:06"
"1000222528",2026-09-01,3,EYU3703E1,LEONARDO,5,"00:00:43","1000222528","00:19:59"
"1000222528",2026-09-01,3,EYU3703D1,EMANUEL,25,"00:07:51","1000222528","00:19:59"
"1000222528",2026-09-01,3,EYU3703D2,LUCAS,11,"00:11:25","1000222528","00:19:59"
"1000222308",2026-09-01,1,OUR1004E1,JOSÉ,27,"00:04:57","1000222308","00:04:57"
"1000222292",2026-09-01,2,CMT0007D3,LUCAS,21,"00:13:15","1000222292","00:23:36"
"1000222292",2026-09-01,2,CMT0007D2,EMANUEL,27,"00:10:21","1000222292","00:23:36"
"1000222301",2026-09-01,5,CMT0016D2,PEDRO,103,"00:11:20","1000222301","01:26:35"
"1000222301",2026-09-01,5,CMT0016D3,LEONARDO,9,"00:00:42","1000222301","01:26:35"
"1000222301",2026-09-01,5,CMT0016D1,LUCAS,83,"00:41:10","1000222301","01:26:35"
"1000222301",2026-09-01,5,CMT0016E1,JOSÉ,85,"00:25:05","1000222301","01:26:35"
"1000222301",2026-09-01,5,CMT0016E2,EMANUEL,19,"00:08:18","1000222301","01:26:35"
"1000222527",2026-09-01,6,EYU3702D2,LEONARDO,73,"00:06:34","1000222527","02:01:59"
"1000222527",2026-09-01,6,EYU3702E2,EMANUEL,210,"00:25:18","1000222527","02:01:59"
"1000222527",2026-09-01,6,EYU3702D1,JOSÉ,203,"00:39:11","1000222527","02:01:59"
"1000222527",2026-09-01,6,EYU3702E3,LEONARDO,57,"00:09:43","1000222527","02:01:59"
"1000222527",2026-09-01,6,EYU3702D3,LUCAS,63,"00:19:23","1000222527","02:01:59"
"1000222527",2026-09-01,6,EYU3702E1,PEDRO,100,"00:21:50","1000222527","02:01:59"
"1000222311",2026-09-01,5,OUR1007E2,LUCAS,36,"00:02:39","1000222311","01:15:27"
"1000222311",2026-09-01,5,OUR1007D3,JOSÉ,54,"00:16:06","1000222311","01:15:27"
"1000222311",2026-09-01,5,OUR1007D2,LUCAS,112,"00:18:28","1000222311","01:15:27"
"1000222311",2026-09-01,5,OUR1007E1,EMANUEL,98,"00:14:03","1000222311","01:15:27"
"1000222311",2026-09-01,5,OUR1007D5,LEONARDO,98,"00:24:11","1000222311","01:15:27"
"1000222253",2026-09-01,5,CMT0077E3,LUCAS,22,"00:09:40","1000222253","01:50:08"
"1000222253",2026-09-01,5,CMT0077E1,LEONARDO,97,"00:47:22","1000222253","01:50:08"
"1000222253",2026-09-01,5,CMT0077E4,PEDRO,101,"00:22:11","1000222253","01:50:08"
"1000222253",2026-09-01,5,CMT0077D3,LUCAS,5,"00:03:10","1000222253","01:50:08"
"1000222253",2026-09-01,5,CMT0077D1,EMANUEL,237,"00:27:45","1000222253","01:50:08"
"1000222526",2026-09-01,2,EYU3370D1,JOSÉ,29,"00:01:10","1000222526","00:10:01"
"1000222526",2026-09-01,2,EYU3370E1,EMANUEL,23,"00:08:51","1000222526","00:10:01"
"1000222525",2026-09-01,9,EYU3361D2,PEDRO,121,"00:18:04","1000222525","01:59:27"
"1000222525",2026-09-01,9,EYU3361E3,LUCAS,133,"00:17:04","1000222525","01:59:27"
"1000222525",2026-09-01,9,EYU3361E2,EMANUEL,102,"00:18:29","1000222525","01:59:27"
"1000222525",2026-09-01,9,EYU3361E4,LUCAS,30,"00:17:19","1000222525","01:59:27"
"1000222525",2026-09-01,9,EYU3361D1,JOSÉ,68,"00:00:33","1000222525","01:59:27"
"1000222525",2026-09-01,9,EYU3361D3,PEDRO,9,"00:00:04","1000222525","01:59:27"
"1000222525",2026-09-01,9,EYU3361D5,LUCAS,30,"00:02:43","1000222525","01:59:27"
"1000222525",2026-09-01,9,EYU3361D4,LEONARDO,85,"00:37:32","1000222525","01:59:27"
"1000222525",2026-09-01,9,EYU3361E1,JOSÉ,64,"00:07:39","1000222525","01:59:27"
"1000222291",2026-09-01,8,CMT0006D1,LUCAS,94,"00:05:54","1000222291","02:51:54"
"1000222291",2026-09-01,8,CMT0006E1,LEONARDO,189,"00:12:40","1000222291","02:51:54"
"1000222291",2026-09-01,8,CMT0006D2,LEONARDO,60,"00:24:02","1000222291","02:51:54"
"1000222291",2026-09-01,8,CMT0006E3,LUCAS,63,"00:30:09","1000222291","02:51:54"
"1000222291",2026-09-01,8,CMT0006D3,EMANUEL,122,"00:13:51","1000222291","02:51:54"
"1000222291",2026-09-01,8,CMT0006D5,PEDRO,100,"00:27:00","1000222291","02:51:54"
"1000222291",2026-09-01,8,CMT0006D4,JOSÉ,170,"00:52:04","1000222291","02:51:54"
"1000222291",2026-09-01,8,CMT0006E2,EMANUEL,16,"00:06:14","1000222291","02:51:54"
"1000221783",2026-09-01,2,CMT0005D1,PEDRO,175,"00:25:20","1000221783","00:43:26"
"1000221783",2026-09-01,2,CMT0005E1,LUCAS,62,"00:18:06","1000221783","00:43:26"
"1000222238",2026-09-01,6,CMT0083D4,PEDRO,2,"00:00:49","1000222238","00:56:49"
"1000222238",2026-09-01,6,CMT0083E3,EMANUEL,9,"00:05:02","1000222238","00:56:49"
"1000222238",2026-09-01,6,CMT0083D3,JOSÉ,19,"00:07:39","1000222238","00:56:49"
"1000222238",2026-09-01,6,CMT0083D2,LUCAS,52,"00:09:09","1000222238","00:56:49"
"1000222238",2026-09-01,6,CMT0083E4,EMANUEL,60,"00:12:05","1000222238","00:56:49"
"1000222238",2026-09-01,6,CMT0083E1,JOSÉ,196,"00:22:05","1000222238","00:56:49"
"1000222530",2026-09-01,6,EYU3376E1,LEONARDO,134,"00:13:34","1000222530","01:43:45"
"1000222530",2026-09-01,6,EYU3376D2,PEDRO,42,"00:01:55","1000222530","01:43:45"
"1000222530",2026-09-01,6,EYU3376E3,LUCAS,53,"00:15:37","1000222530","01:43:45"
"1000222530",2026-09-01,6,EYU3376E2,EMANUEL,79,"00:26:43","1000222530","01:43:45"
"1000222530",2026-09-01,6,EYU3376D5,JOSÉ,100,"00:33:59","1000222530","01:43:45"
"1000222530",2026-09-01,6,EYU3376D4,LEONARDO,29,"00:11:57","1000222530","01:43:45"
"1000222529",2026-09-01,7,EYU3705D3,LEONARDO,38,"00:18:14","1000222529","02:00:04"
"1000222529",2026-09-01,7,EYU3705D2,LUCAS,42,"00:17:43","1000222529","02:00:04"
"1000222529",2026-09-01,7,EYU3705D1,PEDRO,180,"00:06:57","1000222529","02:00:04"
"1000222529",2026-09-01,7,EYU3705E1,JOSÉ,65,"00:00:57","1000222529","02:00:04"
"1000222529",2026-09-01,7,EYU3705E4,EMANUEL,176,"00:29:33","1000222529","02:00:04"
"1000222529",2026-09-01,7,EYU3705E3,JOSÉ,59,"00:32:29","1000222529","02:00:04"
"1000222529",2026-09-01,7,EYU3705E2,PEDRO,47,"00:14:11","1000222529","02:00:04"
"1000222532",2026-09-01,9,FCX9994D3,LEONARDO,97,"00:19:06","1000222532","02:08:31"
"1000222532",2026-09-01,9,FCX9994E3,PEDRO,165,"00:31:24","1000222532","02:08:31"
"1000222532",2026-09-01,9,FCX9994D2,LUCAS,152,"00:20:32","1000222532","02:08:31"
"1000222532",2026-09-01,9,FCX9994E4,EMANUEL,32,"00:07:43","1000222532","02:08:31"
"1000222532",2026-09-01,9,FCX9994E2,LEONARDO,38,"00:01:27","1000222532","02:08:31"
"1000222532",2026-09-01,9,FCX9994D4,EMANUEL,49,"00:01:17","1000222532","02:08:31"
"1000222532",2026-09-01,9,FCX9994E5,LUCAS,94,"00:16:58","1000222532","02:08:31"
"1000222532",2026-09-01,9,FCX9994D5,JOSÉ,81,"00:17:43","1000222532","02:08:31"
"1000222532",2026-09-01,9,FCX9994E1,EMANUEL,96,"00:12:21","1000222532","02:08:31"
"1000222296",2026-09-01,7,CMT0011D5,LEONARDO,32,"00:08:27","1000222296","01:36:15"
"1000222296",2026-09-01,7,CMT0011D4,JOSÉ,59,"00:21:32","1000222296","01:36:15"
"1000222296",2026-09-01,7,CMT0011D3,PEDRO,140,"00:08:44","1000222296","01:36:15"
"1000222296",2026-09-01,7,CMT0011E3,LEONARDO,66,"00:03:37","1000222296","01:36:15"
"1000222296",2026-09-01,7,CMT0011E4,LUCAS,73,"00:10:11","1000222296","01:36:15"
"1000222296",2026-09-01,7,CMT0011E2,PEDRO,100,"00:22:33","1000222296","01:36:15"
"1000222296",2026-09-01,7,CMT0011E5,EMANUEL,104,"00:21:11","1000222296","01:36:15"
"1000222242",2026-09-01,1,OUR1006D2,PEDRO,66,"00:16:43","1000222242","00:16:43"
"1000222309",2026-09-01,3,OUR1005D1,EMANUEL,47,"00:01:19","1000222309","00:28:58"
"1000222309",2026-09-01,3,OUR1005D2,LUCAS,50,"00:14:44","1000222309","00:28:58"
"1000222309",2026-09-01,3,OUR1005E1,EMANUEL,42,"00:12:55","1000222309","00:28:58"
"1000221331",2026-08-26,5,TMG6G62D2,EMANUEL,7,"00:00:52","1000221331","01:06:38"
"1000221331",2026-08-26,5,TMG6G62D1,LUCAS,84,"00:19:43","1000221331","01:06:38"
"1000221331",2026-08-26,5,TMG6G62D3,LEONARDO,27,"00:06:51","1000221331","01:06:38"
"1000221331",2026-08-26,5,TMG6G62E2,EMANUEL,41,"00:05:43","1000221331","01:06:38"
"1000221331",2026-08-26,5,TMG6G62E1,PEDRO,123,"00:33:29","1000221331","01:06:38"
"1000221327",2026-08-26,8,EYU3702E5,LUCAS,27,"00:02:19","1000221327","02:02:52"
"1000221327",2026-08-26,8,EYU3702E2,LEONARDO,100,"00:24:16","1000221327","02:02:52"
"1000221327",2026-08-26,8,EYU3702D2,LUCAS,100,"00:16:55","1000221327","02:02:52"
"1000221327",2026-08-26,8,EYU3702D4,EMANUEL,42,"00:10:41","1000221327","02:02:52"
"1000221327",2026-08-26,8,EYU3702D5,EMANUEL,124,"00:13:59","1000221327","02:02:52"
"1000221327",2026-08-26,8,EYU3702E4,PEDRO,40,"00:06:00","1000221327","02:02:52"
"1000221327",2026-08-26,8,EYU3702D3,JOSÉ,136,"00:30:48","1000221327","02:02:52"
"1000221327",2026-08-26,8,EYU3702E3,LUCAS,71,"00:17:54","1000221327","02:02:52"
"1000221323",2026-08-26,10,EYU3361D2,JOSÉ,54,"00:00:49","1000221323","02:25:07"
"1000221323",2026-08-26,10,EYU3361E4,LEONARDO,103,"00:10:19","1000221323","02:25:07"
"1000221323",2026-08-26,10,EYU3361E2,PEDRO,100,"00:18:27","1000221323","02:25:07"
"1000221323",2026-08-26,10,EYU3361E5,JOSÉ,89,"00:18:51","1000221323","02:25:07"
"1000221323",2026-08-26,10,EYU3361D5,JOSÉ,49,"00:19:09","1000221323","02:25:07"
"1000221323",2026-08-26,10,EYU3361E1,LUCAS,188,"00:17:57","1000221323","02:25:07"
"1000221323",2026-08-26,10,EYU3361E3,JOSÉ,43,"00:01:10","1000221323","02:25:07"
"1000221323",2026-08-26,10,EYU3361D1,JOSÉ,100,"00:10:44","1000221323","02:25:07"
"1000221323",2026-08-26,10,EYU3361D3,EMANUEL,115,"00:16:42","1000221323","02:25:07"
"1000221323",2026-08-26,10,EYU3361D4,JOSÉ,143,"00:30:59","1000221323","02:25:07"
"1000221328",2026-08-26,10,EYU3703D2,EMANUEL,195,"00:15:08","1000221328","02:14:21"
"1000221328",2026-08-26,10,EYU3703E4,LUCAS,96,"00:15:27","1000221328","02:14:21"
"1000221328",2026-08-26,10,EYU3703E1,LEONARDO,100,"00:13:47","1000221328","02:14:21"
"1000221328",2026-08-26,10,EYU3703E5,PEDRO,111,"00:22:41","1000221328","02:14:21"
"1000221328",2026-08-26,10,EYU3703COMODATO,EMANUEL,6,"00:00:04","1000221328","02:14:21"
"1000221328",2026-08-26,10,EYU3703D5,EMANUEL,30,"00:06:26","1000221328","02:14:21"
"1000221328",2026-08-26,10,EYU3703E3,PEDRO,138,"00:26:05","1000221328","02:14:21"
"1000221328",2026-08-26,10,EYU3703E2,PEDRO,65,"00:01:39","1000221328","02:14:21"
"1000221328",2026-08-26,10,EYU3703D3,LUCAS,67,"00:16:03","1000221328","02:14:21"
"1000221328",2026-08-26,10,EYU3703D4,EMANUEL,71,"00:17:01","1000221328","02:14:21"
"1000221326",2026-08-26,11,EYU3372D1,PEDRO,80,"00:00:54","1000221326","02:17:42"
"1000221326",2026-08-26,11,EYU3372E3,EMANUEL,42,"00:08:21","1000221326","02:17:42"
"1000221326",2026-08-26,11,EYU3372D3,PEDRO,50,"00:13:40","1000221326","02:17:42"
"1000221326",2026-08-26,11,EYU3372E2,LEONARDO,191,"00:20:09","1000221326","02:17:42"
"1000221326",2026-08-26,11,EYU3372D2,LUCAS,100,"00:26:52","1000221326","02:17:42"
"1000221326",2026-08-26,11,EYU3372E4,JOSÉ,112,"00:26:31","1000221326","02:17:42"
"1000221326",2026-08-26,11,EYU3372D5,EMANUEL,70,"00:00:45","1000221326","02:17:42"
"1000221326",2026-08-26,11,EYU3372D4,JOSÉ,22,"00:00:07","1000221326","02:17:42"
"1000221326",2026-08-26,11,EYU3372COMODATO,PEDRO,117,"00:12:01","1000221326","02:17:42"
"1000221326",2026-08-26,11,EYU3372E5,EMANUEL,135,"00:14:39","1000221326","02:17:42"
"1000221326",2026-08-26,11,EYU3372E1,LEONARDO,161,"00:13:43","1000221326","02:17:42"
"1000221333",2026-08-26,8,DBC8725D2,PEDRO,93,"00:27:20","1000221333","02:27:27"
"1000221333",2026-08-26,8,DBC8725E3,LUCAS,138,"00:35:17","1000221333","02:27:27"
"1000221333",2026-08-26,8,DBC8725D3,PEDRO,105,"00:16:18","1000221333","02:27:27"
"1000221333",2026-08-26,8,DBC8725D5,LEONARDO,156,"00:21:04","1000221333","02:27:27"
"1000221333",2026-08-26,8,DBC8725E1,EMANUEL,261,"00:28:52","1000221333","02:27:27"
"1000221333",2026-08-26,8,DBC8725D4,EMANUEL,14,"00:03:59","1000221333","02:27:27"
"1000221333",2026-08-26,8,DBC8725E2,EMANUEL,26,"00:01:26","1000221333","02:27:27"
"1000221333",2026-08-26,8,DBC8725E4,LEONARDO,75,"00:13:11","1000221333","02:27:27"
"1000221325",2026-08-26,9,EYU3371D4,PEDRO,147,"00:30:03","1000221325","01:11:16"
"1000221325",2026-08-26,9,EYU3371E3,EMANUEL,65,"00:10:52","1000221325","01:11:16"
"1000221325",2026-08-26,9,EYU3371E1,LUCAS,72,"00:08:16","1000221325","01:11:16"
"1000221325",2026-08-26,9,EYU3371E4,EMANUEL,10,"00:02:57","1000221325","01:11:16"
"1000221325",2026-08-26,9,EYU3371D5,EMANUEL,27,"00:01:16","1000221325","01:11:16"
"1000221325",2026-08-26,9,EYU3371D1,JOSÉ,32,"00:00:12","1000221325","01:11:16"
"1000221325",2026-08-26,9,EYU3371D3,LEONARDO,35,"00:07:09","1000221325","01:11:16"
"1000221325",2026-08-26,9,EYU3371D2,EMANUEL,45,"00:00:57","1000221325","01:11:16"
"1000221325",2026-08-26,9,EYU3371E2,LUCAS,50,"00:09:34","1000221325","01:11:16"
"1000221332",2026-08-26,5,DBC8717D1,LEONARDO,171,"00:22:35","1000221332","00:49:42"
"1000221332",2026-08-26,5,DBC8717E2,LUCAS,7,"00:01:37","1000221332","00:49:42"
"1000221332",2026-08-26,5,DBC8717D2,EMANUEL,114,"00:10:44","1000221332","00:49:42"
"1000221332",2026-08-26,5,DBC8717E3,EMANUEL,17,"00:03:07","1000221332","00:49:42"
"1000221332",2026-08-26,5,DBC8717E1,LUCAS,59,"00:11:39","1000221332","00:49:42"
"1000221330",2026-08-26,7,GDB5855E4,EMANUEL,8,"00:00:40","1000221330","01:41:40"
"1000221330",2026-08-26,7,GDB5855E5,PEDRO,33,"00:11:46","1000221330","01:41:40"
"1000221330",2026-08-26,7,GDB5855D4,LUCAS,85,"00:13:41","1000221330","01:41:40"
"1000221330",2026-08-26,7,GDB5855D3,LUCAS,71,"00:02:04","1000221330","01:41:40"
"1000221330",2026-08-26,7,GDB5855E2,JOSÉ,99,"00:22:53","1000221330","01:41:40"
"1000221330",2026-08-26,7,GDB5855D5,LEONARDO,115,"00:29:12","1000221330","01:41:40"
"1000221330",2026-08-26,7,GDB5855E3,EMANUEL,184,"00:21:24","1000221330","01:41:40"
"1000221329",2026-08-26,9,EYU3705D2,LUCAS,191,"00:13:34","1000221329","01:59:53"
"1000221329",2026-08-26,9,EYU3705E2,LEONARDO,100,"00:20:34","1000221329","01:59:53"
"1000221329",2026-08-26,9,EYU3705E5,EMANUEL,114,"00:10:41","1000221329","01:59:53"
"1000221329",2026-08-26,9,EYU3705D5,LUCAS,126,"00:17:22","1000221329","01:59:53"
"1000221329",2026-08-26,9,EYU3705E3,PEDRO,153,"00:29:41","1000221329","01:59:53"
"1000221329",2026-08-26,9,EYU3705E4,LUCAS,43,"00:14:07","1000221329","01:59:53"
"1000221329",2026-08-26,9,EYU3705D4,EMANUEL,54,"00:08:11","1000221329","01:59:53"
"1000221329",2026-08-26,9,EYU3705D3,LUCAS,68,"00:03:53","1000221329","01:59:53"
"1000221329",2026-08-26,9,EYU3705COMODATO,PEDRO,1,"00:01:50","1000221329","01:59:53"
"1000221324",2026-08-26,10,EYU3363D4,LEONARDO,53,"00:13:21","1000221324","02:39:18"
"1000221324",2026-08-26,10,EYU3363E3,EMANUEL,64,"00:06:48","1000221324","02:39:18"
"1000221324",2026-08-26,10,EYU3363E2,EMANUEL,65,"00:01:22","1000221324","02:39:18"
"1000221324",2026-08-26,10,EYU3363D3,LUCAS,122,"00:22:45","1000221324","02:39:18"
"1000221324",2026-08-26,10,EYU3363E1,LEONARDO,207,"00:27:45","1000221324","02:39:18"
"1000221324",2026-08-26,10,EYU3363D2,EMANUEL,100,"00:14:55","1000221324","02:39:18"
"1000221324",2026-08-26,10,EYU3363E5,JOSÉ,128,"00:38:48","1000221324","02:39:18"
"1000221324",2026-08-26,10,EYU3363D5,PEDRO,130,"00:32:24","1000221324","02:39:18"
"1000221324",2026-08-26,10,EYU3363COMODATO,LUCAS,5,"00:00:26","1000221324","02:39:18"
"1000221324",2026-08-26,10,EYU3363E4,EMANUEL,19,"00:00:44","1000221324","02:39:18"
"1000221557",2026-08-27,7,DBC8722E4,LUCAS,147,"00:19:06","1000221557","01:06:04"
"1000221557",2026-08-27,7,DBC8722E2,LEONARDO,9,"00:08:08","1000221557","01:06:04"
"1000221557",2026-08-27,7,DBC8722E3,LEONARDO,6,"00:03:18","1000221557","01:06:04"
"1000221557",2026-08-27,7,DBC8722D3,PEDRO,165,"00:15:03","1000221557","01:06:04"
"1000221557",2026-08-27,7,DBC8722D2,LEONARDO,12,"00:01:58","1000221557","01:06:04"
"1000221557",2026-08-27,7,DBC8722E1,EMANUEL,95,"00:14:07","1000221557","01:06:04"
"1000221557",2026-08-27,7,DBC8722D4,EMANUEL,25,"00:04:24","1000221557","01:06:04"
"1000221550",2026-08-27,10,EYU3371D2,EMANUEL,121,"00:08:03","1000221550","01:51:32"
"1000221550",2026-08-27,10,EYU3371E2,EMANUEL,43,"00:10:06","1000221550","01:51:32"
"1000221550",2026-08-27,10,EYU3371D1,EMANUEL,51,"00:00:32","1000221550","01:51:32"
"1000221550",2026-08-27,10,EYU3371D3,JOSÉ,29,"00:00:32","1000221550","01:51:32"
"1000221550",2026-08-27,10,EYU3371E3,LEONARDO,74,"00:19:33","1000221550","01:51:32"
"1000221550",2026-08-27,10,EYU3371D5,LUCAS,156,"00:41:41","1000221550","01:51:32"
"1000221550",2026-08-27,10,EYU3371D4,PEDRO,96,"00:13:19","1000221550","01:51:32"
"1000221550",2026-08-27,10,EYU3371E1,JOSÉ,80,"00:09:49","1000221550","01:51:32"
"1000221550",2026-08-27,10,EYU3371E4,JOSÉ,32,"00:07:00","1000221550","01:51:32"
"1000221550",2026-08-27,10,EYU3371E5,PEDRO,36,"00:00:57","1000221550","01:51:32"
"1000221555",2026-08-27,7,GDB5855E5,LEONARDO,108,"00:17:47","1000221555","01:41:29"
"1000221555",2026-08-27,7,GDB5855D3,LUCAS,100,"00:18:18","1000221555","01:41:29"
"1000221555",2026-08-27,7,GDB5855E4,PEDRO,153,"00:28:01","1000221555","01:41:29"
"1000221555",2026-08-27,7,GDB5855E2,EMANUEL,127,"00:10:10","1000221555","01:41:29"
"1000221555",2026-08-27,7,GDB5855E3,JOSÉ,63,"00:00:54","1000221555","01:41:29"
"1000221555",2026-08-27,7,GDB5855D5,LEONARDO,51,"00:12:32","1000221555","01:41:29"
"1000221555",2026-08-27,7,GDB5855D4,EMANUEL,97,"00:13:47","1000221555","01:41:29"
"1000221548",2026-08-27,9,EYU3363COMODATO,LUCAS,48,"00:07:52","1000221548","02:16:41"
"1000221548",2026-08-27,9,EYU3363D2,PEDRO,99,"00:16:13","1000221548","02:16:41"
"1000221548",2026-08-27,9,EYU3363D3,JOSÉ,99,"00:30:17","1000221548","02:16:41"
"1000221548",2026-08-27,9,EYU3363E3,LEONARDO,144,"00:27:59","1000221548","02:16:41"
"1000221548",2026-08-27,9,EYU3363E2,EMANUEL,146,"00:16:42","1000221548","02:16:41"
"1000221548",2026-08-27,9,EYU3363D4,PEDRO,25,"00:02:15","1000221548","02:16:41"
"1000221548",2026-08-27,9,EYU3363E5,LUCAS,40,"00:03:28","1000221548","02:16:41"
"1000221548",2026-08-27,9,EYU3363D5,EMANUEL,79,"00:18:55","1000221548","02:16:41"
"1000221548",2026-08-27,9,EYU3363E4,LUCAS,20,"00:13:00","1000221548","02:16:41"
"1000221553",2026-08-27,9,EYU3703E3,PEDRO,29,"00:10:40","1000221553","01:52:25"
"1000221553",2026-08-27,9,EYU3703D4,EMANUEL,33,"00:01:56","1000221553","01:52:25"
"1000221553",2026-08-27,9,EYU3703D2,PEDRO,50,"00:00:42","1000221553","01:52:25"
"1000221553",2026-08-27,9,EYU3703E4,JOSÉ,62,"00:17:18","1000221553","01:52:25"
"1000221553",2026-08-27,9,EYU3703E2,EMANUEL,63,"00:11:14","1000221553","01:52:25"
"1000221553",2026-08-27,9,EYU3703D5,PEDRO,69,"00:14:33","1000221553","01:52:25"
"1000221553",2026-08-27,9,EYU3703E5,EMANUEL,70,"00:09:22","1000221553","01:52:25"
"1000221553",2026-08-27,9,EYU3703COMODATO,LUCAS,62,"00:20:13","1000221553","01:52:25"
"1000221553",2026-08-27,9,EYU3703D3,LEONARDO,108,"00:26:27","1000221553","01:52:25"
"1000221554",2026-08-27,8,EYU3376D5,EMANUEL,23,"00:01:12","1000221554","01:50:18"
"1000221554",2026-08-27,8,EYU3376E4,LEONARDO,35,"00:05:27","1000221554","01:50:18"
"1000221554",2026-08-27,8,EYU3376D3,EMANUEL,47,"00:08:19","1000221554","01:50:18"
"1000221554",2026-08-27,8,EYU3376E5,LUCAS,87,"00:27:47","1000221554","01:50:18"
"1000221554",2026-08-27,8,EYU3376E2,LUCAS,125,"00:12:11","1000221554","01:50:18"
"1000221554",2026-08-27,8,EYU3376E3,PEDRO,74,"00:17:42","1000221554","01:50:18"
"1000221554",2026-08-27,8,EYU3376D2,EMANUEL,87,"00:01:50","1000221554","01:50:18"
"1000221554",2026-08-27,8,EYU3376D4,JOSÉ,144,"00:35:50","1000221554","01:50:18"
"1000221549",2026-08-27,9,EYU3370D2,LEONARDO,177,"00:18:58","1000221549","03:46:54"
"1000221549",2026-08-27,9,EYU3370E3,PEDRO,66,"00:16:34","1000221549","03:46:54"
"1000221549",2026-08-27,9,EYU3370E1,LUCAS,100,"00:22:14","1000221549","03:46:54"
"1000221549",2026-08-27,9,EYU3370D3,LUCAS,12,"00:03:54","1000221549","03:46:54"
"1000221549",2026-08-27,9,EYU3370E4,JOSÉ,112,"01:43:20","1000221549","03:46:54"
"1000221549",2026-08-27,9,EYU3370E2,EMANUEL,35,"00:10:34","1000221549","03:46:54"
"1000221549",2026-08-27,9,EYU3370D4,PEDRO,152,"00:30:18","1000221549","03:46:54"
"1000221549",2026-08-27,9,EYU3370D1,EMANUEL,224,"00:20:59","1000221549","03:46:54"
"1000221549",2026-08-27,9,EYU3370COMODATO,EMANUEL,1,"00:00:03","1000221549","03:46:54"
"1000221547",2026-08-27,7,EYU3361E4,JOSÉ,93,"00:27:01","1000221547","01:51:08"
"1000221547",2026-08-27,7,EYU3361D2,LEONARDO,98,"00:13:23","1000221547","01:51:08"
"1000221547",2026-08-27,7,EYU3361E2,PEDRO,162,"00:29:11","1000221547","01:51:08"
"1000221547",2026-08-27,7,EYU3361E3,LEONARDO,105,"00:17:17","1000221547","01:51:08"
"1000221547",2026-08-27,7,EYU3361D3,LEONARDO,57,"00:01:56","1000221547","01:51:08"
"1000221547",2026-08-27,7,EYU3361D4,LUCAS,58,"00:10:49","1000221547","01:51:08"
"1000221547",2026-08-27,7,EYU3361D5,EMANUEL,80,"00:11:31","1000221547","01:51:08"
"1000221556",2026-08-27,7,FQU8482D1,PEDRO,91,"00:16:20","1000221556","01:11:57"
"1000221556",2026-08-27,7,FQU8482D4,LUCAS,104,"00:11:28","1000221556","01:11:57"
"1000221556",2026-08-27,7,FQU8482E3,LUCAS,14,"00:09:07","1000221556","01:11:57"
"1000221556",2026-08-27,7,FQU8482D2,LUCAS,22,"00:02:07","1000221556","01:11:57"
"1000221556",2026-08-27,7,FQU8482E1,EMANUEL,45,"00:08:47","1000221556","01:11:57"
"1000221556",2026-08-27,7,FQU8482D3,LEONARDO,109,"00:16:32","1000221556","01:11:57"
"1000221556",2026-08-27,7,FQU8482E2,EMANUEL,64,"00:07:36","1000221556","01:11:57"
"1000221551",2026-08-27,10,EYU3702D3,JOSÉ,22,"00:00:19","1000221551","02:15:58"
"1000221551",2026-08-27,10,EYU3702COMODATO,EMANUEL,23,"00:06:48","1000221551","02:15:58"
"1000221551",2026-08-27,10,EYU3702D2,JOSÉ,100,"00:21:45","1000221551","02:15:58"
"1000221551",2026-08-27,10,EYU3702E4,LUCAS,100,"00:23:44","1000221551","02:15:58"
"1000221551",2026-08-27,10,EYU3702D5,EMANUEL,28,"00:01:45","1000221551","02:15:58"
"1000221551",2026-08-27,10,EYU3702D4,EMANUEL,112,"00:10:43","1000221551","02:15:58"
"1000221551",2026-08-27,10,EYU3702E5,LEONARDO,64,"00:15:23","1000221551","02:15:58"
"1000221551",2026-08-27,10,EYU3702E2,LEONARDO,120,"00:18:43","1000221551","02:15:58"
"1000221551",2026-08-27,10,EYU3702E3,PEDRO,134,"00:27:31","1000221551","02:15:58"
"1000221551",2026-08-27,10,EYU3702E1,EMANUEL,100,"00:09:17","1000221551","02:15:58"
"1000221546",2026-08-27,9,EYU3356COMODATO,LUCAS,21,"00:00:22","1000221546","01:50:52"
"1000221546",2026-08-27,9,EYU3356E4,EMANUEL,78,"00:09:39","1000221546","01:50:52"
"1000221546",2026-08-27,9,EYU3356D4,LUCAS,42,"00:02:39","1000221546","01:50:52"
"1000221546",2026-08-27,9,EYU3356E2,EMANUEL,45,"00:01:22","1000221546","01:50:52"
"1000221546",2026-08-27,9,EYU3356D3,LEONARDO,93,"00:18:08","1000221546","01:50:52"
"1000221546",2026-08-27,9,EYU3356E1,JOSÉ,97,"00:23:37","1000221546","01:50:52"
"1000221546",2026-08-27,9,EYU3356E5,PEDRO,111,"00:18:06","1000221546","01:50:52"
"1000221546",2026-08-27,9,EYU3356E3,LUCAS,145,"00:18:27","1000221546","01:50:52"
"1000221546",2026-08-27,9,EYU3356D2,EMANUEL,148,"00:18:32","1000221546","01:50:52"
"1000221529",2026-08-28,8,DBC8720D1,ROADSHOW,56,"00:00:24","1000221529","00:04:31"
"1000221529",2026-08-28,8,DBC8720E3,ROADSHOW,141,"00:00:17","1000221529","00:04:31"
"1000221529",2026-08-28,8,DBC8720E4,ROADSHOW,155,"00:00:13","1000221529","00:04:31"
"1000221529",2026-08-28,8,DBC8720E2,ROADSHOW,27,"00:00:54","1000221529","00:04:31"
"1000221529",2026-08-28,8,DBC8720D2,ROADSHOW,29,"00:00:45","1000221529","00:04:31"
"1000221529",2026-08-28,8,DBC8720D3,ROADSHOW,30,"00:00:47","1000221529","00:04:31"
"1000221529",2026-08-28,8,DBC8720D4,ROADSHOW,43,"00:00:58","1000221529","00:04:31"
"1000221529",2026-08-28,8,DBC8720E1,ROADSHOW,38,"00:00:13","1000221529","00:04:31"
"1000221401",2026-08-28,4,CPJ1392D2,SEBASTIÃO,4,"00:00:46","1000221401","00:01:35"
"1000221401",2026-08-28,4,CPJ1392E1,SEBASTIÃO,1,"00:00:10","1000221401","00:01:35"
"1000221401",2026-08-28,4,CPJ1392D1,SEBASTIÃO,4,"00:00:07","1000221401","00:01:35"
"1000221401",2026-08-28,4,CPJ1392E2,SEBASTIÃO,4,"00:00:32","1000221401","00:01:35"
"1000222216",2026-09-02,1,EYU3376D1,LUCAS,55,"00:13:13","1000222216","00:13:13"
"1000222738",2026-09-02,7,EYU3376E2,EMANUEL,68,"00:15:37","1000222738","01:49:27"
"1000222738",2026-09-02,7,EYU3376E4,LUCAS,69,"00:25:09","1000222738","01:49:27"
"1000222738",2026-09-02,7,EYU3376D3,PEDRO,58,"00:16:38","1000222738","01:49:27"
"1000222738",2026-09-02,7,EYU3376E1,EMANUEL,175,"00:21:41","1000222738","01:49:27"
"1000222738",2026-09-02,7,EYU3376D4,LEONARDO,39,"00:05:11","1000222738","01:49:27"
"1000222738",2026-09-02,7,EYU3376D1,LEONARDO,96,"00:20:19","1000222738","01:49:27"
"1000222738",2026-09-02,7,EYU3376D2,EMANUEL,40,"00:04:52","1000222738","01:49:27"
"1000222733",2026-09-02,9,EYU3361E2,LUCAS,109,"00:15:56","1000222733","01:16:17"
"1000222733",2026-09-02,9,EYU3361E3,PEDRO,1,"00:00:03","1000222733","01:16:17"
"1000222733",2026-09-02,9,EYU3361E5,EMANUEL,20,"00:01:11","1000222733","01:16:17"
"1000222733",2026-09-02,9,EYU3361D4,LUCAS,35,"00:09:51","1000222733","01:16:17"
"1000222733",2026-09-02,9,EYU3361E4,PEDRO,37,"00:04:40","1000222733","01:16:17"
"1000222733",2026-09-02,9,EYU3361D3,LUCAS,64,"00:23:20","1000222733","01:16:17"
"1000222733",2026-09-02,9,EYU3361D5,EMANUEL,63,"00:11:17","1000222733","01:16:17"
"1000222733",2026-09-02,9,EYU3361D2,PEDRO,56,"00:00:44","1000222733","01:16:17"
"1000222733",2026-09-02,9,EYU3361E1,JOSÉ,78,"00:09:15","1000222733","01:16:17"
"1000222148",2026-09-02,7,GBF4177COMODATO,Pedro A.,172,"00:00:56","1000222148","00:32:43"
"1000222148",2026-09-02,7,GBF4177E3,,48,,"1000222148","00:32:43"
"1000222148",2026-09-02,7,GBF4177D4,Fábio A.,66,"00:18:55","1000222148","00:32:43"
"1000222148",2026-09-02,7,GBF4177D3,Pedro A.,243,"00:12:52","1000222148","00:32:43"
"1000222148",2026-09-02,7,GBF4177E5,,6,,"1000222148","00:32:43"
"1000222148",2026-09-02,7,GBF4177E4,,33,,"1000222148","00:32:43"
"1000222148",2026-09-02,7,GBF4177D5,,87,,"1000222148","00:32:43"
"1000223079",2026-09-04,5,FQU8482COMODATO,LUCAS,88,"00:14:38","1000223079","01:18:17"
"1000223079",2026-09-04,5,FQU8482D3,LUCAS,42,"00:16:29","1000223079","01:18:17"
"1000223079",2026-09-04,5,FQU8482D2,EMANUEL,80,"00:21:38","1000223079","01:18:17"
"1000223079",2026-09-04,5,FQU8482D1,LEONARDO,189,"00:24:54","1000223079","01:18:17"
"1000223079",2026-09-04,5,FQU8482E1,JOSÉ,53,"00:00:38","1000223079","01:18:17"
"1000223078",2026-09-04,7,GDB5855D5,LUCAS,46,"00:11:38","1000223078","02:24:59"
"1000223078",2026-09-04,7,GDB5855D1,EMANUEL,57,"00:03:32","1000223078","02:24:59"
"1000223078",2026-09-04,7,GDB5855D3,LEONARDO,115,"00:42:48","1000223078","02:24:59"
"1000223078",2026-09-04,7,GDB5855D2,JOSÉ,229,"01:14:37","1000223078","02:24:59"
"1000223078",2026-09-04,7,GDB5855E5,EMANUEL,23,"00:00:50","1000223078","02:24:59"
"1000223078",2026-09-04,7,GDB5855E2,LUCAS,28,"00:04:00","1000223078","02:24:59"
"1000223078",2026-09-04,7,GDB5855E1,LUCAS,76,"00:07:34","1000223078","02:24:59"
"1000222891",2026-09-04,6,EYU3363E1,LEONARDO,185,"00:26:34","1000222891","01:30:18"
"1000222891",2026-09-04,6,EYU3363D4,EMANUEL,31,"00:09:35","1000222891","01:30:18"
"1000222891",2026-09-04,6,EYU3363E3,EMANUEL,47,"00:13:57","1000222891","01:30:18"
"1000222891",2026-09-04,6,EYU3363D2,LUCAS,18,"00:04:30","1000222891","01:30:18"
"1000222891",2026-09-04,6,EYU3363E2,LUCAS,39,"00:13:48","1000222891","01:30:18"
"1000222891",2026-09-04,6,EYU3363D1,JOSÉ,100,"00:21:54","1000222891","01:30:18"
"1000222892",2026-09-04,7,EYU3361E4,EMANUEL,96,"00:21:38","1000222892","01:59:45"
"1000222892",2026-09-04,7,EYU3361D4,LUCAS,69,"00:19:37","1000222892","01:59:45"
"1000222892",2026-09-04,7,EYU3361D3,JOSÉ,99,"00:15:49","1000222892","01:59:45"
"1000222892",2026-09-04,7,EYU3361E1,LUCAS,100,"00:16:21","1000222892","01:59:45"
"1000222892",2026-09-04,7,EYU3361E2,LEONARDO,191,"00:43:41","1000222892","01:59:45"
"1000222892",2026-09-04,7,EYU3361D5,JOSÉ,25,"00:00:36","1000222892","01:59:45"
"1000222892",2026-09-04,7,EYU3361D2,LUCAS,68,"00:02:03","1000222892","01:59:45"
"1000222201",2026-09-04,2,DBC8725E1,LEONARDO,24,"00:10:28","1000222201","00:21:47"
"1000222201",2026-09-04,2,DBC8725D1,LUCAS,40,"00:11:19","1000222201","00:21:47"
"1000222893",2026-09-04,6,DBC8717E1,LEONARDO,55,"00:01:36","1000222893","01:18:23"
"1000222893",2026-09-04,6,DBC8717D4,JOSÉ,34,"00:09:11","1000222893","01:18:23"
"1000222893",2026-09-04,6,DBC8717E2,LUCAS,96,"00:15:38","1000222893","01:18:23"
"1000222893",2026-09-04,6,DBC8717D1,LEONARDO,100,"00:12:47","1000222893","01:18:23"
"1000222893",2026-09-04,6,DBC8717D2,EMANUEL,173,"00:25:27","1000222893","01:18:23"
"1000222893",2026-09-04,6,DBC8717E3,EMANUEL,69,"00:13:44","1000222893","01:18:23"
"1000222307",2026-09-04,2,DBC8725E1,LUCAS,8,"00:07:19","1000222307","00:07:36"
"1000222307",2026-09-04,2,DBC8725D1,JOSÉ,47,"00:00:17","1000222307","00:07:36"
"1000222906",2026-09-04,5,EYU3703D2,JOSÉ,130,"00:24:20","1000222906","01:34:04"
"1000222906",2026-09-04,5,EYU3703E2,LUCAS,128,"00:31:23","1000222906","01:34:04"
"1000222906",2026-09-04,5,EYU3703E3,JOSÉ,59,"00:09:53","1000222906","01:34:04"
"1000222906",2026-09-04,5,EYU3703E4,EMANUEL,1,"00:01:00","1000222906","01:34:04"
"1000222906",2026-09-04,5,EYU3703E1,LEONARDO,97,"00:27:28","1000222906","01:34:04"
"1000221689",2026-09-04,2,DBC8722E1,EMANUEL,56,"00:03:28","1000221689","00:04:52"
"1000221689",2026-09-04,2,DBC8722D2,EMANUEL,14,"00:01:24","1000221689","00:04:52"
"1000221688",2026-09-04,2,DBC8722E1,EMANUEL,8,"00:01:39","1000221688","00:02:09"
"1000221688",2026-09-04,2,DBC8722D1,EMANUEL,8,"00:00:30","1000221688","00:02:09"
"1000222215",2026-09-04,1,EYU3705E1,LUCAS,19,"00:01:01","1000222215","00:01:01"
"1000223077",2026-09-04,5,EYU3705D1,LEONARDO,70,"00:00:32","1000223077","01:48:52"
"1000223077",2026-09-04,5,EYU3705E4,EMANUEL,26,"00:01:27","1000223077","01:48:52"
"1000223077",2026-09-04,5,EYU3705E2,LEONARDO,91,"00:30:24","1000223077","01:48:52"
"1000223077",2026-09-04,5,EYU3705D2,EMANUEL,113,"00:32:22","1000223077","01:48:52"
"1000223077",2026-09-04,5,EYU3705E1,LUCAS,158,"00:44:07","1000223077","01:48:52"
"1000221687",2026-09-04,2,DBC8722E1,LUCAS,4,"00:06:22","1000221687","00:08:04"
"1000221687",2026-09-04,2,DBC8722D1,LUCAS,4,"00:01:42","1000221687","00:08:04"
"1000222894",2026-09-04,5,EYU3356D3,EMANUEL,76,"00:17:45","1000222894","01:26:28"
"1000222894",2026-09-04,5,EYU3356D1,LEONARDO,100,"00:10:32","1000222894","01:26:28"
"1000222894",2026-09-04,5,EYU3356D2,LEONARDO,55,"00:04:29","1000222894","01:26:28"
"1000222894",2026-09-04,5,EYU3356E1,LUCAS,191,"00:31:13","1000222894","01:26:28"
"1000222894",2026-09-04,5,EYU3356E2,JOSÉ,95,"00:22:29","1000222894","01:26:28"
"1000223082",2026-09-04,8,FCX9994D2,EMANUEL,160,"00:14:47","1000223082","02:01:15"
"1000223082",2026-09-04,8,FCX9994E1,LEONARDO,32,"00:02:04","1000223082","02:01:15"
"1000223082",2026-09-04,8,FCX9994E4,LEONARDO,32,"00:06:47","1000223082","02:01:15"
"1000223082",2026-09-04,8,FCX9994D1,LEONARDO,80,"00:04:26","1000223082","02:01:15"
"1000223082",2026-09-04,8,FCX9994E5,LUCAS,113,"00:21:46","1000223082","02:01:15"
"1000223082",2026-09-04,8,FCX9994E3,JOSÉ,143,"00:54:03","1000223082","02:01:15"
"1000223082",2026-09-04,8,FCX9994D4,LEONARDO,44,"00:01:49","1000223082","02:01:15"
"1000223082",2026-09-04,8,FCX9994E2,EMANUEL,59,"00:15:33","1000223082","02:01:15"
"1000223081",2026-09-04,6,DBC8725D3,LEONARDO,33,"00:12:03","1000223081","01:27:21"
"1000223081",2026-09-04,6,DBC8725D2,LEONARDO,38,"00:00:56","1000223081","01:27:21"
"1000223081",2026-09-04,6,DBC8725E3,LUCAS,81,"00:22:20","1000223081","01:27:21"
"1000223081",2026-09-04,6,DBC8725E1,EMANUEL,93,"00:29:26","1000223081","01:27:21"
"1000223081",2026-09-04,6,DBC8725E2,LEONARDO,110,"00:15:49","1000223081","01:27:21"
"1000223081",2026-09-04,6,DBC8725D1,LUCAS,157,"00:06:47","1000223081","01:27:21"
"1000223075",2026-09-04,8,EYU3702E4,LEONARDO,96,"00:24:08","1000223075","01:59:42"
"1000223075",2026-09-04,8,EYU3702D2,LUCAS,184,"00:32:11","1000223075","01:59:42"
"1000223075",2026-09-04,8,EYU3702E1,LUCAS,80,"00:01:48","1000223075","01:59:42"
"1000223075",2026-09-04,8,EYU3702D3,LEONARDO,47,"00:18:12","1000223075","01:59:42"
"1000223075",2026-09-04,8,EYU3702E3,LUCAS,29,"00:08:55","1000223075","01:59:42"
"1000223075",2026-09-04,8,EYU3702D4,LUCAS,6,"00:01:19","1000223075","01:59:42"
"1000223075",2026-09-04,8,EYU3702E2,LUCAS,86,"00:16:28","1000223075","01:59:42"
"1000223075",2026-09-04,8,EYU3702D1,LEONARDO,100,"00:16:41","1000223075","01:59:42"
"1000223080",2026-09-04,4,DBC8717D4,LEONARDO,10,"00:07:46","1000223080","00:53:56"
"1000223080",2026-09-04,4,DBC8717D2,LEONARDO,15,"00:00:16","1000223080","00:53:56"
"1000223080",2026-09-04,4,DBC8717D1,EMANUEL,108,"00:22:13","1000223080","00:53:56"
"1000223080",2026-09-04,4,DBC8717E1,LUCAS,135,"00:23:41","1000223080","00:53:56"
"1000222746",2026-09-03,3,EYU3705E1,LUCAS,56,"00:11:45","1000222746","00:20:37"
"1000222746",2026-09-03,3,EYU3705D1,EMANUEL,45,"00:07:40","1000222746","00:20:37"
"1000222746",2026-09-03,3,EYU3705D2,EMANUEL,4,"00:01:12","1000222746","00:20:37"
"1000222899",2026-09-03,4,EYU3372E1,LUCAS,112,"00:42:21","1000222899","01:47:25"
"1000222899",2026-09-03,4,EYU3372E2,EMANUEL,14,"00:01:59","1000222899","01:47:25"
"1000222899",2026-09-03,4,EYU3372D3,LEONARDO,58,"00:32:02","1000222899","01:47:25"
"1000222899",2026-09-03,4,EYU3372D1,EMANUEL,180,"00:31:03","1000222899","01:47:25"
"1000222898",2026-09-03,7,EYU3371COMODATO,LUCAS,52,"00:12:26","1000222898","01:46:21"
"1000222898",2026-09-03,7,EYU3371D2,LUCAS,99,"00:07:07","1000222898","01:46:21"
"1000222898",2026-09-03,7,EYU3371D4,EMANUEL,46,"00:00:54","1000222898","01:46:21"
"1000222898",2026-09-03,7,EYU3371D5,EMANUEL,71,"00:12:09","1000222898","01:46:21"
"1000222898",2026-09-03,7,EYU3371D3,LEONARDO,192,"00:52:48","1000222898","01:46:21"
"1000222898",2026-09-03,7,EYU3371E2,LUCAS,58,"00:01:05","1000222898","01:46:21"
"1000222898",2026-09-03,7,EYU3371E3,JOSÉ,82,"00:19:52","1000222898","01:46:21"
"1000222727",2026-09-03,5,FQU8482E2,LUCAS,64,"00:14:05","1000222727","01:20:39"
"1000222727",2026-09-03,5,FQU8482E1,JOSÉ,32,"00:01:26","1000222727","01:20:39"
"1000222727",2026-09-03,5,FQU8482E3,EMANUEL,98,"00:22:29","1000222727","01:20:39"
"1000222727",2026-09-03,5,FQU8482D2,JOSÉ,156,"00:25:23","1000222727","01:20:39"
"1000222727",2026-09-03,5,FQU8482D1,JOSÉ,74,"00:17:16","1000222727","01:20:39"
"1000222304",2026-09-03,1,GDB5855D1,LUCAS,50,"00:15:03","1000222304","00:15:03"
"1000222730",2026-09-03,5,EYU3705D2,JOSÉ,38,"00:14:34","1000222730","01:59:35"
"1000222730",2026-09-03,5,EYU3705E2,JOSÉ,137,"00:33:58","1000222730","01:59:35"
"1000222730",2026-09-03,5,EYU3705D1,LEONARDO,204,"01:07:11","1000222730","01:59:35"
"1000222730",2026-09-03,5,EYU3705E3,EMANUEL,9,"00:02:47","1000222730","01:59:35"
"1000222730",2026-09-03,5,EYU3705D3,LUCAS,3,"00:01:05","1000222730","01:59:35"
"1000222904",2026-09-03,4,FCX9994D2,EMANUEL,35,"00:18:36","1000222904","00:55:13"
"1000222904",2026-09-03,4,FCX9994D1,LUCAS,95,"00:27:22","1000222904","00:55:13"
"1000222904",2026-09-03,4,FCX9994D3,LEONARDO,12,"00:05:29","1000222904","00:55:13"
"1000222904",2026-09-03,4,FCX9994E1,LEONARDO,12,"00:03:46","1000222904","00:55:13"
"1000222208",2026-09-03,1,GDB5855E1,EMANUEL,14,"00:03:09","1000222208","00:03:09"
"1000222903",2026-09-03,4,DBC8717E2,JOSÉ,36,"00:09:44","1000222903","00:53:27"
"1000222903",2026-09-03,4,DBC8717D2,LEONARDO,109,"00:21:34","1000222903","00:53:27"
"1000222903",2026-09-03,4,DBC8717E1,EMANUEL,56,"00:00:35","1000222903","00:53:27"
"1000222903",2026-09-03,4,DBC8717D1,LUCAS,88,"00:21:34","1000222903","00:53:27"
"1000222901",2026-09-03,4,EYU3376D1,EMANUEL,110,"00:24:34","1000222901","01:24:52"
"1000222901",2026-09-03,4,EYU3376E3,LEONARDO,6,"00:01:06","1000222901","01:24:52"
"1000222901",2026-09-03,4,EYU3376E1,LUCAS,86,"00:15:34","1000222901","01:24:52"
"1000222901",2026-09-03,4,EYU3376D2,JOSÉ,114,"00:43:38","1000222901","01:24:52"
"1000222731",2026-09-03,5,EYU3372E2,LEONARDO,67,"00:12:31","1000222731","01:21:33"
"1000222731",2026-09-03,5,EYU3372D1,EMANUEL,190,"00:22:00","1000222731","01:21:33"
"1000222731",2026-09-03,5,EYU3372D4,JOSÉ,47,"00:25:08","1000222731","01:21:33"
"1000222731",2026-09-03,5,EYU3372E1,LUCAS,96,"00:20:50","1000222731","01:21:33"
"1000222731",2026-09-03,5,EYU3372D2,EMANUEL,18,"00:01:04","1000222731","01:21:33"
"1000222210",2026-09-03,4,GDB5855D3,EMANUEL,156,"00:09:57","1000222210","00:22:32"
"1000222210",2026-09-03,4,GDB5855E2,EMANUEL,100,"00:06:29","1000222210","00:22:32"
"1000222210",2026-09-03,4,GDB5855D4,LUCAS,2,"00:00:50","1000222210","00:22:32"
"1000222210",2026-09-03,4,GDB5855E3,LEONARDO,44,"00:05:16","1000222210","00:22:32"
"1000222732",2026-09-03,5,EYU3705E4,EMANUEL,87,"00:16:46","1000222732","00:59:26"
"1000222732",2026-09-03,5,EYU3705D2,LEONARDO,50,"00:20:00","1000222732","00:59:26"
"1000222732",2026-09-03,5,EYU3705D1,LEONARDO,117,"00:14:54","1000222732","00:59:26"
"1000222732",2026-09-03,5,EYU3705E1,LUCAS,30,"00:02:10","1000222732","00:59:26"
"1000222732",2026-09-03,5,EYU3705E3,JOSÉ,9,"00:05:36","1000222732","00:59:26"
"1000222724",2026-09-03,8,EYU3703E2,EMANUEL,196,"00:16:16","1000222724","02:08:21"
"1000222724",2026-09-03,8,EYU3703E3,LUCAS,125,"00:28:12","1000222724","02:08:21"
"1000222724",2026-09-03,8,EYU3703D2,JOSÉ,99,"00:26:11","1000222724","02:08:21"
"1000222724",2026-09-03,8,EYU3703E4,LUCAS,34,"00:07:42","1000222724","02:08:21"
"1000222724",2026-09-03,8,EYU3703E1,LEONARDO,73,"00:01:11","1000222724","02:08:21"
"1000222724",2026-09-03,8,EYU3703D4,LEONARDO,45,"00:16:53","1000222724","02:08:21"
"1000222724",2026-09-03,8,EYU3703E5,LEONARDO,47,"00:02:46","1000222724","02:08:21"
"1000222724",2026-09-03,8,EYU3703D3,EMANUEL,70,"00:29:10","1000222724","02:08:21"
"1000222902",2026-09-03,2,FQU8482E1,EMANUEL,1,"00:01:04","1000222902","00:09:31"
"1000222902",2026-09-03,2,FQU8482D1,EMANUEL,17,"00:08:27","1000222902","00:09:31"
"1000222729",2026-09-03,4,DBC8717D3,EMANUEL,18,"00:01:57","1000222729","00:48:42"
"1000222729",2026-09-03,4,DBC8717D2,EMANUEL,50,"00:07:32","1000222729","00:48:42"
"1000222729",2026-09-03,4,DBC8717E1,LUCAS,57,"00:22:38","1000222729","00:48:42"
"1000222729",2026-09-03,4,DBC8717E2,LEONARDO,52,"00:16:35","1000222729","00:48:42"
"1000222900",2026-09-03,6,EYU3702E1,LEONARDO,204,"00:41:26","1000222900","02:57:38"
"1000222900",2026-09-03,6,EYU3702D4,JOSÉ,102,"00:35:02","1000222900","02:57:38"
"1000222900",2026-09-03,6,EYU3702D3,LUCAS,69,"01:02:08","1000222900","02:57:38"
"1000222900",2026-09-03,6,EYU3702E3,EMANUEL,26,"00:15:57","1000222900","02:57:38"
"1000222900",2026-09-03,6,EYU3702D2,EMANUEL,55,"00:01:34","1000222900","02:57:38"
"1000222900",2026-09-03,6,EYU3702D1,LEONARDO,100,"00:21:31","1000222900","02:57:38"
"1000222722",2026-09-03,7,FOL2114E2,Fábio A.,49,"00:00:10","1000222722","00:09:40"
"1000222722",2026-09-03,7,FOL2114D2,,20,,"1000222722","00:09:40"
"1000222722",2026-09-03,7,FOL2114E3,,17,,"1000222722","00:09:40"
"1000222722",2026-09-03,7,FOL2114E1,Fábio A.,26,"00:09:09","1000222722","00:09:40"
"1000222722",2026-09-03,7,FOL2114D3,,47,,"1000222722","00:09:40"
"1000222722",2026-09-03,7,FOL2114D1,Pedro A.,65,"00:00:08","1000222722","00:09:40"
"1000222722",2026-09-03,7,FOL2114D4,Fábio A.,43,"00:00:13","1000222722","00:09:40"
"1000223612",2026-09-09,7,FQU8482D3,PEDRO,13,"00:05:23","1000223612","01:23:55"
"1000223612",2026-09-09,7,FQU8482E2,LEONARDO,97,"00:09:21","1000223612","01:23:55"
"1000223612",2026-09-09,7,FQU8482E3,EMANUEL,7,"00:04:48","1000223612","01:23:55"
"1000223612",2026-09-09,7,FQU8482E1,LUCAS,57,"00:11:31","1000223612","01:23:55"
"1000223612",2026-09-09,7,FQU8482D2,PEDRO,21,"00:01:22","1000223612","01:23:55"
"1000223612",2026-09-09,7,FQU8482COMODATO,LEONARDO,18,"00:05:01","1000223612","01:23:55"
"1000223612",2026-09-09,7,FQU8482D1,JOSÉ,239,"00:46:29","1000223612","01:23:55"
"1000223604",2026-09-09,9,EYU3361D4,LUCAS,39,"00:08:55","1000223604","01:48:50"
"1000223604",2026-09-09,9,EYU3361D5,LEONARDO,54,"00:11:49","1000223604","01:48:50"
"1000223604",2026-09-09,9,EYU3361E4,EMANUEL,43,"00:07:55","1000223604","01:48:50"
"1000223604",2026-09-09,9,EYU3361E5,JOSÉ,184,"00:29:19","1000223604","01:48:50"
"1000223604",2026-09-09,9,EYU3361E1,PEDRO,100,"00:18:57","1000223604","01:48:50"
"1000223604",2026-09-09,9,EYU3361D3,LUCAS,51,"00:08:07","1000223604","01:48:50"
"1000223604",2026-09-09,9,EYU3361E3,EMANUEL,79,"00:17:02","1000223604","01:48:50"
"1000223604",2026-09-09,9,EYU3361E2,LEONARDO,57,"00:01:27","1000223604","01:48:50"
"1000223604",2026-09-09,9,EYU3361D2,LEONARDO,180,"00:05:19","1000223604","01:48:50"
"1000223610",2026-09-09,9,EYU3705D4,LUCAS,67,"00:14:11","1000223610","01:57:47"
"1000223610",2026-09-09,9,EYU3705COMODATO,EMANUEL,27,"00:06:07","1000223610","01:57:47"
"1000223610",2026-09-09,9,EYU3705D5,EMANUEL,30,"00:01:02","1000223610","01:57:47"
"1000223610",2026-09-09,9,EYU3705E3,EMANUEL,39,"00:00:52","1000223610","01:57:47"
"1000223610",2026-09-09,9,EYU3705E2,LEONARDO,178,"00:29:53","1000223610","01:57:47"
"1000223610",2026-09-09,9,EYU3705E1,LUCAS,137,"00:09:59","1000223610","01:57:47"
"1000223610",2026-09-09,9,EYU3705D3,JOSÉ,83,"00:19:37","1000223610","01:57:47"
"1000223610",2026-09-09,9,EYU3705E5,PEDRO,133,"00:24:55","1000223610","01:57:47"
"1000223610",2026-09-09,9,EYU3705D2,EMANUEL,84,"00:11:11","1000223610","01:57:47"
"1000223611",2026-09-09,7,GDB5855D4,LUCAS,120,"00:09:20","1000223611","00:56:42"
"1000223611",2026-09-09,7,GDB5855COMODATO,LEONARDO,30,"00:05:30","1000223611","00:56:42"
"1000223611",2026-09-09,7,GDB5855E5,LEONARDO,1,"00:02:07","1000223611","00:56:42"
"1000223611",2026-09-09,7,GDB5855D3,EMANUEL,100,"00:21:55","1000223611","00:56:42"
"1000223611",2026-09-09,7,GDB5855E4,JOSÉ,18,"00:03:47","1000223611","00:56:42"
"1000223611",2026-09-09,7,GDB5855D5,LUCAS,14,"00:03:22","1000223611","00:56:42"
"1000223611",2026-09-09,7,GDB5855E3,PEDRO,64,"00:10:41","1000223611","00:56:42"
"1000223606",2026-09-09,7,EYU3371D3,EMANUEL,108,"00:17:34","1000223606","01:27:21"
"1000223606",2026-09-09,7,EYU3371D2,JOSÉ,172,"00:42:15","1000223606","01:27:21"
"1000223606",2026-09-09,7,EYU3371E1,LEONARDO,61,"00:01:06","1000223606","01:27:21"
"1000223606",2026-09-09,7,EYU3371E2,LUCAS,56,"00:11:47","1000223606","01:27:21"
"1000223606",2026-09-09,7,EYU3371D4,LEONARDO,24,"00:05:01","1000223606","01:27:21"
"1000223606",2026-09-09,7,EYU3371E4,LEONARDO,27,"00:01:45","1000223606","01:27:21"
"1000223606",2026-09-09,7,EYU3371E3,PEDRO,34,"00:07:53","1000223606","01:27:21"
"1000223607",2026-09-09,8,EYU3372D1,PEDRO,258,"00:23:58","1000223607","01:38:03"
"1000223607",2026-09-09,8,EYU3372E3,LEONARDO,28,"00:07:51","1000223607","01:38:03"
"1000223607",2026-09-09,8,EYU3372D4,JOSÉ,29,"00:05:39","1000223607","01:38:03"
"1000223607",2026-09-09,8,EYU3372D2,EMANUEL,47,"00:01:35","1000223607","01:38:03"
"1000223607",2026-09-09,8,EYU3372D3,PEDRO,33,"00:07:39","1000223607","01:38:03"
"1000223607",2026-09-09,8,EYU3372E2,EMANUEL,154,"00:16:35","1000223607","01:38:03"
"1000223607",2026-09-09,8,EYU3372E4,LUCAS,173,"00:23:55","1000223607","01:38:03"
"1000223607",2026-09-09,8,EYU3372E1,LEONARDO,100,"00:10:51","1000223607","01:38:03"
"1000223608",2026-09-09,9,EYU3702D5,LUCAS,143,"00:16:49","1000223608","01:47:40"
"1000223608",2026-09-09,9,EYU3702E2,EMANUEL,143,"00:15:25","1000223608","01:47:40"
"1000223608",2026-09-09,9,EYU3702E3,LUCAS,54,"00:11:39","1000223608","01:47:40"
"1000223608",2026-09-09,9,EYU3702E5,EMANUEL,65,"00:02:14","1000223608","01:47:40"
"1000223608",2026-09-09,9,EYU3702E1,JOSÉ,100,"00:05:57","1000223608","01:47:40"
"1000223608",2026-09-09,9,EYU3702D2,PEDRO,100,"00:18:36","1000223608","01:47:40"
"1000223608",2026-09-09,9,EYU3702D3,EMANUEL,71,"00:10:50","1000223608","01:47:40"
"1000223608",2026-09-09,9,EYU3702COMODATO,LEONARDO,82,"00:13:36","1000223608","01:47:40"
"1000223608",2026-09-09,9,EYU3702D4,JOSÉ,52,"00:12:34","1000223608","01:47:40"
"1000223609",2026-09-09,10,EYU3703E1,EMANUEL,100,"00:15:52","1000223609","02:01:11"
"1000223609",2026-09-09,10,EYU3703E5,PEDRO,228,"00:22:10","1000223609","02:01:11"
"1000223609",2026-09-09,10,EYU3703D4,JOSÉ,88,"00:26:22","1000223609","02:01:11"
"1000223609",2026-09-09,10,EYU3703COMODATO,LEONARDO,41,"00:06:59","1000223609","02:01:11"
"1000223609",2026-09-09,10,EYU3703E3,EMANUEL,26,"00:10:10","1000223609","02:01:11"
"1000223609",2026-09-09,10,EYU3703E4,LUCAS,25,"00:01:58","1000223609","02:01:11"
"1000223609",2026-09-09,10,EYU3703D2,PEDRO,26,"00:01:01","1000223609","02:01:11"
"1000223609",2026-09-09,10,EYU3703D3,LUCAS,138,"00:20:30","1000223609","02:01:11"
"1000223609",2026-09-09,10,EYU3703E2,LEONARDO,153,"00:08:53","1000223609","02:01:11"
"1000223609",2026-09-09,10,EYU3703D1,LEONARDO,64,"00:07:16","1000223609","02:01:11"
"1000223614",2026-09-09,8,FCX9994D5,LEONARDO,152,"00:20:38","1000223614","02:10:29"
"1000223614",2026-09-09,8,FCX9994D2,JOSÉ,100,"00:19:00","1000223614","02:10:29"
"1000223614",2026-09-09,8,FCX9994E4,PEDRO,111,"00:23:27","1000223614","02:10:29"
"1000223614",2026-09-09,8,FCX9994E1,PEDRO,184,"00:23:10","1000223614","02:10:29"
"1000223614",2026-09-09,8,FCX9994D4,LUCAS,79,"00:14:11","1000223614","02:10:29"
"1000223614",2026-09-09,8,FCX9994D3,EMANUEL,163,"00:19:34","1000223614","02:10:29"
"1000223614",2026-09-09,8,FCX9994E3,EMANUEL,59,"00:09:43","1000223614","02:10:29"
"1000223614",2026-09-09,8,FCX9994E2,LEONARDO,60,"00:00:46","1000223614","02:10:29"
"1000223605",2026-09-09,9,EYU3363D2,LUCAS,67,"00:02:05","1000223605","02:10:33"
"1000223605",2026-09-09,9,EYU3363D1,PEDRO,205,"00:36:32","1000223605","02:10:33"
"1000223605",2026-09-09,9,EYU3363D4,EMANUEL,31,"00:08:30","1000223605","02:10:33"
"1000223605",2026-09-09,9,EYU3363E4,LEONARDO,11,"00:00:55","1000223605","02:10:33"
"1000223605",2026-09-09,9,EYU3363D5,LEONARDO,182,"00:23:32","1000223605","02:10:33"
"1000223605",2026-09-09,9,EYU3363D3,LUCAS,37,"00:12:54","1000223605","02:10:33"
"1000223605",2026-09-09,9,EYU3363E2,LUCAS,57,"00:13:20","1000223605","02:10:33"
"1000223605",2026-09-09,9,EYU3363E1,JOSÉ,100,"00:20:24","1000223605","02:10:33"
"1000223605",2026-09-09,9,EYU3363E3,EMANUEL,43,"00:12:21","1000223605","02:10:33"
"1000223603",2026-09-09,9,EYU3356D2,JOSÉ,72,"00:15:00","1000223603","01:55:08"
"1000223603",2026-09-09,9,EYU3356D4,PEDRO,144,"00:21:32","1000223603","01:55:08"
"1000223603",2026-09-09,9,EYU3356E4,LUCAS,154,"00:26:05","1000223603","01:55:08"
"1000223603",2026-09-09,9,EYU3356D3,EMANUEL,54,"00:02:17","1000223603","01:55:08"
"1000223603",2026-09-09,9,EYU3356E2,LEONARDO,110,"00:16:37","1000223603","01:55:08"
"1000223603",2026-09-09,9,EYU3356E3,EMANUEL,72,"00:13:33","1000223603","01:55:08"
"1000223603",2026-09-09,9,EYU3356E1,LUCAS,63,"00:04:58","1000223603","01:55:08"
"1000223603",2026-09-09,9,EYU3356D5,EMANUEL,47,"00:08:31","1000223603","01:55:08"
"1000223603",2026-09-09,9,EYU3356E5,LEONARDO,44,"00:06:35","1000223603","01:55:08"
"1000223613",2026-09-09,8,DBC8725D1,PEDRO,166,"00:26:11","1000223613","02:04:22"
"1000223613",2026-09-09,8,DBC8725E4,LUCAS,109,"00:17:14","1000223613","02:04:22"
"1000223613",2026-09-09,8,DBC8725E1,LEONARDO,69,"00:09:38","1000223613","02:04:22"
"1000223613",2026-09-09,8,DBC8725D3,EMANUEL,102,"00:17:20","1000223613","02:04:22"
"1000223613",2026-09-09,8,DBC8725E2,LEONARDO,94,"00:09:42","1000223613","02:04:22"
"1000223613",2026-09-09,8,DBC8725D2,LEONARDO,23,"00:06:22","1000223613","02:04:22"
"1000223613",2026-09-09,8,DBC8725D4,LUCAS,49,"00:33:39","1000223613","02:04:22"
"1000223613",2026-09-09,8,DBC8725E3,EMANUEL,12,"00:04:16","1000223613","02:04:22"
"1000223786",2026-09-10,4,TMG6G62E1,LEONARDO,37,"00:24:00","1000223786","00:50:00"
"1000223786",2026-09-10,4,TMG6G62D2,EMANUEL,6,"00:00:05","1000223786","00:50:00"
"1000223786",2026-09-10,4,TMG6G62D1,EMANUEL,126,"00:06:59","1000223786","00:50:00"
"1000223786",2026-09-10,4,TMG6G62E2,PEDRO,127,"00:18:56","1000223786","00:50:00"
"1000223780",2026-09-10,8,EYU3371COMODATO,LUCAS,113,"00:16:55","1000223780","01:51:14"
"1000223780",2026-09-10,8,EYU3371D4,LEONARDO,55,"00:19:18","1000223780","01:51:14"
"1000223780",2026-09-10,8,EYU3371E3,EMANUEL,206,"00:29:40","1000223780","01:51:14"
"1000223780",2026-09-10,8,EYU3371E2,PEDRO,100,"00:13:57","1000223780","01:51:14"
"1000223780",2026-09-10,8,EYU3371D2,JOSÉ,68,"00:00:06","1000223780","01:51:14"
"1000223780",2026-09-10,8,EYU3371E1,LEONARDO,100,"00:22:22","1000223780","01:51:14"
"1000223780",2026-09-10,8,EYU3371D3,JOSÉ,49,"00:00:06","1000223780","01:51:14"
"1000223780",2026-09-10,8,EYU3371E5,JOSÉ,26,"00:08:50","1000223780","01:51:14"
"1000223782",2026-09-10,8,EYU3702D1,EMANUEL,179,"00:04:51","1000223782","06:13:02"
"1000223782",2026-09-10,8,EYU3702D4,EMANUEL,40,"00:13:08","1000223782","06:13:02"
"1000223782",2026-09-10,8,EYU3702E1,PEDRO,29,"00:06:49","1000223782","06:13:02"
"1000223782",2026-09-10,8,EYU3702E3,LUCAS,39,"00:17:00","1000223782","06:13:02"
"1000223782",2026-09-10,8,EYU3702E4,LUCAS,96,"00:07:35","1000223782","06:13:02"
"1000223782",2026-09-10,8,EYU3702E2,PEDRO,77,"00:07:12","1000223782","06:13:02"
"1000223782",2026-09-10,8,EYU3702D3,JOSÉ,69,"05:16:17","1000223782","06:13:02"
"1000223782",2026-09-10,8,EYU3702D2,EMANUEL,55,"00:00:10","1000223782","06:13:02"
"1000223598",2026-09-10,5,CMT0001E1,EMANUEL,165,"00:16:23","1000223598","00:44:13"
"1000223598",2026-09-10,5,CMT0001D1,PEDRO,83,"00:07:00","1000223598","00:44:13"
"1000223598",2026-09-10,5,CMT0001D3,EMANUEL,15,"00:03:32","1000223598","00:44:13"
"1000223598",2026-09-10,5,CMT0001E3,LUCAS,80,"00:08:29","1000223598","00:44:13"
"1000223598",2026-09-10,5,CMT0001D2,PEDRO,40,"00:08:49","1000223598","00:44:13"
"1000223784",2026-09-10,10,EYU3705D3,LEONARDO,110,"00:17:25","1000223784","02:14:41"
"1000223784",2026-09-10,10,EYU3705E4,PEDRO,34,"00:00:09","1000223784","02:14:41"
"1000223784",2026-09-10,10,EYU3705D4,LUCAS,192,"00:32:09","1000223784","02:14:41"
"1000223784",2026-09-10,10,EYU3705E5,LEONARDO,70,"00:15:36","1000223784","02:14:41"
"1000223784",2026-09-10,10,EYU3705D2,LUCAS,100,"00:16:10","1000223784","02:14:41"
"1000223784",2026-09-10,10,EYU3705E2,PEDRO,41,"00:01:34","1000223784","02:14:41"
"1000223784",2026-09-10,10,EYU3705D5,EMANUEL,42,"00:09:19","1000223784","02:14:41"
"1000223784",2026-09-10,10,EYU3705E1,EMANUEL,134,"00:14:43","1000223784","02:14:41"
"1000223784",2026-09-10,10,EYU3705D1,EMANUEL,100,"00:07:48","1000223784","02:14:41"
"1000223784",2026-09-10,10,EYU3705COMODATO,PEDRO,104,"00:19:48","1000223784","02:14:41"
"1000223599",2026-09-10,2,CMT0002D1,LEONARDO,7,"00:03:42","1000223599","00:06:35"
"1000223599",2026-09-10,2,CMT0002E1,LUCAS,10,"00:02:53","1000223599","00:06:35"
"1000223623",2026-09-10,5,CMT0008D3,EMANUEL,62,"00:12:29","1000223623","01:15:30"
"1000223623",2026-09-10,5,CMT0008E1,LUCAS,138,"00:18:35","1000223623","01:15:30"
"1000223623",2026-09-10,5,CMT0008E3,PEDRO,77,"00:17:09","1000223623","01:15:30"
"1000223623",2026-09-10,5,CMT0008D1,EMANUEL,100,"00:11:08","1000223623","01:15:30"
"1000223623",2026-09-10,5,CMT0008D2,LEONARDO,93,"00:16:09","1000223623","01:15:30"
"1000223783",2026-09-10,9,EYU3703E4,PEDRO,118,"00:17:53","1000223783","01:35:09"
"1000223783",2026-09-10,9,EYU3703D4,PEDRO,101,"00:13:09","1000223783","01:35:09"
"1000223783",2026-09-10,9,EYU3703E1,EMANUEL,97,"00:20:52","1000223783","01:35:09"
"1000223783",2026-09-10,9,EYU3703E3,LEONARDO,47,"00:07:35","1000223783","01:35:09"
"1000223783",2026-09-10,9,EYU3703D3,LUCAS,75,"00:17:19","1000223783","01:35:09"
"1000223783",2026-09-10,9,EYU3703D2,LEONARDO,186,"00:15:34","1000223783","01:35:09"
"1000223783",2026-09-10,9,EYU3703E2,LUCAS,78,"00:02:34","1000223783","01:35:09"
"1000223783",2026-09-10,9,EYU3703D5,EMANUEL,18,"00:00:08","1000223783","01:35:09"
"1000223783",2026-09-10,9,EYU3703COMODATO,EMANUEL,20,"00:00:05","1000223783","01:35:09"
"1000223778",2026-09-10,8,EYU3361E3,EMANUEL,149,"00:31:15","1000223778","01:58:07"
"1000223778",2026-09-10,8,EYU3361D3,LUCAS,117,"00:14:09","1000223778","01:58:07"
"1000223778",2026-09-10,8,EYU3361D2,PEDRO,144,"00:23:20","1000223778","01:58:07"
"1000223778",2026-09-10,8,EYU3361D1,LEONARDO,100,"00:10:24","1000223778","01:58:07"
"1000223778",2026-09-10,8,EYU3361E2,LUCAS,67,"00:14:59","1000223778","01:58:07"
"1000223778",2026-09-10,8,EYU3361E1,LEONARDO,80,"00:00:04","1000223778","01:58:07"
"1000223778",2026-09-10,8,EYU3361D4,LEONARDO,75,"00:23:47","1000223778","01:58:07"
"1000223778",2026-09-10,8,EYU3361E4,PEDRO,28,"00:00:09","1000223778","01:58:07"
"1000223779",2026-09-10,9,EYU3363E3,EMANUEL,151,"00:10:57","1000223779","01:37:58"
"1000223779",2026-09-10,9,EYU3363D4,LUCAS,37,"00:06:17","1000223779","01:37:58"
"1000223779",2026-09-10,9,EYU3363D2,LUCAS,52,"00:00:18","1000223779","01:37:58"
"1000223779",2026-09-10,9,EYU3363E1,PEDRO,107,"00:18:00","1000223779","01:37:58"
"1000223779",2026-09-10,9,EYU3363D3,EMANUEL,79,"00:17:10","1000223779","01:37:58"
"1000223779",2026-09-10,9,EYU3363D1,LEONARDO,74,"00:20:35","1000223779","01:37:58"
"1000223779",2026-09-10,9,EYU3363E4,LUCAS,81,"00:10:57","1000223779","01:37:58"
"1000223779",2026-09-10,9,EYU3363E2,PEDRO,73,"00:13:24","1000223779","01:37:58"
"1000223779",2026-09-10,9,EYU3363COMODATO,LUCAS,1,"00:00:20","1000223779","01:37:58"
"1000223624",2026-09-10,3,CMT0009E3,PEDRO,30,"00:04:30","1000223624","00:43:47"
"1000223624",2026-09-10,3,CMT0009D1,LUCAS,88,"00:18:02","1000223624","00:43:47"
"1000223624",2026-09-10,3,CMT0009D2,LEONARDO,139,"00:21:15","1000223624","00:43:47"
"1000223785",2026-09-10,6,GDB5855D5,PEDRO,19,"00:00:06","1000223785","01:01:19"
"1000223785",2026-09-10,6,GDB5855E2,LEONARDO,101,"00:24:26","1000223785","01:01:19"
"1000223785",2026-09-10,6,GDB5855E3,LUCAS,65,"00:14:11","1000223785","01:01:19"
"1000223785",2026-09-10,6,GDB5855D4,PEDRO,49,"00:08:54","1000223785","01:01:19"
"1000223785",2026-09-10,6,GDB5855D2,LUCAS,205,"00:13:36","1000223785","01:01:19"
"1000223785",2026-09-10,6,GDB5855E1,PEDRO,70,"00:00:06","1000223785","01:01:19"
"1000223781",2026-09-10,6,EYU3372E1,EMANUEL,201,"00:37:46","1000223781","01:38:38"
"1000223781",2026-09-10,6,EYU3372E2,PEDRO,92,"00:24:50","1000223781","01:38:38"
"1000223781",2026-09-10,6,EYU3372D4,LEONARDO,63,"00:12:41","1000223781","01:38:38"
"1000223781",2026-09-10,6,EYU3372D2,LUCAS,55,"00:11:27","1000223781","01:38:38"
"1000223781",2026-09-10,6,EYU3372D3,LUCAS,36,"00:00:09","1000223781","01:38:38"
"1000223781",2026-09-10,6,EYU3372E4,LUCAS,145,"00:11:45","1000223781","01:38:38"
"1000224200",2026-09-14,3,CMT0002E1,EMANUEL,21,"00:12:39","1000224200","00:21:55"
"1000224200",2026-09-14,3,CMT0002E2,LEONARDO,10,"00:06:10","1000224200","00:21:55"
"1000224200",2026-09-14,3,CMT0002D2,LUCAS,29,"00:03:06","1000224200","00:21:55"
"1000224189",2026-09-14,6,GDB5855E3,JOSÉ,185,"00:32:26","1000224189","01:07:56"
"1000224189",2026-09-14,6,GDB5855E5,LUCAS,23,"00:00:05","1000224189","01:07:56"
"1000224189",2026-09-14,6,GDB5855E4,PEDRO,41,"00:09:55","1000224189","01:07:56"
"1000224189",2026-09-14,6,GDB5855D4,LUCAS,45,"00:12:20","1000224189","01:07:56"
"1000224189",2026-09-14,6,GDB5855D5,LEONARDO,51,"00:13:02","1000224189","01:07:56"
"1000224189",2026-09-14,6,GDB5855D3,LUCAS,59,"00:00:08","1000224189","01:07:56"
"1000224183",2026-09-14,9,FDS1225D5,LEONARDO,187,"00:24:48","1000224183","02:13:23"
"1000224183",2026-09-14,9,FDS1225E4,EMANUEL,14,"00:00:24","1000224183","02:13:23"
"1000224183",2026-09-14,9,FDS1225D3,JOSÉ,140,"00:20:46","1000224183","02:13:23"
"1000224183",2026-09-14,9,FDS1225E2,LUCAS,199,"00:49:55","1000224183","02:13:23"
"1000224183",2026-09-14,9,FDS1225D2,JOSÉ,67,"00:11:23","1000224183","02:13:23"
"1000224183",2026-09-14,9,FDS1225E1,JOSÉ,78,"00:00:06","1000224183","02:13:23"
"1000224183",2026-09-14,9,FDS1225D1,PEDRO,128,"00:05:24","1000224183","02:13:23"
"1000224183",2026-09-14,9,FDS1225E3,PEDRO,50,"00:12:38","1000224183","02:13:23"
"1000224183",2026-09-14,9,FDS1225D4,PEDRO,62,"00:07:59","1000224183","02:13:23"
"1000224215",2026-09-14,2,OUR1005E2,PEDRO,14,"00:03:13","1000224215","00:15:59"
"1000224215",2026-09-14,2,OUR1005D1,LUCAS,55,"00:12:46","1000224215","00:15:59"
"1000224203",2026-09-14,5,CMT0005D3,LUCAS,160,"00:20:19","1000224203","01:08:54"
"1000224203",2026-09-14,5,CMT0005D4,PEDRO,84,"00:08:42","1000224203","01:08:54"
"1000224203",2026-09-14,5,CMT0005E2,JOSÉ,80,"00:17:01","1000224203","01:08:54"
"1000224203",2026-09-14,5,CMT0005E3,EMANUEL,45,"00:08:50","1000224203","01:08:54"
"1000224203",2026-09-14,5,CMT0005E4,LEONARDO,56,"00:14:02","1000224203","01:08:54"
"1000224184",2026-09-14,10,EYU3361COMODATO,LEONARDO,57,"00:12:02","1000224184","02:29:00"
"1000224184",2026-09-14,10,EYU3361D3,LEONARDO,61,"00:00:15","1000224184","02:29:00"
"1000224184",2026-09-14,10,EYU3361D5,JOSÉ,103,"00:31:10","1000224184","02:29:00"
"1000224184",2026-09-14,10,EYU3361D4,LUCAS,73,"00:10:42","1000224184","02:29:00"
"1000224184",2026-09-14,10,EYU3361D1,PEDRO,96,"00:02:33","1000224184","02:29:00"
"1000224184",2026-09-14,10,EYU3361E1,LUCAS,64,"00:00:11","1000224184","02:29:00"
"1000224184",2026-09-14,10,EYU3361E2,PEDRO,65,"00:10:55","1000224184","02:29:00"
"1000224184",2026-09-14,10,EYU3361E5,LEONARDO,105,"00:20:09","1000224184","02:29:00"
"1000224184",2026-09-14,10,EYU3361E3,PEDRO,118,"00:15:36","1000224184","02:29:00"
"1000224184",2026-09-14,10,EYU3361D2,EMANUEL,151,"00:45:27","1000224184","02:29:00"
"1000224204",2026-09-14,5,CMT0006D1,PEDRO,80,"00:02:17","1000224204","01:02:52"
"1000224204",2026-09-14,5,CMT0006E1,JOSÉ,119,"00:21:57","1000224204","01:02:52"
"1000224204",2026-09-14,5,CMT0006D2,LUCAS,38,"00:09:19","1000224204","01:02:52"
"1000224204",2026-09-14,5,CMT0006E3,EMANUEL,73,"00:22:01","1000224204","01:02:52"
"1000224204",2026-09-14,5,CMT0006E2,PEDRO,33,"00:07:18","1000224204","01:02:52"
"1000224188",2026-09-14,7,EYU3372D2,LEONARDO,163,"00:07:01","1000224188","01:13:40"
"1000224188",2026-09-14,7,EYU3372E2,LUCAS,63,"00:00:09","1000224188","01:13:40"
"1000224188",2026-09-14,7,EYU3372D4,PEDRO,88,"00:11:09","1000224188","01:13:40"
"1000224188",2026-09-14,7,EYU3372E4,JOSÉ,3,"00:00:04","1000224188","01:13:40"
"1000224188",2026-09-14,7,EYU3372D3,LUCAS,86,"00:09:30","1000224188","01:13:40"
"1000224188",2026-09-14,7,EYU3372E1,EMANUEL,100,"00:26:26","1000224188","01:13:40"
"1000224188",2026-09-14,7,EYU3372E3,LEONARDO,104,"00:19:21","1000224188","01:13:40"
"1000224187",2026-09-14,8,EYU3371E5,JOSÉ,62,"00:14:33","1000224187","01:53:02"
"1000224187",2026-09-14,8,EYU3371E3,LEONARDO,65,"00:10:41","1000224187","01:53:02"
"1000224187",2026-09-14,8,EYU3371D2,JOSÉ,66,"00:11:02","1000224187","01:53:02"
"1000224187",2026-09-14,8,EYU3371D3,EMANUEL,130,"00:33:09","1000224187","01:53:02"
"1000224187",2026-09-14,8,EYU3371E4,PEDRO,152,"00:32:38","1000224187","01:53:02"
"1000224187",2026-09-14,8,EYU3371E2,LUCAS,30,"00:00:08","1000224187","01:53:02"
"1000224187",2026-09-14,8,EYU3371D4,LEONARDO,42,"00:00:07","1000224187","01:53:02"
"1000224187",2026-09-14,8,EYU3371D5,LUCAS,64,"00:10:44","1000224187","01:53:02"
"1000224185",2026-09-14,7,EYU3363E3,EMANUEL,113,"00:30:25","1000224185","01:29:44"
"1000224185",2026-09-14,7,EYU3363E4,JOSÉ,63,"00:20:31","1000224185","01:29:44"
"1000224185",2026-09-14,7,EYU3363D2,LEONARDO,79,"00:00:15","1000224185","01:29:44"
"1000224185",2026-09-14,7,EYU3363D4,LUCAS,156,"00:16:21","1000224185","01:29:44"
"1000224185",2026-09-14,7,EYU3363D5,LEONARDO,9,"00:00:04","1000224185","01:29:44"
"1000224185",2026-09-14,7,EYU3363E2,PEDRO,79,"00:12:38","1000224185","01:29:44"
"1000224185",2026-09-14,7,EYU3363E1,PEDRO,194,"00:09:30","1000224185","01:29:44"
"1000224214",2026-09-14,2,OUR1004D1,PEDRO,60,"00:15:55","1000224214","00:18:28"
"1000224214",2026-09-14,2,OUR1004D2,LUCAS,1,"00:02:33","1000224214","00:18:28"
"1000224212",2026-09-14,3,OUR1002D2,EMANUEL,19,"00:12:31","1000224212","00:38:03"
"1000224212",2026-09-14,3,OUR1002D1,LEONARDO,44,"00:14:17","1000224212","00:38:03"
"1000224212",2026-09-14,3,OUR1002D3,JOSÉ,8,"00:11:15","1000224212","00:38:03"
"1000224213",2026-09-14,3,OUR1003D3,LEONARDO,14,"00:16:08","1000224213","00:33:49"
"1000224213",2026-09-14,3,OUR1003D2,EMANUEL,7,"00:06:53","1000224213","00:33:49"
"1000224213",2026-09-14,3,OUR1003D1,LUCAS,69,"00:10:48","1000224213","00:33:49"
"1000224205",2026-09-14,5,CMT0007E2,JOSÉ,28,"00:09:56","1000224205","00:59:29"
"1000224205",2026-09-14,5,CMT0007E1,LEONARDO,100,"00:18:13","1000224205","00:59:29"
"1000224205",2026-09-14,5,CMT0007D3,LUCAS,22,"00:04:51","1000224205","00:59:29"
"1000224205",2026-09-14,5,CMT0007D1,LUCAS,80,"00:10:31","1000224205","00:59:29"
"1000224205",2026-09-14,5,CMT0007D2,PEDRO,61,"00:15:58","1000224205","00:59:29"
"1000224186",2026-09-14,10,EYU3370D2,LEONARDO,160,"00:16:01","1000224186","01:53:29"
"1000224186",2026-09-14,10,EYU3370D4,PEDRO,124,"00:18:50","1000224186","01:53:29"
"1000224186",2026-09-14,10,EYU3370E1,JOSÉ,71,"00:14:15","1000224186","01:53:29"
"1000224186",2026-09-14,10,EYU3370D1,JOSÉ,81,"00:00:06","1000224186","01:53:29"
"1000224186",2026-09-14,10,EYU3370E3,LEONARDO,94,"00:12:16","1000224186","01:53:29"
"1000224186",2026-09-14,10,EYU3370E2,LUCAS,171,"00:39:34","1000224186","01:53:29"
"1000224186",2026-09-14,10,EYU3370D3,EMANUEL,9,"00:00:05","1000224186","01:53:29"
"1000224186",2026-09-14,10,EYU3370E5,EMANUEL,20,"00:00:07","1000224186","01:53:29"
"1000224186",2026-09-14,10,EYU3370D5,EMANUEL,26,"00:00:11","1000224186","01:53:29"
"1000224186",2026-09-14,10,EYU3370E4,LEONARDO,66,"00:12:04","1000224186","01:53:29"
"1000224182",2026-09-14,4,DBC8722E2,LUCAS,76,"00:11:12","1000224182","00:56:57"
"1000224182",2026-09-14,4,DBC8722D1,EMANUEL,80,"00:14:09","1000224182","00:56:57"
"1000224182",2026-09-14,4,DBC8722D3,PEDRO,75,"00:15:19","1000224182","00:56:57"
"1000224182",2026-09-14,4,DBC8722E1,LUCAS,220,"00:16:17","1000224182","00:56:57"
"1000224190",2026-09-14,6,FQU8482D1,EMANUEL,127,"00:29:51","1000224190","01:46:13"
"1000224190",2026-09-14,6,FQU8482E1,JOSÉ,62,"00:20:14","1000224190","01:46:13"
"1000224190",2026-09-14,6,FQU8482E2,LUCAS,71,"00:18:21","1000224190","01:46:13"
"1000224190",2026-09-14,6,FQU8482E3,PEDRO,126,"00:25:08","1000224190","01:46:13"
"1000224190",2026-09-14,6,FQU8482COMODATO,LEONARDO,16,"00:12:35","1000224190","01:46:13"
"1000224190",2026-09-14,6,FQU8482D2,LEONARDO,28,"00:00:04","1000224190","01:46:13"
"1000224191",2026-09-14,7,DBC8725E1,LUCAS,179,"00:03:01","1000224191","02:15:45"
"1000224191",2026-09-14,7,DBC8725D5,PEDRO,127,"00:26:17","1000224191","02:15:45"
"1000224191",2026-09-14,7,DBC8725D2,LUCAS,58,"00:00:08","1000224191","02:15:45"
"1000224191",2026-09-14,7,DBC8725E2,EMANUEL,68,"00:25:11","1000224191","02:15:45"
"1000224191",2026-09-14,7,DBC8725D3,LUCAS,75,"00:24:12","1000224191","02:15:45"
"1000224191",2026-09-14,7,DBC8725COMODATO,LUCAS,1,"00:00:08","1000224191","02:15:45"
"1000224191",2026-09-14,7,DBC8725E3,LEONARDO,8,"00:56:48","1000224191","02:15:45"
"1000223964",2026-09-11,6,EYU3370D3,PEDRO,34,"00:10:51","1000223964","01:20:08"
"1000223964",2026-09-11,6,EYU3370D4,PEDRO,31,"00:05:35","1000223964","01:20:08"
"1000223964",2026-09-11,6,EYU3370E1,LEONARDO,186,"00:37:03","1000223964","01:20:08"
"1000223964",2026-09-11,6,EYU3370D1,EMANUEL,99,"00:19:36","1000223964","01:20:08"
"1000223964",2026-09-11,6,EYU3370E2,EMANUEL,34,"00:06:26","1000223964","01:20:08"
"1000223964",2026-09-11,6,EYU3370D2,LUCAS,21,"00:00:37","1000223964","01:20:08"
"1000223963",2026-09-11,9,EYU3361E2,LUCAS,90,"00:11:27","1000223963","01:44:08"
"1000223963",2026-09-11,9,EYU3361COMODATO,EMANUEL,40,"00:11:19","1000223963","01:44:08"
"1000223963",2026-09-11,9,EYU3361D2,EMANUEL,170,"00:05:21","1000223963","01:44:08"
"1000223963",2026-09-11,9,EYU3361E5,LEONARDO,86,"00:20:31","1000223963","01:44:08"
"1000223963",2026-09-11,9,EYU3361D3,EMANUEL,46,"00:06:23","1000223963","01:44:08"
"1000223963",2026-09-11,9,EYU3361D5,LEONARDO,34,"00:00:29","1000223963","01:44:08"
"1000223963",2026-09-11,9,EYU3361E1,JOSÉ,79,"00:17:45","1000223963","01:44:08"
"1000223963",2026-09-11,9,EYU3361E3,EMANUEL,83,"00:16:05","1000223963","01:44:08"
"1000223963",2026-09-11,9,EYU3361E4,LEONARDO,111,"00:14:48","1000223963","01:44:08"
"1000223969",2026-09-11,7,DBC8725E2,JOSÉ,25,"00:17:50","1000223969","01:07:22"
"1000223969",2026-09-11,7,DBC8725E3,PEDRO,32,"00:07:08","1000223969","01:07:22"
"1000223969",2026-09-11,7,DBC8725D3,LUCAS,8,"00:04:29","1000223969","01:07:22"
"1000223969",2026-09-11,7,DBC8725E4,LEONARDO,89,"00:17:01","1000223969","01:07:22"
"1000223969",2026-09-11,7,DBC8725E1,EMANUEL,103,"00:20:33","1000223969","01:07:22"
"1000223969",2026-09-11,7,DBC8725COMODATO,LUCAS,30,"00:00:15","1000223969","01:07:22"
"1000223969",2026-09-11,7,DBC8725D2,PEDRO,52,"00:00:06","1000223969","01:07:22"
"1000223968",2026-09-11,7,FQU8482COMODATO,LEONARDO,92,"00:16:20","1000223968","00:58:57"
"1000223968",2026-09-11,7,FQU8482E1,EMANUEL,84,"00:12:39","1000223968","00:58:57"
"1000223968",2026-09-11,7,FQU8482E2,LUCAS,55,"00:09:49","1000223968","00:58:57"
"1000223968",2026-09-11,7,FQU8482D1,PEDRO,69,"00:00:16","1000223968","00:58:57"
"1000223968",2026-09-11,7,FQU8482D2,JOSÉ,33,"00:10:19","1000223968","00:58:57"
"1000223968",2026-09-11,7,FQU8482E3,LEONARDO,6,"00:00:04","1000223968","00:58:57"
"1000223968",2026-09-11,7,FQU8482D3,PEDRO,48,"00:09:30","1000223968","00:58:57"
"1000223965",2026-09-11,8,EYU3702E1,LUCAS,190,"00:19:19","1000223965","01:50:18"
"1000223965",2026-09-11,8,EYU3702E4,PEDRO,123,"00:23:51","1000223965","01:50:18"
"1000223965",2026-09-11,8,EYU3702D3,LEONARDO,86,"00:18:32","1000223965","01:50:18"
"1000223965",2026-09-11,8,EYU3702E2,EMANUEL,151,"00:10:08","1000223965","01:50:18"
"1000223965",2026-09-11,8,EYU3702D5,EMANUEL,69,"00:00:33","1000223965","01:50:18"
"1000223965",2026-09-11,8,EYU3702E5,EMANUEL,77,"00:10:45","1000223965","01:50:18"
"1000223965",2026-09-11,8,EYU3702D2,LUCAS,85,"00:14:48","1000223965","01:50:18"
"1000223965",2026-09-11,8,EYU3702E3,JOSÉ,40,"00:12:22","1000223965","01:50:18"
"1000223966",2026-09-11,8,GDB5855D3,PEDRO,202,"00:31:05","1000223966","02:06:01"
"1000223966",2026-09-11,8,GDB5855D5,LUCAS,67,"00:16:39","1000223966","02:06:01"
"1000223966",2026-09-11,8,GDB5855D2,EMANUEL,100,"00:24:05","1000223966","02:06:01"
"1000223966",2026-09-11,8,GDB5855E4,LUCAS,70,"00:15:58","1000223966","02:06:01"
"1000223966",2026-09-11,8,GDB5855D4,LEONARDO,116,"00:20:15","1000223966","02:06:01"
"1000223966",2026-09-11,8,GDB5855E3,JOSÉ,65,"00:17:32","1000223966","02:06:01"
"1000223966",2026-09-11,8,GDB5855COMODATO,LEONARDO,38,"00:00:12","1000223966","02:06:01"
"1000223966",2026-09-11,8,GDB5855E2,LUCAS,76,"00:00:15","1000223966","02:06:01"
"1000223967",2026-09-11,4,TMG6G62D3,EMANUEL,14,"00:04:15","1000223967","00:43:49"
"1000223967",2026-09-11,4,TMG6G62D1,PEDRO,59,"00:00:11","1000223967","00:43:49"
"1000223967",2026-09-11,4,TMG6G62D2,PEDRO,51,"00:15:15","1000223967","00:43:49"
"1000223967",2026-09-11,4,TMG6G62E1,LUCAS,87,"00:24:08","1000223967","00:43:49"
"1000223970",2026-09-11,9,FCX9994COMODATO,LUCAS,1,"00:00:11","1000223970","03:07:28"
"1000223970",2026-09-11,9,FCX9994E3,LUCAS,38,"00:00:11","1000223970","03:07:28"
"1000223970",2026-09-11,9,FCX9994E4,LUCAS,76,"00:08:19","1000223970","03:07:28"
"1000223970",2026-09-11,9,FCX9994D4,EMANUEL,204,"00:33:12","1000223970","03:07:28"
"1000223970",2026-09-11,9,FCX9994E2,LEONARDO,54,"00:12:16","1000223970","03:07:28"
"1000223970",2026-09-11,9,FCX9994D3,JOSÉ,58,"01:32:37","1000223970","03:07:28"
"1000223970",2026-09-11,9,FCX9994D2,LEONARDO,150,"00:13:34","1000223970","03:07:28"
"1000223970",2026-09-11,9,FCX9994E5,PEDRO,100,"00:15:24","1000223970","03:07:28"
"1000223970",2026-09-11,9,FCX9994D5,EMANUEL,50,"00:11:44","1000223970","03:07:28"
"1000224522",2026-09-16,9,EYU3363E3,EMANUEL,117,"00:35:31","1000224522","03:02:17"
"1000224522",2026-09-16,9,EYU3363D4,PEDRO,121,"00:22:00","1000224522","03:02:17"
"1000224522",2026-09-16,9,EYU3363D5,LUCAS,54,"00:08:13","1000224522","03:02:17"
"1000224522",2026-09-16,9,EYU3363D1,JOSÉ,68,"00:00:04","1000224522","03:02:17"
"1000224522",2026-09-16,9,EYU3363D2,JOSÉ,133,"00:26:21","1000224522","03:02:17"
"1000224522",2026-09-16,9,EYU3363E1,JOSÉ,68,"00:08:18","1000224522","03:02:17"
"1000224522",2026-09-16,9,EYU3363E2,PEDRO,488,"01:11:10","1000224522","03:02:17"
"1000224522",2026-09-16,9,EYU3363E4,LUCAS,3,"00:00:04","1000224522","03:02:17"
"1000224522",2026-09-16,9,EYU3363D3,JOSÉ,61,"00:10:36","1000224522","03:02:17"
"1000224523",2026-09-16,10,EYU3370D3,LUCAS,68,"00:00:09","1000224523","02:22:59"
"1000224523",2026-09-16,10,EYU3370COMODATO,EMANUEL,73,"00:23:21","1000224523","02:22:59"
"1000224523",2026-09-16,10,EYU3370D4,LUCAS,64,"00:25:47","1000224523","02:22:59"
"1000224523",2026-09-16,10,EYU3370E1,JOSÉ,64,"00:00:06","1000224523","02:22:59"
"1000224523",2026-09-16,10,EYU3370E4,JOSÉ,1,"00:00:03","1000224523","02:22:59"
"1000224523",2026-09-16,10,EYU3370E2,JOSÉ,57,"00:08:34","1000224523","02:22:59"
"1000224523",2026-09-16,10,EYU3370E5,JOSÉ,88,"00:14:31","1000224523","02:22:59"
"1000224523",2026-09-16,10,EYU3370D5,EMANUEL,120,"00:25:53","1000224523","02:22:59"
"1000224523",2026-09-16,10,EYU3370E3,LUCAS,179,"00:31:33","1000224523","02:22:59"
"1000224523",2026-09-16,10,EYU3370D2,JOSÉ,125,"00:13:02","1000224523","02:22:59"
"1000224524",2026-09-16,7,EYU3372D4,JOSÉ,141,"00:13:30","1000224524","01:29:39"
"1000224524",2026-09-16,7,EYU3372D1,PEDRO,138,"00:11:29","1000224524","01:29:39"
"1000224524",2026-09-16,7,EYU3372E1,PEDRO,43,"00:14:26","1000224524","01:29:39"
"1000224524",2026-09-16,7,EYU3372D3,LUCAS,72,"00:33:13","1000224524","01:29:39"
"1000224524",2026-09-16,7,EYU3372E2,JOSÉ,115,"00:13:30","1000224524","01:29:39"
"1000224524",2026-09-16,7,EYU3372D2,EMANUEL,28,"00:00:30","1000224524","01:29:39"
"1000224524",2026-09-16,7,EYU3372E3,EMANUEL,1,"00:03:01","1000224524","01:29:39"
"1000224525",2026-09-16,8,EYU3705D2,JOSÉ,98,"00:05:33","1000224525","01:45:20"
"1000224525",2026-09-16,8,EYU3705E5,JOSÉ,108,"00:09:57","1000224525","01:45:20"
"1000224525",2026-09-16,8,EYU3705E2,PEDRO,100,"00:20:35","1000224525","01:45:20"
"1000224525",2026-09-16,8,EYU3705D5,EMANUEL,149,"00:32:25","1000224525","01:45:20"
"1000224525",2026-09-16,8,EYU3705E3,JOSÉ,26,"00:05:07","1000224525","01:45:20"
"1000224525",2026-09-16,8,EYU3705E4,LUCAS,81,"00:25:44","1000224525","01:45:20"
"1000224525",2026-09-16,8,EYU3705D3,LUCAS,59,"00:00:43","1000224525","01:45:20"
"1000224525",2026-09-16,8,EYU3705D4,JOSÉ,64,"00:05:16","1000224525","01:45:20"
"1000224527",2026-09-16,9,GDB5855COMODATO,JOSÉ,103,"00:19:53","1000224527","02:36:27"
"1000224527",2026-09-16,9,GDB5855E3,EMANUEL,34,"00:00:09","1000224527","02:36:27"
"1000224527",2026-09-16,9,GDB5855D2,EMANUEL,60,"00:00:08","1000224527","02:36:27"
"1000224527",2026-09-16,9,GDB5855E5,LUCAS,229,"00:44:17","1000224527","02:36:27"
"1000224527",2026-09-16,9,GDB5855D5,JOSÉ,134,"00:08:59","1000224527","02:36:27"
"1000224527",2026-09-16,9,GDB5855E2,PEDRO,118,"00:20:42","1000224527","02:36:27"
"1000224527",2026-09-16,9,GDB5855D4,EMANUEL,97,"00:33:41","1000224527","02:36:27"
"1000224527",2026-09-16,9,GDB5855E1,JOSÉ,85,"00:10:31","1000224527","02:36:27"
"1000224527",2026-09-16,9,GDB5855D3,PEDRO,85,"00:18:07","1000224527","02:36:27"
"1000224521",2026-09-16,9,EYU3361E2,JOSÉ,55,"00:00:08","1000224521","02:32:21"
"1000224521",2026-09-16,9,EYU3361E4,JOSÉ,59,"00:09:42","1000224521","02:32:21"
"1000224521",2026-09-16,9,EYU3361D3,LUCAS,56,"00:29:34","1000224521","02:32:21"
"1000224521",2026-09-16,9,EYU3361E1,PEDRO,99,"00:01:43","1000224521","02:32:21"
"1000224521",2026-09-16,9,EYU3361D5,PEDRO,62,"00:13:20","1000224521","02:32:21"
"1000224521",2026-09-16,9,EYU3361E3,EMANUEL,74,"00:36:03","1000224521","02:32:21"
"1000224521",2026-09-16,9,EYU3361D2,PEDRO,103,"00:06:43","1000224521","02:32:21"
"1000224521",2026-09-16,9,EYU3361D4,LUCAS,118,"00:27:36","1000224521","02:32:21"
"1000224521",2026-09-16,9,EYU3361E5,JOSÉ,150,"00:27:32","1000224521","02:32:21"
"1000224526",2026-09-16,8,EYU3376E3,PEDRO,176,"00:17:05","1000224526","01:32:23"
"1000224526",2026-09-16,8,EYU3376E2,JOSÉ,119,"00:11:25","1000224526","01:32:23"
"1000224526",2026-09-16,8,EYU3376D1,EMANUEL,147,"00:18:41","1000224526","01:32:23"
"1000224526",2026-09-16,8,EYU3376E4,JOSÉ,161,"00:15:14","1000224526","01:32:23"
"1000224526",2026-09-16,8,EYU3376D3,EMANUEL,45,"00:12:22","1000224526","01:32:23"
"1000224526",2026-09-16,8,EYU3376D2,JOSÉ,40,"00:00:06","1000224526","01:32:23"
"1000224526",2026-09-16,8,EYU3376D4,PEDRO,54,"00:08:21","1000224526","01:32:23"
"1000224526",2026-09-16,8,EYU3376E1,LUCAS,49,"00:09:09","1000224526","01:32:23"
"1000224528",2026-09-16,4,FQU8482D3,LUCAS,12,"00:03:36","1000224528","01:31:03"
"1000224528",2026-09-16,4,FQU8482E1,PEDRO,56,"00:15:45","1000224528","01:31:03"
"1000224528",2026-09-16,4,FQU8482D1,EMANUEL,220,"00:58:16","1000224528","01:31:03"
"1000224528",2026-09-16,4,FQU8482D2,JOSÉ,79,"00:13:26","1000224528","01:31:03"
"1000224529",2026-09-16,6,FCX9994E2,JOSÉ,97,"00:15:34","1000224529","01:09:25"
"1000224529",2026-09-16,6,FCX9994D4,PEDRO,4,"00:00:09","1000224529","01:09:25"
"1000224529",2026-09-16,6,FCX9994E3,PEDRO,77,"00:14:12","1000224529","01:09:25"
"1000224529",2026-09-16,6,FCX9994D1,JOSÉ,81,"00:04:28","1000224529","01:09:25"
"1000224529",2026-09-16,6,FCX9994E1,JOSÉ,70,"00:00:07","1000224529","01:09:25"
"1000224529",2026-09-16,6,FCX9994D2,LUCAS,116,"00:34:55","1000224529","01:09:25"
"1000224520",2026-09-16,9,FDS1225D2,EMANUEL,76,"00:00:11","1000224520","02:24:54"
"1000224520",2026-09-16,9,FDS1225D4,EMANUEL,41,"00:20:11","1000224520","02:24:54"
"1000224520",2026-09-16,9,FDS1225E2,EMANUEL,73,"00:29:21","1000224520","02:24:54"
"1000224520",2026-09-16,9,FDS1225E4,JOSÉ,11,"00:00:03","1000224520","02:24:54"
"1000224520",2026-09-16,9,FDS1225D3,PEDRO,107,"00:19:43","1000224520","02:24:54"
"1000224520",2026-09-16,9,FDS1225E1,EMANUEL,85,"00:07:44","1000224520","02:24:54"
"1000224520",2026-09-16,9,FDS1225D1,LUCAS,219,"00:19:21","1000224520","02:24:54"
"1000224520",2026-09-16,9,FDS1225E3,LUCAS,156,"00:33:41","1000224520","02:24:54"
"1000224520",2026-09-16,9,FDS1225D5,PEDRO,137,"00:14:39","1000224520","02:24:54"
"1000224719",2026-09-17,7,FDS1225E1,PEDRO,99,"00:20:06","1000224719","01:43:28"
"1000224719",2026-09-17,7,FDS1225E2,LUCAS,37,"00:00:08","1000224719","01:43:28"
"1000224719",2026-09-17,7,FDS1225D3,EMANUEL,94,"00:31:59","1000224719","01:43:28"
"1000224719",2026-09-17,7,FDS1225D4,JOSÉ,70,"00:12:20","1000224719","01:43:28"
"1000224719",2026-09-17,7,FDS1225D2,LEONARDO,77,"00:20:08","1000224719","01:43:28"
"1000224719",2026-09-17,7,FDS1225E3,LUCAS,49,"00:13:51","1000224719","01:43:28"
"1000224719",2026-09-17,7,FDS1225D1,LUCAS,63,"00:04:56","1000224719","01:43:28"
"1000224720",2026-09-17,8,EYU3361D5,LEONARDO,128,"00:14:03","1000224720","01:26:43"
"1000224720",2026-09-17,8,EYU3361D3,PEDRO,108,"00:20:53","1000224720","01:26:43"
"1000224720",2026-09-17,8,EYU3361D4,LUCAS,107,"00:16:13","1000224720","01:26:43"
"1000224720",2026-09-17,8,EYU3361E3,LEONARDO,68,"00:14:10","1000224720","01:26:43"
"1000224720",2026-09-17,8,EYU3361E2,JOSÉ,54,"00:11:37","1000224720","01:26:43"
"1000224720",2026-09-17,8,EYU3361E4,EMANUEL,16,"00:00:10","1000224720","01:26:43"
"1000224720",2026-09-17,8,EYU3361D2,JOSÉ,74,"00:00:05","1000224720","01:26:43"
"1000224720",2026-09-17,8,EYU3361E1,JOSÉ,152,"00:09:32","1000224720","01:26:43"
"1000224721",2026-09-17,6,EYU3370D2,EMANUEL,146,"00:15:00","1000224721","01:22:33"
"1000224721",2026-09-17,6,EYU3370D4,LUCAS,94,"00:17:13","1000224721","01:22:33"
"1000224721",2026-09-17,6,EYU3370E2,JOSÉ,66,"00:17:49","1000224721","01:22:33"
"1000224721",2026-09-17,6,EYU3370E3,PEDRO,83,"00:20:21","1000224721","01:22:33"
"1000224721",2026-09-17,6,EYU3370D5,LEONARDO,40,"00:11:55","1000224721","01:22:33"
"1000224721",2026-09-17,6,EYU3370D3,LEONARDO,58,"00:00:15","1000224721","01:22:33"
"1000224726",2026-09-17,6,FQU8482COMODATO,JOSÉ,90,"00:16:11","1000224726","01:23:19"
"1000224726",2026-09-17,6,FQU8482D3,LUCAS,133,"00:18:09","1000224726","01:23:19"
"1000224726",2026-09-17,6,FQU8482D1,LEONARDO,103,"00:13:00","1000224726","01:23:19"
"1000224726",2026-09-17,6,FQU8482E1,EMANUEL,47,"00:21:01","1000224726","01:23:19"
"1000224726",2026-09-17,6,FQU8482D2,LEONARDO,16,"00:00:06","1000224726","01:23:19"
"1000224726",2026-09-17,6,FQU8482E3,PEDRO,83,"00:14:52","1000224726","01:23:19"
"1000224725",2026-09-17,7,TMG6G62D1,PEDRO,90,"00:16:24","1000224725","00:57:43"
"1000224725",2026-09-17,7,TMG6G62D2,LEONARDO,6,"00:00:04","1000224725","00:57:43"
"1000224725",2026-09-17,7,TMG6G62E1,PEDRO,21,"00:06:05","1000224725","00:57:43"
"1000224725",2026-09-17,7,TMG6G62D3,JOSÉ,34,"00:11:16","1000224725","00:57:43"
"1000224725",2026-09-17,7,TMG6G62E2,LEONARDO,42,"00:07:59","1000224725","00:57:43"
"1000224725",2026-09-17,7,TMG6G62E3,LUCAS,65,"00:15:52","1000224725","00:57:43"
"1000224725",2026-09-17,7,TMG6G62COMODATO,LEONARDO,1,"00:00:03","1000224725","00:57:43"
"1000224724",2026-09-17,7,EYU3705E1,JOSÉ,166,"01:36:00","1000224724","02:55:55"
"1000224724",2026-09-17,7,EYU3705D2,EMANUEL,62,"00:00:13","1000224724","02:55:55"
"1000224724",2026-09-17,7,EYU3705D5,PEDRO,114,"00:22:54","1000224724","02:55:55"
"1000224724",2026-09-17,7,EYU3705E3,LUCAS,109,"00:19:01","1000224724","02:55:55"
"1000224724",2026-09-17,7,EYU3705E2,LEONARDO,46,"00:10:55","1000224724","02:55:55"
"1000224724",2026-09-17,7,EYU3705E4,LEONARDO,27,"00:05:25","1000224724","02:55:55"
"1000224724",2026-09-17,7,EYU3705D4,EMANUEL,41,"00:21:27","1000224724","02:55:55"
"1000224727",2026-09-17,8,DBC8717E1,LUCAS,80,"00:20:46","1000224727","01:46:30"
"1000224727",2026-09-17,8,DBC8717E2,LEONARDO,90,"00:11:49","1000224727","01:46:30"
"1000224727",2026-09-17,8,DBC8717D5,PEDRO,28,"00:00:04","1000224727","01:46:30"
"1000224727",2026-09-17,8,DBC8717E3,EMANUEL,88,"00:20:15","1000224727","01:46:30"
"1000224727",2026-09-17,8,DBC8717D4,LEONARDO,53,"00:18:53","1000224727","01:46:30"
"1000224727",2026-09-17,8,DBC8717D3,JOSÉ,59,"00:20:43","1000224727","01:46:30"
"1000224727",2026-09-17,8,DBC8717E4,PEDRO,63,"00:13:54","1000224727","01:46:30"
"1000224727",2026-09-17,8,DBC8717D2,PEDRO,71,"00:00:06","1000224727","01:46:30"
"1000224722",2026-09-17,7,EYU3371D1,LEONARDO,81,"00:00:05","1000224722","01:48:08"
"1000224722",2026-09-17,7,EYU3371E1,EMANUEL,145,"00:30:42","1000224722","01:48:08"
"1000224722",2026-09-17,7,EYU3371E4,LEONARDO,30,"00:00:05","1000224722","01:48:08"
"1000224722",2026-09-17,7,EYU3371E3,PEDRO,77,"00:20:19","1000224722","01:48:08"
"1000224722",2026-09-17,7,EYU3371D4,LUCAS,132,"00:23:26","1000224722","01:48:08"
"1000224722",2026-09-17,7,EYU3371E2,JOSÉ,106,"00:25:19","1000224722","01:48:08"
"1000224722",2026-09-17,7,EYU3371D2,LEONARDO,80,"00:08:12","1000224722","01:48:08"
"1000224723",2026-09-17,8,EYU3703D1,LUCAS,79,"00:09:49","1000224723","01:43:54"
"1000224723",2026-09-17,8,EYU3703E4,PEDRO,70,"00:13:14","1000224723","01:43:54"
"1000224723",2026-09-17,8,EYU3703E3,EMANUEL,123,"00:26:16","1000224723","01:43:54"
"1000224723",2026-09-17,8,EYU3703D3,PEDRO,11,"00:00:11","1000224723","01:43:54"
"1000224723",2026-09-17,8,EYU3703D4,LEONARDO,37,"00:07:22","1000224723","01:43:54"
"1000224723",2026-09-17,8,EYU3703D2,LUCAS,42,"00:10:25","1000224723","01:43:54"
"1000224723",2026-09-17,8,EYU3703E1,JOSÉ,67,"00:09:42","1000224723","01:43:54"
"1000224723",2026-09-17,8,EYU3703E2,LEONARDO,175,"00:26:55","1000224723","01:43:54"
"1000224859",2026-09-18,8,EYU3356D2,LEONARDO,29,"00:00:08","1000224859","01:55:57"
"1000224859",2026-09-18,8,EYU3356E4,PEDRO,98,"00:17:09","1000224859","01:55:57"
"1000224859",2026-09-18,8,EYU3356E3,PEDRO,63,"00:14:12","1000224859","01:55:57"
"1000224859",2026-09-18,8,EYU3356D4,JOSÉ,58,"00:13:52","1000224859","01:55:57"
"1000224859",2026-09-18,8,EYU3356E2,EMANUEL,65,"00:28:00","1000224859","01:55:57"
"1000224859",2026-09-18,8,EYU3356D3,LUCAS,87,"00:15:02","1000224859","01:55:57"
"1000224859",2026-09-18,8,EYU3356D1,LUCAS,88,"00:05:50","1000224859","01:55:57"
"1000224859",2026-09-18,8,EYU3356E1,LEONARDO,129,"00:21:44","1000224859","01:55:57"
"1000224861",2026-09-18,10,EYU3363D2,LEONARDO,57,"00:00:16","1000224861","01:57:44"
"1000224861",2026-09-18,10,EYU3363E2,PEDRO,75,"00:09:25","1000224861","01:57:44"
"1000224861",2026-09-18,10,EYU3363D1,PEDRO,76,"00:03:47","1000224861","01:57:44"
"1000224861",2026-09-18,10,EYU3363D5,JOSÉ,94,"00:22:14","1000224861","01:57:44"
"1000224861",2026-09-18,10,EYU3363D4,LUCAS,108,"00:11:07","1000224861","01:57:44"
"1000224861",2026-09-18,10,EYU3363D3,EMANUEL,113,"00:21:33","1000224861","01:57:44"
"1000224861",2026-09-18,10,EYU3363E1,LUCAS,118,"00:09:13","1000224861","01:57:44"
"1000224861",2026-09-18,10,EYU3363E4,LEONARDO,78,"00:26:24","1000224861","01:57:44"
"1000224861",2026-09-18,10,EYU3363COMODATO,LUCAS,41,"00:08:49","1000224861","01:57:44"
"1000224861",2026-09-18,10,EYU3363E3,LEONARDO,40,"00:04:56","1000224861","01:57:44"
"1000224858",2026-09-18,8,FDS1225D2,JOSÉ,145,"00:16:39","1000224858","02:13:47"
"1000224858",2026-09-18,8,FDS1225E5,EMANUEL,152,"00:34:31","1000224858","02:13:47"
"1000224858",2026-09-18,8,FDS1225E3,JOSÉ,133,"00:18:15","1000224858","02:13:47"
"1000224858",2026-09-18,8,FDS1225D4,LEONARDO,16,"00:00:05","1000224858","02:13:47"
"1000224858",2026-09-18,8,FDS1225D3,LUCAS,67,"00:17:58","1000224858","02:13:47"
"1000224858",2026-09-18,8,FDS1225E2,LUCAS,63,"00:06:22","1000224858","02:13:47"
"1000224858",2026-09-18,8,FDS1225E4,LEONARDO,69,"00:18:15","1000224858","02:13:47"
"1000224858",2026-09-18,8,FDS1225D5,PEDRO,84,"00:21:42","1000224858","02:13:47"
"1000224867",2026-09-18,5,DBC8725E3,LEONARDO,90,"00:08:41","1000224867","00:42:58"
"1000224867",2026-09-18,5,DBC8725E2,LEONARDO,42,"00:00:04","1000224867","00:42:58"
"1000224867",2026-09-18,5,DBC8725D2,JOSÉ,88,"00:15:20","1000224867","00:42:58"
"1000224867",2026-09-18,5,DBC8725D3,LUCAS,43,"00:11:46","1000224867","00:42:58"
"1000224867",2026-09-18,5,DBC8725D5,PEDRO,51,"00:07:07","1000224867","00:42:58"
"1000224864",2026-09-18,4,TMG6G62E1,JOSÉ,127,"00:28:04","1000224864","00:48:26"
"1000224864",2026-09-18,4,TMG6G62D1,PEDRO,54,"00:00:04","1000224864","00:48:26"
"1000224864",2026-09-18,4,TMG6G62D3,LEONARDO,19,"00:07:22","1000224864","00:48:26"
"1000224864",2026-09-18,4,TMG6G62D2,PEDRO,43,"00:12:56","1000224864","00:48:26"
"1000224860",2026-09-18,6,EYU3361D4,PEDRO,87,"00:17:30","1000224860","01:27:36"
"1000224860",2026-09-18,6,EYU3361E3,LEONARDO,111,"00:28:34","1000224860","01:27:36"
"1000224860",2026-09-18,6,EYU3361D3,LUCAS,114,"00:14:44","1000224860","01:27:36"
"1000224860",2026-09-18,6,EYU3361D2,JOSÉ,62,"00:16:58","1000224860","01:27:36"
"1000224860",2026-09-18,6,EYU3361E2,JOSÉ,66,"00:00:09","1000224860","01:27:36"
"1000224860",2026-09-18,6,EYU3361E1,LEONARDO,151,"00:09:41","1000224860","01:27:36"
"1000224865",2026-09-18,6,FQU8482E2,PEDRO,41,"00:05:50","1000224865","01:36:03"
"1000224865",2026-09-18,6,FQU8482E1,LEONARDO,69,"00:43:30","1000224865","01:36:03"
"1000224865",2026-09-18,6,FQU8482D1,LUCAS,161,"00:32:30","1000224865","01:36:03"
"1000224865",2026-09-18,6,FQU8482COMODATO,PEDRO,29,"00:07:00","1000224865","01:36:03"
"1000224865",2026-09-18,6,FQU8482D3,JOSÉ,55,"00:07:05","1000224865","01:36:03"
"1000224865",2026-09-18,6,FQU8482D2,JOSÉ,38,"00:00:08","1000224865","01:36:03"
"1000224866",2026-09-18,6,DBC8717D4,LEONARDO,33,"00:08:37","1000224866","01:57:21"
"1000224866",2026-09-18,6,DBC8717D2,LEONARDO,40,"00:00:28","1000224866","01:57:21"
"1000224866",2026-09-18,6,DBC8717E1,PEDRO,81,"00:16:40","1000224866","01:57:21"
"1000224866",2026-09-18,6,DBC8717D3,LUCAS,104,"00:25:11","1000224866","01:57:21"
"1000224866",2026-09-18,6,DBC8717D1,JOSÉ,117,"00:25:31","1000224866","01:57:21"
"1000224866",2026-09-18,6,DBC8717E4,EMANUEL,129,"00:40:54","1000224866","01:57:21"
"1000224862",2026-09-18,6,EYU3370E2,JOSÉ,32,"00:00:03","1000224862","01:25:51"
"1000224862",2026-09-18,6,EYU3370D4,PEDRO,54,"00:12:12","1000224862","01:25:51"
"1000224862",2026-09-18,6,EYU3370E3,LUCAS,74,"00:14:09","1000224862","01:25:51"
"1000224862",2026-09-18,6,EYU3370D3,EMANUEL,160,"00:46:50","1000224862","01:25:51"
"1000224862",2026-09-18,6,EYU3370D5,JOSÉ,56,"00:12:33","1000224862","01:25:51"
"1000224862",2026-09-18,6,EYU3370COMODATO,JOSÉ,30,"00:00:04","1000224862","01:25:51"
"1000224863",2026-09-18,4,EYU3371D2,PEDRO,20,"00:03:10","1000224863","00:12:41"
"1000224863",2026-09-18,4,EYU3371D3,PEDRO,26,"00:00:04","1000224863","00:12:41"
"1000224863",2026-09-18,4,EYU3371D1,PEDRO,38,"00:00:07","1000224863","00:12:41"
"1000224863",2026-09-18,4,EYU3371E1,LUCAS,66,"00:09:20","1000224863","00:12:41"
"1000225103",2026-09-21,1,DBC8722D1,JOSÉ,178,"00:39:57","1000225103","00:39:57"
"1000225110",2026-09-21,1,GDB5855E1,JOSÉ,68,"00:14:30","1000225110","00:14:30"
"1000225108",2026-09-21,5,FDS1225D1,JOSÉ,66,"00:10:01","1000225108","00:42:46"
"1000225108",2026-09-21,5,FDS1225D2,JOSÉ,20,"00:00:03","1000225108","00:42:46"
"1000225108",2026-09-21,5,FDS1225D3,EMANUEL,52,"00:08:30","1000225108","00:42:46"
"1000225108",2026-09-21,5,FDS1225E1,LUCAS,44,"00:20:08","1000225108","00:42:46"
"1000225108",2026-09-21,5,FDS1225E2,JOSÉ,14,"00:04:04","1000225108","00:42:46"
"1000225102",2026-09-21,2,DBC8722D3,EMANUEL,10,"00:02:59","1000225102","00:14:13"
"1000225102",2026-09-21,2,DBC8722E2,JOSÉ,112,"00:11:14","1000225102","00:14:13"
"1000225105",2026-09-21,3,DBC8722D2,LUCAS,11,"00:04:32","1000225105","00:30:41"
"1000225105",2026-09-21,3,DBC8722E1,LEONARDO,121,"00:26:04","1000225105","00:30:41"
"1000225105",2026-09-21,3,DBC8722E2,PEDRO,2,"00:00:05","1000225105","00:30:41"
"1000225104",2026-09-21,3,EYU3370D2,EMANUEL,4,"00:02:00","1000225104","00:39:22"
"1000225104",2026-09-21,3,EYU3370E1,LUCAS,104,"00:17:30","1000225104","00:39:22"
"1000225104",2026-09-21,3,EYU3370D1,PEDRO,153,"00:19:52","1000225104","00:39:22"
"1000225109",2026-09-21,4,EYU3372E1,LUCAS,36,"00:14:37","1000225109","00:28:13"
"1000225109",2026-09-21,4,EYU3372E3,LEONARDO,8,"00:03:02","1000225109","00:28:13"
"1000225109",2026-09-21,4,EYU3372D1,PEDRO,29,"00:10:31","1000225109","00:28:13"
"1000225109",2026-09-21,4,EYU3372D3,LEONARDO,2,"00:00:03","1000225109","00:28:13"
"1000225106",2026-09-21,3,DBC8722D2,JOSÉ,2,"00:00:08","1000225106","00:42:59"
"1000225106",2026-09-21,3,DBC8722E2,PEDRO,6,"00:02:48","1000225106","00:42:59"
"1000225106",2026-09-21,3,DBC8722E1,EMANUEL,177,"00:40:03","1000225106","00:42:59"
"1000225079",2026-09-21,9,EYU3361D1,JOSÉ,77,"00:00:05","1000225079","02:55:18"
"1000225079",2026-09-21,9,EYU3361E2,LUCAS,148,"00:51:02","1000225079","02:55:18"
"1000225079",2026-09-21,9,EYU3361E4,PEDRO,172,"00:30:50","1000225079","02:55:18"
"1000225079",2026-09-21,9,EYU3361E3,LEONARDO,92,"00:17:33","1000225079","02:55:18"
"1000225079",2026-09-21,9,EYU3361E1,EMANUEL,114,"00:18:17","1000225079","02:55:18"
"1000225079",2026-09-21,9,EYU3361D5,EMANUEL,61,"00:00:06","1000225079","02:55:18"
"1000225079",2026-09-21,9,EYU3361D4,LEONARDO,54,"00:14:08","1000225079","02:55:18"
"1000225079",2026-09-21,9,EYU3361D3,EMANUEL,93,"00:28:21","1000225079","02:55:18"
"1000225079",2026-09-21,9,EYU3361D2,JOSÉ,68,"00:14:56","1000225079","02:55:18"
"1000225111",2026-09-21,4,FCX9994E2,LEONARDO,92,"00:12:53","1000225111","00:28:40"
"1000225111",2026-09-21,4,FCX9994D2,LUCAS,22,"00:06:15","1000225111","00:28:40"
"1000225111",2026-09-21,4,FCX9994E1,JOSÉ,23,"00:07:29","1000225111","00:28:40"
"1000225111",2026-09-21,4,FCX9994E3,EMANUEL,4,"00:02:03","1000225111","00:28:40"
"1000225078",2026-09-21,8,EYU3356D5,JOSÉ,60,"00:13:28","1000225078","02:43:28"
"1000225078",2026-09-21,8,EYU3356D3,JOSÉ,64,"00:00:14","1000225078","02:43:28"
"1000225078",2026-09-21,8,EYU3356E3,JOSÉ,48,"00:16:25","1000225078","02:43:28"
"1000225078",2026-09-21,8,EYU3356D4,LEONARDO,127,"00:15:52","1000225078","02:43:28"
"1000225078",2026-09-21,8,EYU3356E5,EMANUEL,154,"00:27:36","1000225078","02:43:28"
"1000225078",2026-09-21,8,EYU3356D2,LEONARDO,148,"00:22:48","1000225078","02:43:28"
"1000225078",2026-09-21,8,EYU3356E4,PEDRO,93,"00:31:27","1000225078","02:43:28"
"1000225078",2026-09-21,8,EYU3356E2,LUCAS,100,"00:35:38","1000225078","02:43:28"
"1000225080",2026-09-21,10,EYU3363COMODATO,LEONARDO,137,"00:17:47","1000225080","02:12:28"
"1000225080",2026-09-21,10,EYU3363D3,PEDRO,155,"00:32:22","1000225080","02:12:28"
"1000225080",2026-09-21,10,EYU3363E1,JOSÉ,179,"00:18:29","1000225080","02:12:28"
"1000225080",2026-09-21,10,EYU3363E3,JOSÉ,110,"00:20:45","1000225080","02:12:28"
"1000225080",2026-09-21,10,EYU3363D2,LEONARDO,48,"00:02:33","1000225080","02:12:28"
"1000225080",2026-09-21,10,EYU3363E4,LUCAS,56,"00:11:45","1000225080","02:12:28"
"1000225080",2026-09-21,10,EYU3363E2,EMANUEL,71,"00:15:48","1000225080","02:12:28"
"1000225080",2026-09-21,10,EYU3363E5,LEONARDO,28,"00:00:06","1000225080","02:12:28"
"1000225080",2026-09-21,10,EYU3363D4,LEONARDO,83,"00:12:31","1000225080","02:12:28"
"1000225080",2026-09-21,10,EYU3363D5,LUCAS,5,"00:00:22","1000225080","02:12:28"
"1000225082",2026-09-21,5,EYU3371D3,LEONARDO,55,"00:16:55","1000225082","01:39:34"
"1000225082",2026-09-21,5,EYU3371D4,LUCAS,87,"00:23:22","1000225082","01:39:34"
"1000225082",2026-09-21,5,EYU3371E2,JOSÉ,98,"00:21:02","1000225082","01:39:34"
"1000225082",2026-09-21,5,EYU3371E3,EMANUEL,154,"00:36:19","1000225082","01:39:34"
"1000225082",2026-09-21,5,EYU3371E4,PEDRO,23,"00:01:56","1000225082","01:39:34"
"1000225088",2026-09-21,8,EYU3376D3,EMANUEL,69,"00:24:46","1000225088","02:49:47"
"1000225088",2026-09-21,8,EYU3376D4,LEONARDO,133,"00:27:29","1000225088","02:49:47"
"1000225088",2026-09-21,8,EYU3376E2,JOSÉ,69,"00:00:05","1000225088","02:49:47"
"1000225088",2026-09-21,8,EYU3376E1,LUCAS,75,"00:16:54","1000225088","02:49:47"
"1000225088",2026-09-21,8,EYU3376D5,PEDRO,113,"00:33:43","1000225088","02:49:47"
"1000225088",2026-09-21,8,EYU3376D2,EMANUEL,133,"00:23:47","1000225088","02:49:47"
"1000225088",2026-09-21,8,EYU3376E3,LEONARDO,112,"00:15:40","1000225088","02:49:47"
"1000225088",2026-09-21,8,EYU3376E4,JOSÉ,113,"00:27:23","1000225088","02:49:47"
"1000225089",2026-09-21,7,GDB5855E5,JOSÉ,85,"00:14:39","1000225089","02:14:26"
"1000225089",2026-09-21,7,GDB5855D3,EMANUEL,64,"00:22:24","1000225089","02:14:26"
"1000225089",2026-09-21,7,GDB5855E3,LUCAS,113,"00:27:09","1000225089","02:14:26"
"1000225089",2026-09-21,7,GDB5855E2,LEONARDO,160,"00:20:55","1000225089","02:14:26"
"1000225089",2026-09-21,7,GDB5855D5,PEDRO,181,"00:42:59","1000225089","02:14:26"
"1000225089",2026-09-21,7,GDB5855E4,LEONARDO,26,"00:03:13","1000225089","02:14:26"
"1000225089",2026-09-21,7,GDB5855D2,EMANUEL,94,"00:03:07","1000225089","02:14:26"
"1000225094",2026-09-21,9,EYU3705COMODATO,PEDRO,13,"00:00:03","1000225094","01:38:43"
"1000225094",2026-09-21,9,EYU3705E3,JOSÉ,77,"00:12:21","1000225094","01:38:43"
"1000225094",2026-09-21,9,EYU3705E5,JOSÉ,39,"00:04:01","1000225094","01:38:43"
"1000225094",2026-09-21,9,EYU3705D3,LEONARDO,64,"00:12:11","1000225094","01:38:43"
"1000225094",2026-09-21,9,EYU3705D2,JOSÉ,81,"00:00:04","1000225094","01:38:43"
"1000225094",2026-09-21,9,EYU3705E2,PEDRO,118,"00:25:02","1000225094","01:38:43"
"1000225094",2026-09-21,9,EYU3705D5,LEONARDO,81,"00:09:03","1000225094","01:38:43"
"1000225094",2026-09-21,9,EYU3705E4,LUCAS,74,"00:16:45","1000225094","01:38:43"
"1000225094",2026-09-21,9,EYU3705D4,LUCAS,54,"00:19:13","1000225094","01:38:43"
"1000225092",2026-09-21,7,DBC8725D4,LUCAS,90,"00:13:55","1000225092","02:10:08"
"1000225092",2026-09-21,7,DBC8725E2,JOSÉ,40,"00:00:08","1000225092","02:10:08"
"1000225092",2026-09-21,7,DBC8725E1,PEDRO,79,"00:08:59","1000225092","02:10:08"
"1000225092",2026-09-21,7,DBC8725E4,LUCAS,45,"00:12:35","1000225092","02:10:08"
"1000225092",2026-09-21,7,DBC8725D2,EMANUEL,62,"00:17:05","1000225092","02:10:08"
"1000225092",2026-09-21,7,DBC8725D3,PEDRO,98,"00:22:42","1000225092","02:10:08"
"1000225092",2026-09-21,7,DBC8725E3,LEONARDO,80,"00:54:44","1000225092","02:10:08"
"1000225090",2026-09-21,4,TMG6G62D2,JOSÉ,153,"00:33:26","1000225090","00:59:19"
"1000225090",2026-09-21,4,TMG6G62E3,LUCAS,18,"00:11:34","1000225090","00:59:19"
"1000225090",2026-09-21,4,TMG6G62D1,LUCAS,33,"00:00:09","1000225090","00:59:19"
"1000225090",2026-09-21,4,TMG6G62E2,PEDRO,56,"00:14:10","1000225090","00:59:19"
"1000225081",2026-09-21,10,EYU3370D2,LEONARDO,76,"00:00:50","1000225081","02:11:58"
"1000225081",2026-09-21,10,EYU3370E2,JOSÉ,90,"00:19:25","1000225081","02:11:58"
"1000225081",2026-09-21,10,EYU3370D1,JOSÉ,97,"00:01:33","1000225081","02:11:58"
"1000225081",2026-09-21,10,EYU3370COMODATO,EMANUEL,7,"00:00:06","1000225081","02:11:58"
"1000225081",2026-09-21,10,EYU3370D4,PEDRO,61,"00:15:09","1000225081","02:11:58"
"1000225081",2026-09-21,10,EYU3370D5,LUCAS,131,"00:18:16","1000225081","02:11:58"
"1000225081",2026-09-21,10,EYU3370D3,LUCAS,50,"00:10:40","1000225081","02:11:58"
"1000225081",2026-09-21,10,EYU3370E3,EMANUEL,110,"00:29:39","1000225081","02:11:58"
"1000225081",2026-09-21,10,EYU3370E1,PEDRO,124,"00:22:17","1000225081","02:11:58"
"1000225081",2026-09-21,10,EYU3370E4,LEONARDO,59,"00:14:03","1000225081","02:11:58"
"1000225091",2026-09-21,6,FQU8482D2,JOSÉ,118,"00:34:11","1000225091","01:51:23"
"1000225091",2026-09-21,6,FQU8482E1,LUCAS,28,"00:00:13","1000225091","01:51:23"
"1000225091",2026-09-21,6,FQU8482E2,LEONARDO,67,"00:13:28","1000225091","01:51:23"
"1000225091",2026-09-21,6,FQU8482E3,PEDRO,69,"00:13:15","1000225091","01:51:23"
"1000225091",2026-09-21,6,FQU8482D1,LUCAS,78,"00:14:29","1000225091","01:51:23"
"1000225091",2026-09-21,6,FQU8482D3,EMANUEL,97,"00:35:47","1000225091","01:51:23"
"1000225083",2026-09-21,8,EYU3372E2,JOSÉ,124,"00:18:02","1000225083","01:39:16"
"1000225083",2026-09-21,8,EYU3372D1,LUCAS,94,"00:07:07","1000225083","01:39:16"
"1000225083",2026-09-21,8,EYU3372E3,LUCAS,51,"00:18:54","1000225083","01:39:16"
"1000225083",2026-09-21,8,EYU3372D2,LEONARDO,138,"00:25:25","1000225083","01:39:16"
"1000225083",2026-09-21,8,EYU3372D4,PEDRO,40,"00:08:16","1000225083","01:39:16"
"1000225083",2026-09-21,8,EYU3372E1,LUCAS,56,"00:00:08","1000225083","01:39:16"
"1000225083",2026-09-21,8,EYU3372E4,PEDRO,17,"00:00:08","1000225083","01:39:16"
"1000225083",2026-09-21,8,EYU3372D3,EMANUEL,81,"00:21:16","1000225083","01:39:16"
"1000225101",2026-09-21,9,CMT0004E2,LUCAS,182,"00:13:50","1000225101","03:00:55"
"1000225101",2026-09-21,9,CMT0004E4,JOSÉ,71,"00:13:24","1000225101","03:00:55"
"1000225101",2026-09-21,9,CMT0004D5,LEONARDO,70,"00:25:20","1000225101","03:00:55"
"1000225101",2026-09-21,9,CMT0004E5,LUCAS,70,"00:26:11","1000225101","03:00:55"
"1000225101",2026-09-21,9,CMT0004D2,LEONARDO,100,"00:18:17","1000225101","03:00:55"
"1000225101",2026-09-21,9,CMT0004E3,EMANUEL,114,"00:37:30","1000225101","03:00:55"
"1000225101",2026-09-21,9,CMT0004D3,JOSÉ,124,"00:21:33","1000225101","03:00:55"
"1000225101",2026-09-21,9,CMT0004COMODATO,PEDRO,176,"00:24:45","1000225101","03:00:55"
"1000225101",2026-09-21,9,CMT0004D4,PEDRO,23,"00:00:05","1000225101","03:00:55"
"1000225077",2026-09-21,6,CMT0003E2,JOSÉ,104,"00:15:23","1000225077","01:45:15"
"1000225077",2026-09-21,6,CMT0003E1,EMANUEL,90,"00:25:57","1000225077","01:45:15"
"1000225077",2026-09-21,6,CMT0003D3,LEONARDO,99,"00:15:35","1000225077","01:45:15"
"1000225077",2026-09-21,6,CMT0003D2,LUCAS,166,"00:17:25","1000225077","01:45:15"
"1000225077",2026-09-21,6,CMT0003D4,LUCAS,49,"00:14:30","1000225077","01:45:15"
"1000225077",2026-09-21,6,CMT0003E3,PEDRO,72,"00:16:25","1000225077","01:45:15"
"1000225075",2026-09-21,4,CMT0001E3,JOSÉ,20,"00:07:39","1000225075","00:34:04"
"1000225075",2026-09-21,4,CMT0001E2,LUCAS,20,"00:00:08","1000225075","00:34:04"
"1000225075",2026-09-21,4,CMT0001D2,LEONARDO,37,"00:14:27","1000225075","00:34:04"
"1000225075",2026-09-21,4,CMT0001E1,JOSÉ,72,"00:11:50","1000225075","00:34:04"
"1000225093",2026-09-21,8,FCX9994D1,LUCAS,96,"00:03:25","1000225093","01:41:26"
"1000225093",2026-09-21,8,FCX9994E1,PEDRO,64,"00:00:09","1000225093","01:41:26"
"1000225093",2026-09-21,8,FCX9994D4,LUCAS,59,"00:07:51","1000225093","01:41:26"
"1000225093",2026-09-21,8,FCX9994E3,LEONARDO,98,"00:27:36","1000225093","01:41:26"
"1000225093",2026-09-21,8,FCX9994E4,LUCAS,16,"00:00:10","1000225093","01:41:26"
"1000225093",2026-09-21,8,FCX9994D3,JOSÉ,67,"00:13:26","1000225093","01:41:26"
"1000225093",2026-09-21,8,FCX9994D2,EMANUEL,80,"00:24:11","1000225093","01:41:26"
"1000225093",2026-09-21,8,FCX9994E2,PEDRO,114,"00:24:38","1000225093","01:41:26"
"1000225072",2026-09-22,7,TLH2G15D3,João F.,66,"00:11:54","1000225072","00:50:24"
"1000225072",2026-09-22,7,TLH2G15E2,Bruno M.,35,"00:08:41","1000225072","00:50:24"
"1000225072",2026-09-22,7,TLH2G15COMODATO,Lucas O.,40,"00:08:45","1000225072","00:50:24"
"1000225072",2026-09-22,7,TLH2G15E1,Bruno M.,165,"00:06:37","1000225072","00:50:24"
"1000225072",2026-09-22,7,TLH2G15D1,Lucas O.,180,"00:04:03","1000225072","00:50:24"
"1000225072",2026-09-22,7,TLH2G15D2,Bruno M.,20,"00:06:08","1000225072","00:50:24"
"1000225072",2026-09-22,7,TLH2G15E3,João F.,34,"00:04:16","1000225072","00:50:24"
"1000225073",2026-09-22,7,TLQ5G22E1,Bruno M.,172,"00:11:13","1000225073","01:00:22"
"1000225073",2026-09-22,7,TLQ5G22E2,Lucas O.,79,"00:13:42","1000225073","01:00:22"
"1000225073",2026-09-22,7,TLQ5G22D2,João F.,49,"00:12:21","1000225073","01:00:22"
"1000225073",2026-09-22,7,TLQ5G22COMODATO,Bruno M.,31,"00:09:44","1000225073","01:00:22"
"1000225073",2026-09-22,7,TLQ5G22D1,Bruno M.,47,"00:04:38","1000225073","01:00:22"
"1000225073",2026-09-22,7,TLQ5G22D3,João F.,38,"00:05:44","1000225073","01:00:22"
"1000225073",2026-09-22,7,TLQ5G22E3,Lucas O.,8,"00:03:00","1000225073","01:00:22"
"1000225071",2026-09-22,5,TIQ8B37D2,Lucas O.,13,"00:04:56","1000225071","00:44:59"
"1000225071",2026-09-22,5,TIQ8B37COMODATO,Bruno M.,28,"00:03:44","1000225071","00:44:59"
"1000225071",2026-09-22,5,TIQ8B37E2,João F.,38,"00:12:53","1000225071","00:44:59"
"1000225071",2026-09-22,5,TIQ8B37D1,Bruno M.,49,"00:08:06","1000225071","00:44:59"
"1000225071",2026-09-22,5,TIQ8B37E1,Lucas O.,80,"00:15:20","1000225071","00:44:59"
"1000225296",2026-09-22,10,EYU3703D1,LUCAS,58,"00:07:21","1000225296","02:08:39"
"1000225296",2026-09-22,10,EYU3703E2,PEDRO,73,"00:17:03","1000225296","02:08:39"
"1000225296",2026-09-22,10,EYU3703D5,LEONARDO,108,"00:16:24","1000225296","02:08:39"
"1000225296",2026-09-22,10,EYU3703E3,JOSÉ,4,"00:00:18","1000225296","02:08:39"
"1000225296",2026-09-22,10,EYU3703E5,JOSÉ,122,"00:25:21","1000225296","02:08:39"
"1000225296",2026-09-22,10,EYU3703D2,EMANUEL,131,"00:39:43","1000225296","02:08:39"
"1000225296",2026-09-22,10,EYU3703D4,LUCAS,27,"00:01:53","1000225296","02:08:39"
"1000225296",2026-09-22,10,EYU3703E1,PEDRO,44,"00:00:59","1000225296","02:08:39"
"1000225296",2026-09-22,10,EYU3703E4,LEONARDO,62,"00:09:33","1000225296","02:08:39"
"1000225296",2026-09-22,10,EYU3703D3,LUCAS,91,"00:10:04","1000225296","02:08:39"
"1000225290",2026-09-22,8,FDS1225D3,LEONARDO,91,"00:25:18","1000225290","01:30:38"
"1000225290",2026-09-22,8,FDS1225E4,PEDRO,58,"00:11:03","1000225290","01:30:38"
"1000225290",2026-09-22,8,FDS1225E2,PEDRO,66,"00:00:09","1000225290","01:30:38"
"1000225290",2026-09-22,8,FDS1225D4,LUCAS,54,"00:12:25","1000225290","01:30:38"
"1000225290",2026-09-22,8,FDS1225E3,PEDRO,51,"00:09:17","1000225290","01:30:38"
"1000225290",2026-09-22,8,FDS1225D2,LUCAS,53,"00:05:09","1000225290","01:30:38"
"1000225290",2026-09-22,8,FDS1225E1,LUCAS,153,"00:06:01","1000225290","01:30:38"
"1000225290",2026-09-22,8,FDS1225D5,EMANUEL,57,"00:21:16","1000225290","01:30:38"
"1000225293",2026-09-22,10,EYU3371E1,PEDRO,104,"00:04:37","1000225293","02:04:17"
"1000225293",2026-09-22,10,EYU3371E4,EMANUEL,123,"00:23:51","1000225293","02:04:17"
"1000225293",2026-09-22,10,EYU3371D4,PEDRO,77,"00:17:35","1000225293","02:04:17"
"1000225293",2026-09-22,10,EYU3371D5,LEONARDO,54,"00:01:26","1000225293","02:04:17"
"1000225293",2026-09-22,10,EYU3371D1,LEONARDO,79,"00:01:45","1000225293","02:04:17"
"1000225293",2026-09-22,10,EYU3371E2,LUCAS,146,"00:17:17","1000225293","02:04:17"
"1000225293",2026-09-22,10,EYU3371D3,LEONARDO,54,"00:22:03","1000225293","02:04:17"
"1000225293",2026-09-22,10,EYU3371COMODATO,PEDRO,10,"00:00:27","1000225293","02:04:17"
"1000225293",2026-09-22,10,EYU3371E3,EMANUEL,51,"00:29:17","1000225293","02:04:17"
"1000225293",2026-09-22,10,EYU3371D2,LEONARDO,71,"00:05:59","1000225293","02:04:17"
"1000225291",2026-09-22,7,EYU3356E1,PEDRO,100,"00:12:17","1000225291","01:45:11"
"1000225291",2026-09-22,7,EYU3356D3,JOSÉ,110,"00:18:41","1000225291","01:45:11"
"1000225291",2026-09-22,7,EYU3356D2,LEONARDO,190,"00:10:06","1000225291","01:45:11"
"1000225291",2026-09-22,7,EYU3356E4,EMANUEL,154,"00:07:45","1000225291","01:45:11"
"1000225291",2026-09-22,7,EYU3356E2,EMANUEL,50,"00:21:20","1000225291","01:45:11"
"1000225291",2026-09-22,7,EYU3356D4,LUCAS,80,"00:08:44","1000225291","01:45:11"
"1000225291",2026-09-22,7,EYU3356E3,LEONARDO,88,"00:26:18","1000225291","01:45:11"
"1000225292",2026-09-22,9,EYU3361D5,EMANUEL,62,"00:01:42","1000225292","01:53:22"
"1000225292",2026-09-22,9,EYU3361D3,JOSÉ,128,"00:40:18","1000225292","01:53:22"
"1000225292",2026-09-22,9,EYU3361D1,LUCAS,80,"00:02:52","1000225292","01:53:22"
"1000225292",2026-09-22,9,EYU3361D2,PEDRO,130,"00:22:14","1000225292","01:53:22"
"1000225292",2026-09-22,9,EYU3361E1,LEONARDO,90,"00:12:39","1000225292","01:53:22"
"1000225292",2026-09-22,9,EYU3361E2,LUCAS,151,"00:16:16","1000225292","01:53:22"
"1000225292",2026-09-22,9,EYU3361E3,LUCAS,118,"00:16:34","1000225292","01:53:22"
"1000225292",2026-09-22,9,EYU3361D4,EMANUEL,5,"00:00:05","1000225292","01:53:22"
"1000225292",2026-09-22,9,EYU3361E4,EMANUEL,23,"00:00:42","1000225292","01:53:22"
"1000225294",2026-09-22,8,EYU3372E4,JOSÉ,67,"00:13:51","1000225294","01:08:14"
"1000225294",2026-09-22,8,EYU3372D1,PEDRO,157,"00:07:02","1000225294","01:08:14"
"1000225294",2026-09-22,8,EYU3372E3,LUCAS,83,"00:13:40","1000225294","01:08:14"
"1000225294",2026-09-22,8,EYU3372E2,LEONARDO,53,"00:07:54","1000225294","01:08:14"
"1000225294",2026-09-22,8,EYU3372D5,JOSÉ,21,"00:00:04","1000225294","01:08:14"
"1000225294",2026-09-22,8,EYU3372D2,PEDRO,58,"00:15:02","1000225294","01:08:14"
"1000225294",2026-09-22,8,EYU3372E1,PEDRO,64,"00:00:38","1000225294","01:08:14"
"1000225294",2026-09-22,8,EYU3372D3,LUCAS,72,"00:10:03","1000225294","01:08:14"
"1000225295",2026-09-22,10,EYU3702D1,JOSÉ,157,"01:25:06","1000225295","03:24:10"
"1000225295",2026-09-22,10,EYU3702E5,LEONARDO,112,"00:07:23","1000225295","03:24:10"
"1000225295",2026-09-22,10,EYU3702D3,LUCAS,141,"00:19:00","1000225295","03:24:10"
"1000225295",2026-09-22,10,EYU3702E3,LUCAS,79,"00:12:32","1000225295","03:24:10"
"1000225295",2026-09-22,10,EYU3702D2,LUCAS,73,"00:02:15","1000225295","03:24:10"
"1000225295",2026-09-22,10,EYU3702E2,LEONARDO,80,"00:16:05","1000225295","03:24:10"
"1000225295",2026-09-22,10,EYU3702D4,JOSÉ,87,"00:14:59","1000225295","03:24:10"
"1000225295",2026-09-22,10,EYU3702E1,EMANUEL,100,"00:20:14","1000225295","03:24:10"
"1000225295",2026-09-22,10,EYU3702E4,LEONARDO,19,"00:02:13","1000225295","03:24:10"
"1000225295",2026-09-22,10,EYU3702D5,PEDRO,131,"00:24:23","1000225295","03:24:10"
"1000225301",2026-09-22,6,DBC8725E2,EMANUEL,54,"00:07:12","1000225301","01:07:47"
"1000225301",2026-09-22,6,DBC8725D2,JOSÉ,37,"00:00:05","1000225301","01:07:47"
"1000225301",2026-09-22,6,DBC8725D4,LEONARDO,62,"00:22:44","1000225301","01:07:47"
"1000225301",2026-09-22,6,DBC8725D1,PEDRO,100,"00:13:54","1000225301","01:07:47"
"1000225301",2026-09-22,6,DBC8725E1,LUCAS,190,"00:19:40","1000225301","01:07:47"
"1000225301",2026-09-22,6,DBC8725E3,JOSÉ,11,"00:04:12","1000225301","01:07:47"
"1000225299",2026-09-22,6,FQU8482E2,PEDRO,21,"00:06:10","1000225299","01:00:38"
"1000225299",2026-09-22,6,FQU8482D2,LUCAS,16,"00:01:14","1000225299","01:00:38"
"1000225299",2026-09-22,6,FQU8482COMODATO,LEONARDO,109,"00:18:00","1000225299","01:00:38"
"1000225299",2026-09-22,6,FQU8482E1,LUCAS,19,"00:05:24","1000225299","01:00:38"
"1000225299",2026-09-22,6,FQU8482E3,PEDRO,6,"00:01:55","1000225299","01:00:38"
"1000225299",2026-09-22,6,FQU8482D1,JOSÉ,158,"00:27:55","1000225299","01:00:38"
"1000225302",2026-09-22,9,FCX9994D3,LEONARDO,33,"00:07:22","1000225302","01:53:49"
"1000225302",2026-09-22,9,FCX9994E2,LEONARDO,50,"00:01:29","1000225302","01:53:49"
"1000225302",2026-09-22,9,FCX9994E4,LUCAS,144,"00:22:57","1000225302","01:53:49"
"1000225302",2026-09-22,9,FCX9994E3,PEDRO,77,"00:17:50","1000225302","01:53:49"
"1000225302",2026-09-22,9,FCX9994E1,LEONARDO,79,"00:12:31","1000225302","01:53:49"
"1000225302",2026-09-22,9,FCX9994E5,EMANUEL,85,"00:16:02","1000225302","01:53:49"
"1000225302",2026-09-22,9,FCX9994D4,JOSÉ,85,"00:14:07","1000225302","01:53:49"
"1000225302",2026-09-22,9,FCX9994D5,LUCAS,10,"00:00:29","1000225302","01:53:49"
"1000225302",2026-09-22,9,FCX9994D2,JOSÉ,182,"00:21:02","1000225302","01:53:49"
"1000225300",2026-09-22,5,DBC8722E3,PEDRO,65,"00:10:40","1000225300","01:09:46"
"1000225300",2026-09-22,5,DBC8722D2,LUCAS,170,"00:19:04","1000225300","01:09:46"
"1000225300",2026-09-22,5,DBC8722E2,EMANUEL,160,"00:26:49","1000225300","01:09:46"
"1000225300",2026-09-22,5,DBC8722D3,PEDRO,21,"00:02:29","1000225300","01:09:46"
"1000225300",2026-09-22,5,DBC8722E1,LEONARDO,60,"00:10:44","1000225300","01:09:46"
"1000225298",2026-09-22,10,GDB5855D4,JOSÉ,137,"00:21:34","1000225298","01:42:08"
"1000225298",2026-09-22,10,GDB5855E5,LEONARDO,51,"00:01:50","1000225298","01:42:08"
"1000225298",2026-09-22,10,GDB5855D3,EMANUEL,52,"00:17:55","1000225298","01:42:08"
"1000225298",2026-09-22,10,GDB5855E1,LUCAS,81,"00:01:08","1000225298","01:42:08"
"1000225298",2026-09-22,10,GDB5855E3,LUCAS,114,"00:13:37","1000225298","01:42:08"
"1000225298",2026-09-22,10,GDB5855COMODATO,JOSÉ,33,"00:00:04","1000225298","01:42:08"
"1000225298",2026-09-22,10,GDB5855D5,PEDRO,107,"00:22:21","1000225298","01:42:08"
"1000225298",2026-09-22,10,GDB5855E4,LEONARDO,56,"00:12:32","1000225298","01:42:08"
"1000225298",2026-09-22,10,GDB5855D2,LUCAS,85,"00:04:20","1000225298","01:42:08"
"1000225298",2026-09-22,10,GDB5855E2,LEONARDO,97,"00:06:47","1000225298","01:42:08"
"1000225313",2026-09-22,1,DBC8725D1,JOSÉ,78,"00:10:08","1000225313","00:10:08"
"1000225286",2026-09-23,5,TIQ8B37D1,Bruno M.,192,"00:11:12","1000225286","00:47:07"
"1000225286",2026-09-23,5,TIQ8B37E2,Lucas O.,70,"00:17:57","1000225286","00:47:07"
"1000225286",2026-09-23,5,TIQ8B37D2,João F.,27,"00:05:44","1000225286","00:47:07"
"1000225286",2026-09-23,5,TIQ8B37E1,João F.,16,"00:03:58","1000225286","00:47:07"
"1000225286",2026-09-23,5,TIQ8B37COMODATO,Bruno M.,1,"00:08:16","1000225286","00:47:07"
"1000225287",2026-09-23,6,FRY0B42D2,Bruno M.,34,"00:06:15","1000225287","00:54:26"
"1000225287",2026-09-23,6,FRY0B42E2,João F.,60,"00:09:59","1000225287","00:54:26"
"1000225287",2026-09-23,6,FRY0B42D3,Lucas O.,104,"00:21:53","1000225287","00:54:26"
"1000225287",2026-09-23,6,FRY0B42E1,Bruno M.,180,"00:02:12","1000225287","00:54:26"
"1000225287",2026-09-23,6,FRY0B42E3,Bruno M.,44,"00:08:21","1000225287","00:54:26"
"1000225287",2026-09-23,6,FRY0B42COMODATO,João F.,15,"00:05:46","1000225287","00:54:26"
"1000225288",2026-09-23,7,FPX7822D3,Bruno M.,163,"00:07:29","1000225288","01:02:20"
"1000225288",2026-09-23,7,FPX7822E3,João F.,82,"00:14:46","1000225288","01:02:20"
"1000225288",2026-09-23,7,FPX7822D5,Lucas O.,60,"00:11:47","1000225288","01:02:20"
"1000225288",2026-09-23,7,FPX7822E4,João F.,34,"00:04:43","1000225288","01:02:20"
"1000225288",2026-09-23,7,FPX7822E5,Lucas O.,23,"00:06:37","1000225288","01:02:20"
"1000225288",2026-09-23,7,FPX7822E2,Bruno M.,59,"00:08:23","1000225288","01:02:20"
"1000225288",2026-09-23,7,FPX7822D4,Bruno M.,38,"00:08:35","1000225288","01:02:20"
"1000225517",2026-09-23,7,FQU8482E1,JOSÉ,91,"00:13:19","1000225517","01:09:33"
"1000225517",2026-09-23,7,FQU8482D2,LUCAS,38,"00:01:13","1000225517","01:09:33"
"1000225517",2026-09-23,7,FQU8482COMODATO,LUCAS,4,"00:00:56","1000225517","01:09:33"
"1000225517",2026-09-23,7,FQU8482D1,JOSÉ,54,"00:07:55","1000225517","01:09:33"
"1000225517",2026-09-23,7,FQU8482E2,LEONARDO,76,"00:22:06","1000225517","01:09:33"
"1000225517",2026-09-23,7,FQU8482E3,LUCAS,79,"00:13:05","1000225517","01:09:33"
"1000225517",2026-09-23,7,FQU8482D3,LUCAS,126,"00:10:59","1000225517","01:09:33"
"1000225519",2026-09-23,10,DBC8725D1,LUCAS,233,"00:06:17","1000225519","01:47:33"
"1000225519",2026-09-23,10,DBC8725E5,JOSÉ,183,"00:04:06","1000225519","01:47:33"
"1000225519",2026-09-23,10,DBC8725D2,LUCAS,220,"00:34:01","1000225519","01:47:33"
"1000225519",2026-09-23,10,DBC8725E4,JOSÉ,1,"00:00:06","1000225519","01:47:33"
"1000225519",2026-09-23,10,DBC8725E3,PEDRO,22,"00:07:44","1000225519","01:47:33"
"1000225519",2026-09-23,10,DBC8725E2,JOSÉ,31,"00:01:43","1000225519","01:47:33"
"1000225519",2026-09-23,10,DBC8725D5,LEONARDO,73,"00:13:35","1000225519","01:47:33"
"1000225519",2026-09-23,10,DBC8725D3,JOSÉ,126,"00:14:15","1000225519","01:47:33"
"1000225519",2026-09-23,10,DBC8725D4,LEONARDO,70,"00:10:28","1000225519","01:47:33"
"1000225519",2026-09-23,10,DBC8725E1,PEDRO,75,"00:15:18","1000225519","01:47:33"
"1000225509",2026-09-23,9,EYU3356D3,LEONARDO,52,"00:17:17","1000225509","02:20:11"
"1000225509",2026-09-23,9,EYU3356D4,PEDRO,80,"00:21:32","1000225509","02:20:11"
"1000225509",2026-09-23,9,EYU3356E2,LUCAS,53,"00:02:43","1000225509","02:20:11"
"1000225509",2026-09-23,9,EYU3356D5,LEONARDO,127,"00:21:51","1000225509","02:20:11"
"1000225509",2026-09-23,9,EYU3356E5,EMANUEL,122,"00:13:58","1000225509","02:20:11"
"1000225509",2026-09-23,9,EYU3356D2,LUCAS,91,"00:08:09","1000225509","02:20:11"
"1000225509",2026-09-23,9,EYU3356E1,LUCAS,169,"00:09:24","1000225509","02:20:11"
"1000225509",2026-09-23,9,EYU3356E4,PEDRO,138,"00:22:23","1000225509","02:20:11"
"1000225509",2026-09-23,9,EYU3356E3,EMANUEL,71,"00:22:54","1000225509","02:20:11"
"1000225518",2026-09-23,5,DBC8722D4,JOSÉ,220,"00:08:15","1000225518","00:45:47"
"1000225518",2026-09-23,5,DBC8722D3,JOSÉ,15,"00:04:43","1000225518","00:45:47"
"1000225518",2026-09-23,5,DBC8722E2,PEDRO,34,"00:05:43","1000225518","00:45:47"
"1000225518",2026-09-23,5,DBC8722D2,LEONARDO,93,"00:13:57","1000225518","00:45:47"
"1000225518",2026-09-23,5,DBC8722E1,LUCAS,220,"00:13:09","1000225518","00:45:47"
"1000225511",2026-09-23,8,EYU3371D3,PEDRO,101,"00:24:50","1000225511","01:59:21"
"1000225511",2026-09-23,8,EYU3371D2,LUCAS,133,"00:16:48","1000225511","01:59:21"
"1000225511",2026-09-23,8,EYU3371E4,EMANUEL,91,"00:08:20","1000225511","01:59:21"
"1000225511",2026-09-23,8,EYU3371D5,JOSÉ,54,"00:02:57","1000225511","01:59:21"
"1000225511",2026-09-23,8,EYU3371E1,JOSÉ,65,"00:00:05","1000225511","01:59:21"
"1000225511",2026-09-23,8,EYU3371D4,LUCAS,76,"00:11:38","1000225511","01:59:21"
"1000225511",2026-09-23,8,EYU3371E3,EMANUEL,99,"00:33:28","1000225511","01:59:21"
"1000225511",2026-09-23,8,EYU3371E2,LEONARDO,79,"00:21:15","1000225511","01:59:21"
"1000225510",2026-09-23,10,EYU3363D2,LUCAS,200,"00:18:07","1000225510","02:25:32"
"1000225510",2026-09-23,10,EYU3363D5,PEDRO,66,"00:10:15","1000225510","02:25:32"
"1000225510",2026-09-23,10,EYU3363E1,LUCAS,100,"00:07:14","1000225510","02:25:32"
"1000225510",2026-09-23,10,EYU3363COMODATO,LUCAS,51,"00:08:48","1000225510","02:25:32"
"1000225510",2026-09-23,10,EYU3363E4,PEDRO,23,"00:00:43","1000225510","02:25:32"
"1000225510",2026-09-23,10,EYU3363D3,LUCAS,40,"00:01:06","1000225510","02:25:32"
"1000225510",2026-09-23,10,EYU3363E2,EMANUEL,69,"00:19:17","1000225510","02:25:32"
"1000225510",2026-09-23,10,EYU3363E3,JOSÉ,171,"00:44:14","1000225510","02:25:32"
"1000225510",2026-09-23,10,EYU3363D1,LEONARDO,130,"00:17:36","1000225510","02:25:32"
"1000225510",2026-09-23,10,EYU3363E5,LEONARDO,96,"00:18:12","1000225510","02:25:32"
"1000225500",2026-09-23,1,CMT0006D1,PEDRO,63,"00:08:40","1000225500","00:08:40"
"1000225513",2026-09-23,7,EYU3702E1,PEDRO,81,"00:00:51","1000225513","01:44:58"
"1000225513",2026-09-23,7,EYU3702D4,PEDRO,22,"00:00:35","1000225513","01:44:58"
"1000225513",2026-09-23,7,EYU3702D3,PEDRO,46,"00:07:31","1000225513","01:44:58"
"1000225513",2026-09-23,7,EYU3702D1,LEONARDO,91,"00:10:59","1000225513","01:44:58"
"1000225513",2026-09-23,7,EYU3702E2,EMANUEL,142,"00:40:12","1000225513","01:44:58"
"1000225513",2026-09-23,7,EYU3702D2,LUCAS,126,"00:13:47","1000225513","01:44:58"
"1000225513",2026-09-23,7,EYU3702E4,JOSÉ,92,"00:31:03","1000225513","01:44:58"
"1000225512",2026-09-23,9,EYU3372D2,LUCAS,94,"00:10:01","1000225512","01:31:03"
"1000225512",2026-09-23,9,EYU3372D1,PEDRO,78,"00:01:48","1000225512","01:31:03"
"1000225512",2026-09-23,9,EYU3372E3,LUCAS,113,"00:12:52","1000225512","01:31:03"
"1000225512",2026-09-23,9,EYU3372E1,LUCAS,86,"00:06:46","1000225512","01:31:03"
"1000225512",2026-09-23,9,EYU3372D4,JOSÉ,120,"00:20:00","1000225512","01:31:03"
"1000225512",2026-09-23,9,EYU3372E2,PEDRO,48,"00:09:33","1000225512","01:31:03"
"1000225512",2026-09-23,9,EYU3372D3,LEONARDO,92,"00:16:46","1000225512","01:31:03"
"1000225512",2026-09-23,9,EYU3372D5,PEDRO,60,"00:00:37","1000225512","01:31:03"
"1000225512",2026-09-23,9,EYU3372E4,PEDRO,109,"00:12:40","1000225512","01:31:03"
"1000225515",2026-09-23,10,EYU3705E4,EMANUEL,130,"00:27:38","1000225515","02:28:29"
"1000225515",2026-09-23,10,EYU3705D2,PEDRO,64,"00:00:37","1000225515","02:28:29"
"1000225515",2026-09-23,10,EYU3705E1,LEONARDO,90,"00:11:22","1000225515","02:28:29"
"1000225515",2026-09-23,10,EYU3705D3,LUCAS,102,"00:15:25","1000225515","02:28:29"
"1000225515",2026-09-23,10,EYU3705D5,JOSÉ,91,"00:20:33","1000225515","02:28:29"
"1000225515",2026-09-23,10,EYU3705D1,PEDRO,191,"00:24:05","1000225515","02:28:29"
"1000225515",2026-09-23,10,EYU3705E5,LEONARDO,168,"00:22:25","1000225515","02:28:29"
"1000225515",2026-09-23,10,EYU3705E3,PEDRO,73,"00:15:39","1000225515","02:28:29"
"1000225515",2026-09-23,10,EYU3705COMODATO,EMANUEL,7,"00:02:14","1000225515","02:28:29"
"1000225515",2026-09-23,10,EYU3705E2,LUCAS,60,"00:08:31","1000225515","02:28:29"
"1000225514",2026-09-23,9,EYU3703E5,JOSÉ,84,"00:17:56","1000225514","01:40:41"
"1000225514",2026-09-23,9,EYU3703D5,LUCAS,64,"00:01:45","1000225514","01:40:41"
"1000225514",2026-09-23,9,EYU3703E3,PEDRO,103,"00:15:25","1000225514","01:40:41"
"1000225514",2026-09-23,9,EYU3703D2,LEONARDO,79,"00:05:13","1000225514","01:40:41"
"1000225514",2026-09-23,9,EYU3703E4,PEDRO,7,"00:00:16","1000225514","01:40:41"
"1000225514",2026-09-23,9,EYU3703E2,LEONARDO,145,"00:22:37","1000225514","01:40:41"
"1000225514",2026-09-23,9,EYU3703D4,LUCAS,64,"00:12:00","1000225514","01:40:41"
"1000225514",2026-09-23,9,EYU3703E1,PEDRO,81,"00:00:34","1000225514","01:40:41"
"1000225514",2026-09-23,9,EYU3703D3,LUCAS,169,"00:24:55","1000225514","01:40:41"
"1000225516",2026-09-23,9,GDB5855D5,JOSÉ,162,"00:24:10","1000225516","02:10:56"
"1000225516",2026-09-23,9,GDB5855D2,LUCAS,80,"00:01:35","1000225516","02:10:56"
"1000225516",2026-09-23,9,GDB5855E4,EMANUEL,123,"00:13:58","1000225516","02:10:56"
"1000225516",2026-09-23,9,GDB5855E5,LEONARDO,56,"00:15:31","1000225516","02:10:56"
"1000225516",2026-09-23,9,GDB5855D4,PEDRO,117,"00:43:53","1000225516","02:10:56"
"1000225516",2026-09-23,9,GDB5855E3,LEONARDO,83,"00:16:45","1000225516","02:10:56"
"1000225516",2026-09-23,9,GDB5855D3,LUCAS,58,"00:04:47","1000225516","02:10:56"
"1000225516",2026-09-23,9,GDB5855E2,LUCAS,60,"00:08:18","1000225516","02:10:56"
"1000225516",2026-09-23,9,GDB5855COMODATO,LUCAS,30,"00:01:59","1000225516","02:10:56"
"1000225480",2026-09-24,6,TLH2G15E3,Bruno M.,81,"00:12:04","1000225480","01:13:31"
"1000225480",2026-09-24,6,TLH2G15E1,Lucas O.,86,"00:13:07","1000225480","01:13:31"
"1000225480",2026-09-24,6,TLH2G15COMODATO,João F.,41,"00:07:31","1000225480","01:13:31"
"1000225480",2026-09-24,6,TLH2G15E2,Lucas O.,40,"00:14:06","1000225480","01:13:31"
"1000225480",2026-09-24,6,TLH2G15D2,Bruno M.,62,"00:13:49","1000225480","01:13:31"
"1000225480",2026-09-24,6,TLH2G15D3,João F.,66,"00:12:54","1000225480","01:13:31"
"1000225479",2026-09-24,7,FRY0B42E1,Bruno M.,185,"00:30:38","1000225479","01:32:44"
"1000225479",2026-09-24,7,FRY0B42D1,Lucas O.,59,"00:09:16","1000225479","01:32:44"
"1000225479",2026-09-24,7,FRY0B42E2,Lucas O.,76,"00:13:47","1000225479","01:32:44"
"1000225479",2026-09-24,7,FRY0B42D3,João F.,109,"00:16:13","1000225479","01:32:44"
"1000225479",2026-09-24,7,FRY0B42D2,Lucas O.,19,"00:04:39","1000225479","01:32:44"
"1000225479",2026-09-24,7,FRY0B42COMODATO,João F.,31,"00:08:20","1000225479","01:32:44"
"1000225479",2026-09-24,7,FRY0B42E3,Bruno M.,29,"00:09:51","1000225479","01:32:44"
"1000225478",2026-09-24,5,TIQ8B37E2,Bruno M.,39,"00:04:52","1000225478","00:37:28"
"1000225478",2026-09-24,5,TIQ8B37E1,João F.,87,"00:14:11","1000225478","00:37:28"
"1000225478",2026-09-24,5,TIQ8B37D1,Bruno M.,26,"00:06:33","1000225478","00:37:28"
"1000225478",2026-09-24,5,TIQ8B37COMODATO,João F.,30,"00:03:26","1000225478","00:37:28"
"1000225478",2026-09-24,5,TIQ8B37D2,Bruno M.,36,"00:08:26","1000225478","00:37:28"
"1000225721",2026-09-25,6,TLQ5G22D1,Lucas O.,187,"00:11:47","1000225721","01:53:07"
"1000225721",2026-09-25,6,TLQ5G22D3,João F.,152,"00:38:09","1000225721","01:53:07"
"1000225721",2026-09-25,6,TLQ5G22COMODATO,Bruno M.,75,"00:10:00","1000225721","01:53:07"
"1000225721",2026-09-25,6,TLQ5G22D2,Lucas O.,92,"00:24:05","1000225721","01:53:07"
"1000225721",2026-09-25,6,TLQ5G22E1,Bruno M.,95,"00:19:05","1000225721","01:53:07"
"1000225721",2026-09-25,6,TLQ5G22E2,Bruno M.,33,"00:10:01","1000225721","01:53:07"
"1000225720",2026-09-25,5,TLH2G15D2,Bruno M.,55,"00:11:04","1000225720","01:13:12"
"1000225720",2026-09-25,5,TLH2G15COMODATO,João F.,93,"00:18:06","1000225720","01:13:12"
"1000225720",2026-09-25,5,TLH2G15E1,Lucas O.,197,"00:33:37","1000225720","01:13:12"
"1000225720",2026-09-25,5,TLH2G15E2,João F.,32,"00:06:49","1000225720","01:13:12"
"1000225720",2026-09-25,5,TLH2G15E3,Bruno M.,32,"00:03:36","1000225720","01:13:12"
"1000225692",2026-09-24,10,FDS1225E2,LEONARDO,60,"00:10:10","1000225692","02:32:30"
"1000225692",2026-09-24,10,FDS1225D1,LEONARDO,100,"00:12:57","1000225692","02:32:30"
"1000225692",2026-09-24,10,FDS1225D3,PEDRO,144,"00:23:09","1000225692","02:32:30"
"1000225692",2026-09-24,10,FDS1225E1,LUCAS,157,"00:07:10","1000225692","02:32:30"
"1000225692",2026-09-24,10,FDS1225E3,LUCAS,51,"00:00:35","1000225692","02:32:30"
"1000225692",2026-09-24,10,FDS1225D2,PEDRO,55,"00:00:09","1000225692","02:32:30"
"1000225692",2026-09-24,10,FDS1225E5,EMANUEL,109,"00:26:26","1000225692","02:32:30"
"1000225692",2026-09-24,10,FDS1225D5,LUCAS,96,"00:16:24","1000225692","02:32:30"
"1000225692",2026-09-24,10,FDS1225E4,JOSÉ,153,"00:41:12","1000225692","02:32:30"
"1000225692",2026-09-24,10,FDS1225COMODATO,PEDRO,37,"00:14:18","1000225692","02:32:30"
"1000225695",2026-09-24,9,EYU3370D4,LUCAS,111,"00:10:45","1000225695","01:35:27"
"1000225695",2026-09-24,9,EYU3370E5,EMANUEL,47,"00:00:41","1000225695","01:35:27"
"1000225695",2026-09-24,9,EYU3370D5,LUCAS,75,"00:09:43","1000225695","01:35:27"
"1000225695",2026-09-24,9,EYU3370D2,JOSÉ,62,"00:12:14","1000225695","01:35:27"
"1000225695",2026-09-24,9,EYU3370E3,LEONARDO,119,"00:16:04","1000225695","01:35:27"
"1000225695",2026-09-24,9,EYU3370E1,LEONARDO,72,"00:00:54","1000225695","01:35:27"
"1000225695",2026-09-24,9,EYU3370E4,PEDRO,73,"00:15:36","1000225695","01:35:27"
"1000225695",2026-09-24,9,EYU3370E2,EMANUEL,109,"00:13:07","1000225695","01:35:27"
"1000225695",2026-09-24,9,EYU3370D3,LEONARDO,115,"00:16:23","1000225695","01:35:27"
"1000225696",2026-09-24,7,EYU3371E2,EMANUEL,159,"00:07:47","1000225696","01:13:01"
"1000225696",2026-09-24,7,EYU3371E3,EMANUEL,69,"00:18:48","1000225696","01:13:01"
"1000225696",2026-09-24,7,EYU3371D2,PEDRO,63,"00:11:48","1000225696","01:13:01"
"1000225696",2026-09-24,7,EYU3371D4,LUCAS,30,"00:10:21","1000225696","01:13:01"
"1000225696",2026-09-24,7,EYU3371E4,JOSÉ,52,"00:10:09","1000225696","01:13:01"
"1000225696",2026-09-24,7,EYU3371D3,JOSÉ,63,"00:01:42","1000225696","01:13:01"
"1000225696",2026-09-24,7,EYU3371D5,LUCAS,89,"00:12:26","1000225696","01:13:01"
"1000225697",2026-09-24,8,EYU3702E2,LEONARDO,48,"00:11:20","1000225697","01:57:10"
"1000225697",2026-09-24,8,EYU3702D4,LEONARDO,107,"00:23:05","1000225697","01:57:10"
"1000225697",2026-09-24,8,EYU3702D3,PEDRO,106,"00:24:46","1000225697","01:57:10"
"1000225697",2026-09-24,8,EYU3702D1,PEDRO,86,"00:10:49","1000225697","01:57:10"
"1000225697",2026-09-24,8,EYU3702E1,EMANUEL,62,"00:13:52","1000225697","01:57:10"
"1000225697",2026-09-24,8,EYU3702D2,LUCAS,36,"00:00:13","1000225697","01:57:10"
"1000225697",2026-09-24,8,EYU3702E4,JOSÉ,96,"00:16:27","1000225697","01:57:10"
"1000225697",2026-09-24,8,EYU3702E3,LUCAS,85,"00:16:38","1000225697","01:57:10"
"1000225701",2026-09-24,5,DBC8722E2,LUCAS,51,"00:07:17","1000225701","01:00:00"
"1000225701",2026-09-24,5,DBC8722COMODATO,LUCAS,10,"00:00:30","1000225701","01:00:00"
"1000225701",2026-09-24,5,DBC8722D1,LUCAS,68,"00:00:08","1000225701","01:00:00"
"1000225701",2026-09-24,5,DBC8722D2,PEDRO,97,"00:25:41","1000225701","01:00:00"
"1000225701",2026-09-24,5,DBC8722E1,LEONARDO,192,"00:26:24","1000225701","01:00:00"
"1000225507",2026-09-24,1,CMT0013D1,LEONARDO,91,"00:15:07","1000225507","00:15:07"
"1000225693",2026-09-24,8,EYU3361D2,LEONARDO,73,"00:10:52","1000225693","01:28:20"
"1000225693",2026-09-24,8,EYU3361E2,JOSÉ,48,"00:00:06","1000225693","01:28:20"
"1000225693",2026-09-24,8,EYU3361E4,JOSÉ,38,"00:06:52","1000225693","01:28:20"
"1000225693",2026-09-24,8,EYU3361E5,PEDRO,114,"00:22:02","1000225693","01:28:20"
"1000225693",2026-09-24,8,EYU3361D4,JOSÉ,49,"00:00:06","1000225693","01:28:20"
"1000225693",2026-09-24,8,EYU3361COMODATO,JOSÉ,127,"00:26:00","1000225693","01:28:20"
"1000225693",2026-09-24,8,EYU3361E3,LUCAS,77,"00:11:51","1000225693","01:28:20"
"1000225693",2026-09-24,8,EYU3361D3,LEONARDO,120,"00:10:31","1000225693","01:28:20"
"1000225506",2026-09-24,1,CMT0012D1,PEDRO,132,"00:20:10","1000225506","00:20:10"
"1000225499",2026-09-24,1,CMT0005D1,LUCAS,126,"00:18:10","1000225499","00:18:10"
"1000225702",2026-09-24,6,FCX9994E2,PEDRO,100,"00:15:55","1000225702","01:21:35"
"1000225702",2026-09-24,6,FCX9994D4,LEONARDO,142,"00:18:06","1000225702","01:21:35"
"1000225702",2026-09-24,6,FCX9994D2,JOSÉ,179,"00:11:48","1000225702","01:21:35"
"1000225702",2026-09-24,6,FCX9994E4,JOSÉ,66,"00:14:06","1000225702","01:21:35"
"1000225702",2026-09-24,6,FCX9994D3,JOSÉ,48,"00:00:06","1000225702","01:21:35"
"1000225702",2026-09-24,6,FCX9994E3,LUCAS,70,"00:21:34","1000225702","01:21:35"
"1000225698",2026-09-24,8,EYU3376D4,LUCAS,177,"00:11:14","1000225698","01:28:36"
"1000225698",2026-09-24,8,EYU3376COMODATO,PEDRO,1,"00:00:03","1000225698","01:28:36"
"1000225698",2026-09-24,8,EYU3376E2,PEDRO,21,"00:00:08","1000225698","01:28:36"
"1000225698",2026-09-24,8,EYU3376D2,JOSÉ,57,"00:14:11","1000225698","01:28:36"
"1000225698",2026-09-24,8,EYU3376E1,LUCAS,78,"00:15:58","1000225698","01:28:36"
"1000225698",2026-09-24,8,EYU3376D3,LEONARDO,110,"00:15:17","1000225698","01:28:36"
"1000225698",2026-09-24,8,EYU3376E4,EMANUEL,159,"00:18:59","1000225698","01:28:36"
"1000225698",2026-09-24,8,EYU3376D1,JOSÉ,169,"00:12:46","1000225698","01:28:36"
"1000225700",2026-09-24,5,FQU8482E1,PEDRO,132,"00:16:22","1000225700","01:07:41"
"1000225700",2026-09-24,5,FQU8482D2,JOSÉ,1,"00:00:57","1000225700","01:07:41"
"1000225700",2026-09-24,5,FQU8482E2,JOSÉ,19,"00:00:06","1000225700","01:07:41"
"1000225700",2026-09-24,5,FQU8482D3,LUCAS,80,"00:19:15","1000225700","01:07:41"
"1000225700",2026-09-24,5,FQU8482E3,EMANUEL,73,"00:31:01","1000225700","01:07:41"
"1000225699",2026-09-24,4,GDB5855E2,JOSÉ,23,"00:04:32","1000225699","00:15:18"
"1000225699",2026-09-24,4,GDB5855E3,JOSÉ,3,"00:01:41","1000225699","00:15:18"
"1000225699",2026-09-24,4,GDB5855D2,JOSÉ,22,"00:00:04","1000225699","00:15:18"
"1000225699",2026-09-24,4,GDB5855D3,LUCAS,33,"00:09:01","1000225699","00:15:18"
"1000225496",2026-09-24,1,CMT0002D1,LUCAS,112,"00:14:05","1000225496","00:14:05"
"1000225694",2026-09-24,6,EYU3363E4,PEDRO,56,"00:11:51","1000225694","02:15:33"
"1000225694",2026-09-24,6,EYU3363D3,LUCAS,147,"00:10:23","1000225694","02:15:33"
"1000225694",2026-09-24,6,EYU3363E3,EMANUEL,238,"01:22:14","1000225694","02:15:33"
"1000225694",2026-09-24,6,EYU3363E1,JOSÉ,100,"00:19:45","1000225694","02:15:33"
"1000225694",2026-09-24,6,EYU3363D2,PEDRO,59,"00:00:07","1000225694","02:15:33"
"1000225694",2026-09-24,6,EYU3363D4,LUCAS,56,"00:11:13","1000225694","02:15:33"
"1000225501",2026-09-24,1,CMT0007D1,JOSÉ,297,"00:45:06","1000225501","00:45:06"
"1000225505",2026-09-24,1,CMT0011D1,LEONARDO,150,"00:18:53","1000225505","00:18:53"
"1000225532",2026-09-24,2,CMT0014E1,LUCAS,4,"00:02:15","1000225532","00:02:21"
"1000225532",2026-09-24,2,CMT0014D1,EMANUEL,1,"00:00:06","1000225532","00:02:21"
"1000225503",2026-09-24,1,CMT0009D1,JOSÉ,108,"00:23:32","1000225503","00:23:32"
"1000225508",2026-09-24,1,OUR1001D1,LEONARDO,211,"00:25:12","1000225508","00:25:12"
"1000225504",2026-09-24,1,CMT0010D1,LUCAS,60,"00:09:06","1000225504","00:09:06"
"1000225502",2026-09-24,1,CMT0008D1,PEDRO,105,"00:13:04","1000225502","00:13:04"
"1000225342",2026-09-24,5,CMT0004E1,LUCAS,136,"00:17:17","1000225342","00:52:08"
"1000225342",2026-09-24,5,CMT0004D1,PEDRO,80,"00:12:31","1000225342","00:52:08"
"1000225342",2026-09-24,5,CMT0004D3,LUCAS,40,"00:04:39","1000225342","00:52:08"
"1000225342",2026-09-24,5,CMT0004D2,EMANUEL,54,"00:08:37","1000225342","00:52:08"
"1000225342",2026-09-24,5,CMT0004E2,LEONARDO,69,"00:09:04","1000225342","00:52:08"
"1000225340",2026-09-24,3,CMT0001D1,EMANUEL,84,"00:27:40","1000225340","00:40:42"
"1000225340",2026-09-24,3,CMT0001E1,LEONARDO,92,"00:08:50","1000225340","00:40:42"
"1000225340",2026-09-24,3,CMT0001D3,PEDRO,8,"00:04:12","1000225340","00:40:42"
"1000225896",2026-09-25,8,EYU3361E2,LEONARDO,96,"00:18:16","1000225896","01:13:28"
"1000225896",2026-09-25,8,EYU3361D2,PEDRO,42,"00:00:06","1000225896","01:13:28"
"1000225896",2026-09-25,8,EYU3361D3,JOSÉ,60,"00:12:56","1000225896","01:13:28"
"1000225896",2026-09-25,8,EYU3361E3,PEDRO,34,"00:06:18","1000225896","01:13:28"
"1000225896",2026-09-25,8,EYU3361E4,LUCAS,59,"00:09:30","1000225896","01:13:28"
"1000225896",2026-09-25,8,EYU3361D4,EMANUEL,64,"00:17:38","1000225896","01:13:28"
"1000225896",2026-09-25,8,EYU3361D1,JOSÉ,99,"00:02:21","1000225896","01:13:28"
"1000225896",2026-09-25,8,EYU3361E1,PEDRO,156,"00:06:23","1000225896","01:13:28"
"1000225900",2026-09-25,8,EYU3703D3,JOSÉ,11,"00:00:05","1000225900","01:34:48"
"1000225900",2026-09-25,8,EYU3703D2,PEDRO,39,"00:10:17","1000225900","01:34:48"
"1000225900",2026-09-25,8,EYU3703E1,JOSÉ,76,"00:07:58","1000225900","01:34:48"
"1000225900",2026-09-25,8,EYU3703E3,LUCAS,51,"00:07:22","1000225900","01:34:48"
"1000225900",2026-09-25,8,EYU3703D4,LUCAS,115,"00:09:26","1000225900","01:34:48"
"1000225900",2026-09-25,8,EYU3703D1,PEDRO,186,"00:17:33","1000225900","01:34:48"
"1000225900",2026-09-25,8,EYU3703E4,EMANUEL,100,"00:25:11","1000225900","01:34:48"
"1000225900",2026-09-25,8,EYU3703E2,LEONARDO,111,"00:16:56","1000225900","01:34:48"
"1000225902",2026-09-25,7,FQU8482D1,JOSÉ,62,"00:00:07","1000225902","00:43:51"
"1000225902",2026-09-25,7,FQU8482D3,PEDRO,31,"00:07:12","1000225902","00:43:51"
"1000225902",2026-09-25,7,FQU8482D2,LUCAS,30,"00:07:28","1000225902","00:43:51"
"1000225902",2026-09-25,7,FQU8482E3,LEONARDO,3,"00:02:32","1000225902","00:43:51"
"1000225902",2026-09-25,7,FQU8482E1,LUCAS,68,"00:08:06","1000225902","00:43:51"
"1000225902",2026-09-25,7,FQU8482COMODATO,LEONARDO,43,"00:08:13","1000225902","00:43:51"
"1000225902",2026-09-25,7,FQU8482E2,JOSÉ,45,"00:10:13","1000225902","00:43:51"
"1000225901",2026-09-25,7,EYU3705E1,LUCAS,98,"00:07:02","1000225901","01:28:12"
"1000225901",2026-09-25,7,EYU3705D3,LUCAS,47,"00:07:35","1000225901","01:28:12"
"1000225901",2026-09-25,7,EYU3705D2,PEDRO,52,"00:17:56","1000225901","01:28:12"
"1000225901",2026-09-25,7,EYU3705D5,LEONARDO,61,"00:13:15","1000225901","01:28:12"
"1000225901",2026-09-25,7,EYU3705E4,JOSÉ,88,"00:14:54","1000225901","01:28:12"
"1000225901",2026-09-25,7,EYU3705E2,LEONARDO,19,"00:04:26","1000225901","01:28:12"
"1000225901",2026-09-25,7,EYU3705E3,EMANUEL,38,"00:23:04","1000225901","01:28:12"
"1000225895",2026-09-25,8,FDS1225E4,LEONARDO,114,"00:28:28","1000225895","01:46:42"
"1000225895",2026-09-25,8,FDS1225D2,PEDRO,47,"00:00:26","1000225895","01:46:42"
"1000225895",2026-09-25,8,FDS1225D4,LUCAS,23,"00:09:09","1000225895","01:46:42"
"1000225895",2026-09-25,8,FDS1225E3,EMANUEL,110,"00:23:19","1000225895","01:46:42"
"1000225895",2026-09-25,8,FDS1225E1,PEDRO,73,"00:09:35","1000225895","01:46:42"
"1000225895",2026-09-25,8,FDS1225E2,PEDRO,33,"00:10:48","1000225895","01:46:42"
"1000225895",2026-09-25,8,FDS1225D3,LUCAS,58,"00:13:43","1000225895","01:46:42"
"1000225895",2026-09-25,8,FDS1225D1,LUCAS,112,"00:11:14","1000225895","01:46:42"
"1000225897",2026-09-25,9,EYU3363E2,EMANUEL,44,"00:22:34","1000225897","01:43:36"
"1000225897",2026-09-25,9,EYU3363E5,PEDRO,1,"00:00:03","1000225897","01:43:36"
"1000225897",2026-09-25,9,EYU3363COMODATO,PEDRO,15,"00:00:03","1000225897","01:43:36"
"1000225897",2026-09-25,9,EYU3363E4,LUCAS,72,"00:12:29","1000225897","01:43:36"
"1000225897",2026-09-25,9,EYU3363D2,LUCAS,170,"00:14:31","1000225897","01:43:36"
"1000225897",2026-09-25,9,EYU3363E3,LEONARDO,94,"00:17:08","1000225897","01:43:36"
"1000225897",2026-09-25,9,EYU3363D4,JOSÉ,163,"00:21:40","1000225897","01:43:36"
"1000225897",2026-09-25,9,EYU3363D3,EMANUEL,54,"00:00:16","1000225897","01:43:36"
"1000225897",2026-09-25,9,EYU3363D5,PEDRO,57,"00:14:52","1000225897","01:43:36"
"1000225898",2026-09-25,8,EYU3371D5,LUCAS,131,"00:16:12","1000225898","02:32:26"
"1000225898",2026-09-25,8,EYU3371E1,PEDRO,179,"00:25:51","1000225898","02:32:26"
"1000225898",2026-09-25,8,EYU3371D2,LEONARDO,64,"00:24:59","1000225898","02:32:26"
"1000225898",2026-09-25,8,EYU3371D3,LUCAS,30,"00:04:11","1000225898","02:32:26"
"1000225898",2026-09-25,8,EYU3371E4,LEONARDO,156,"00:19:42","1000225898","02:32:26"
"1000225898",2026-09-25,8,EYU3371E2,PEDRO,30,"00:00:11","1000225898","02:32:26"
"1000225898",2026-09-25,8,EYU3371D4,EMANUEL,87,"00:29:12","1000225898","02:32:26"
"1000225898",2026-09-25,8,EYU3371E3,JOSÉ,179,"00:32:08","1000225898","02:32:26"
"1000225903",2026-09-25,7,DBC8725D2,LEONARDO,99,"00:18:44","1000225903","01:23:12"
"1000225903",2026-09-25,7,DBC8725D3,JOSÉ,107,"00:25:01","1000225903","01:23:12"
"1000225903",2026-09-25,7,DBC8725D4,EMANUEL,32,"00:15:49","1000225903","01:23:12"
"1000225903",2026-09-25,7,DBC8725E1,JOSÉ,74,"00:00:04","1000225903","01:23:12"
"1000225903",2026-09-25,7,DBC8725D5,EMANUEL,33,"00:00:07","1000225903","01:23:12"
"1000225903",2026-09-25,7,DBC8725E2,PEDRO,39,"00:15:12","1000225903","01:23:12"
"1000225903",2026-09-25,7,DBC8725E4,LUCAS,84,"00:08:15","1000225903","01:23:12"
"1000225899",2026-09-25,8,EYU3702E3,LUCAS,87,"00:09:22","1000225899","02:48:40"
"1000225899",2026-09-25,8,EYU3702E1,PEDRO,107,"00:17:53","1000225899","02:48:40"
"1000225899",2026-09-25,8,EYU3702D5,LUCAS,87,"00:13:46","1000225899","02:48:40"
"1000225899",2026-09-25,8,EYU3702E2,LUCAS,56,"00:00:23","1000225899","02:48:40"
"1000225899",2026-09-25,8,EYU3702D2,JOSÉ,50,"00:14:18","1000225899","02:48:40"
"1000225899",2026-09-25,8,EYU3702D4,LUCAS,94,"00:08:04","1000225899","02:48:40"
"1000225899",2026-09-25,8,EYU3702D3,EMANUEL,59,"00:14:50","1000225899","02:48:40"
"1000225899",2026-09-25,8,EYU3702E4,LEONARDO,67,"01:30:04","1000225899","02:48:40"
"1000225955",2026-09-26,5,TIQ8B37E1,João F.,8,"00:02:01","1000225955","00:13:38"
"1000225955",2026-09-26,5,TIQ8B37COMODATO,Bruno M.,5,"00:01:09","1000225955","00:13:38"
"1000225955",2026-09-26,5,TIQ8B37E2,João F.,6,"00:00:55","1000225955","00:13:38"
"1000225955",2026-09-26,5,TIQ8B37D2,Bruno M.,7,"00:01:05","1000225955","00:13:38"
"1000225955",2026-09-26,5,TIQ8B37D1,Lucas O.,69,"00:08:28","1000225955","00:13:38"
"1000225957",2026-09-26,6,TLH2G15E2,Bruno M.,15,"00:05:53","1000225957","00:57:42"
"1000225957",2026-09-26,6,TLH2G15D3,Lucas O.,39,"00:12:05","1000225957","00:57:42"
"1000225957",2026-09-26,6,TLH2G15D2,Bruno M.,51,"00:13:37","1000225957","00:57:42"
"1000225957",2026-09-26,6,TLH2G15E3,Lucas O.,55,"00:13:36","1000225957","00:57:42"
"1000225957",2026-09-26,6,TLH2G15D1,João F.,60,"00:11:16","1000225957","00:57:42"
"1000225957",2026-09-26,6,TLH2G15E1,Bruno M.,118,"00:01:15","1000225957","00:57:42"
"1000225956",2026-09-26,4,MAT0001E1,Lucas O.,28,"00:10:28","1000225956","00:31:16"
"1000225956",2026-09-26,4,MAT0001D2,Lucas O.,49,"00:07:03","1000225956","00:31:16"
"1000225956",2026-09-26,4,MAT0001E2,João F.,74,"00:12:35","1000225956","00:31:16"
"1000225956",2026-09-26,4,MAT0001D1,João F.,122,"00:01:10","1000225956","00:31:16"
