load_id,client_name,integration_id,load_code,delivery_date,locality_name,vehicle_name,dock,assembled_percentage,checked_percentage,loaded_percentage,load_status_name,load_weight,vehicle_weight_capacity,vehicle_weight_occupation,returnable_quantity_boxes,mix_quantity_boxes,quantity_boxes,returnable_assembler_quantity,mix_assembler_quantity,checker,checking_time,checker_under_count_error_quantity,checker_over_count_error_quantity,checker_total_error_quantity,checker_2,checking_time_2,checker_2_under_count_error_quantity,checker_2_over_count_error_quantity,checker_2_total_error_quantity,checker_3,checking_time_3,checker_3_under_count_error_quantity,checker_3_over_count_error_quantity,checker_3_total_error_quantity,loading_time,operation_time,created_at,updated_at,checking_time_total
418,1,1000189066,FCX9994,2026-01-22,CÂNDIDO MOTA,FCX9994,,100.0,100.0,100.0,Finalizado,4090.9000000000015,1000000.0,0.0,,1089,987,0,0,CONFERENTE / SUPERVISOR ,16.07,0,0,0,,,,,,,,,,,5.29,9.3,2026-10-05 12:14:22.477790+00:00,2026-10-05 12:14:22.477790+00:00,16.07
404,1,1000185775,CYN9319,2026-01-09,CÂNDIDO MOTA,CYN9319,,100.0,100.0,100.0,Finalizado,971.0400000000002,1000000.0,0.0,,112,112,0,0,CONFERENTE / SUPERVISOR ,1.53,0,0,0,,,,,,,,,,,0.53,0.57,2026-10-05 12:14:22.477790+00:00,2026-10-05 12:14:22.477790+00:00,1.53
420,1,1000189445,EYU3362,2026-01-22,CÂNDIDO MOTA,EYU3362,,100.0,100.0,100.0,Finalizado,4323.750000000002,1000000.0,0.0,,1053,1053,0,0,CONFERENTE / SUPERVISOR ,29.27,0,0,0,,,,,,,,,,,4.8,9.3,2026-10-05 12:14:22.477790+00:00,2026-10-05 12:14:22.477790+00:00,29.27
415,1,1000189276,GBD5855,2026-01-22,CÂNDIDO MOTA,GBD5855,,100.0,100.0,100.0,Finalizado,5520.629999999997,1000000.0,1.0,,882,874,0,0,CONFERENTE / SUPERVISOR ,101.53,0,0,0,,,,,,,,,,,5.26,9.3,2026-10-05 12:14:22.477790+00:00,2026-10-05 12:14:22.477790+00:00,101.53
432,1,1000188868,FCX9994,2026-01-23,CÂNDIDO MOTA,FCX9994,,100.0,100.0,100.0,Finalizado,5161.680000000002,1000000.0,1.0,,1418,1340,0,0,CONFERENTE / SUPERVISOR ,11.05,0,0,0,,,,,,,,,,,5.34,4.78,2026-10-05 12:14:22.477790+00:00,2026-10-05 12:14:22.477790+00:00,11.05
531,1,1000190350,CMT0001,2026-01-30,CÂNDIDO MOTA,CMT0001,,100.0,100.0,100.0,Finalizado,2485.9700000000003,1000000.0,0.0,,550,545,0,0,CONFERENTE / SUPERVISOR ,15.85,0,0,0,,,,,,,,,,,2.59,4.0,2026-10-05 12:14:22.477790+00:00,2026-10-05 12:14:22.477790+00:00,15.85
562,1,1000191688,EYU3363,2026-02-05,CÂNDIDO MOTA,EYU3363,,100.0,100.0,100.0,Finalizado,7776.630000000002,1000000.0,1.0,,1000,851,0,0,CONFERENTE / SUPERVISOR ,68.55,0,0,0,,,,,,,,,,,2.61,8.4,2026-10-05 12:14:22.477790+00:00,2026-10-05 12:14:22.477790+00:00,68.55
567,1,1000191030,TLJ3H13,2026-02-05,CÂNDIDO MOTA,TLJ3H13,,100.0,100.0,100.0,Finalizado,3503.0,1000000.0,0.0,,710,650,0,0,CONFERENTE / SUPERVISOR ,8.48,0,0,0,,,,,,,,,,,2.61,8.4,2026-10-05 12:14:22.477790+00:00,2026-10-05 12:14:22.477790+00:00,8.48
607,1,1000194185,FQU8482,2026-02-23,CÂNDIDO MOTA,FQU8482,,100.0,100.0,100.0,Finalizado,3067.5000000000005,1000000.0,0.0,,350,342,0,0,CONFERENTE / SUPERVISOR ,41.23,0,0,0,,,,,,,,,,,5.57,7.75,2026-10-05 12:14:22.477790+00:00,2026-10-05 12:14:22.477790+00:00,41.23
481,1,1000190371,EYU3370,2026-01-28,CÂNDIDO MOTA,EYU3370,,100.0,100.0,100.0,Finalizado,4180.770000000004,1000000.0,0.0,,940,851,0,0,CONFERENTE / SUPERVISOR ,47.77,0,0,0,,,,,,,,,,,5.0,6.32,2026-10-05 12:14:22.477790+00:00,2026-10-05 12:14:22.477790+00:00,47.77
428,1,1000189443,CPJ1398,2026-01-22,CÂNDIDO MOTA,CPJ1398,,100.0,100.0,100.0,Finalizado,3391.9100000000003,1000000.0,0.0,,651,651,0,0,CONFERENTE / SUPERVISOR ,9.07,0,0,0,,,,,,,,,,,8.18,9.3,2026-10-05 12:14:22.477790+00:00,2026-10-05 12:14:22.477790+00:00,9.07
520,1,190592,EYU3361,2026-01-29,CÂNDIDO MOTA,EYU3361,,100.0,100.0,100.0,Finalizado,3715.960000000001,1000000.0,0.0,,613,582,0,0,CONFERENTE / SUPERVISOR ,16.73,0,0,0,,,,,,,,,,,4.76,5.5,2026-10-05 12:14:22.477790+00:00,2026-10-05 12:14:22.477790+00:00,16.73
406,1,1000187611,TMG6G62,2026-01-13,CÂNDIDO MOTA,TMG6G62,,100.0,100.0,100.0,Finalizado,1862.4700000000003,1000000.0,0.0,,374,374,0,0,CONFERENTE / SUPERVISOR ,9.58,0,0,0,,,,,,,,,,,1.25,4.47,2026-10-05 12:14:22.477790+00:00,2026-10-05 12:14:22.477790+00:00,9.58
433,1,1000189439,FUX8622,2026-01-23,CÂNDIDO MOTA,FUX8622,,100.0,100.0,100.0,Finalizado,4202.130000000001,1000000.0,0.0,,850,829,0,0,CONFERENTE / SUPERVISOR ,33.73,0,0,0,,,,,,,,,,,5.61,4.78,2026-10-05 12:14:22.477790+00:00,2026-10-05 12:14:22.477790+00:00,33.73
571,1,1000191842,EYU3371,2026-02-05,CÂNDIDO MOTA,EYU3371,,100.0,100.0,100.0,Finalizado,7241.090000000002,1000000.0,1.0,,839,787,0,0,CONFERENTE / SUPERVISOR ,56.58,0,0,0,,,,,,,,,,,7.22,8.4,2026-10-05 12:14:22.477790+00:00,2026-10-05 12:14:22.477790+00:00,56.58
409,1,1000189049,EYU3702,2026-01-21,CÂNDIDO MOTA,EYU3702,,100.0,100.0,100.0,Finalizado,3537.17,1000000.0,0.0,,667,667,0,0,CONFERENTE / SUPERVISOR ,6.77,0,0,0,,,,,,,,,,,4.78,4.1,2026-10-05 12:14:22.477790+00:00,2026-10-05 12:14:22.477790+00:00,6.77
601,1,1000192938,EYU3372,2026-02-12,CÂNDIDO MOTA,EYU3372,,100.0,100.0,100.0,Finalizado,6297.2800000000025,1000000.0,1.0,,842,758,0,0,CONFERENTE / SUPERVISOR ,15.72,0,0,0,,,,,,,,,,,4.8,2.43,2026-10-05 12:14:22.477790+00:00,2026-10-05 12:14:22.477790+00:00,15.72
603,1,1000194178,CPJ1392,2026-02-23,CÂNDIDO MOTA,CPJ1392,,100.0,100.0,100.0,Finalizado,5826.1600000000035,1000000.0,1.0,,778,749,0,0,CONFERENTE / SUPERVISOR ,114.77,0,0,0,,,,,,,,,,,7.73,7.75,2026-10-05 12:14:22.477790+00:00,2026-10-05 12:14:22.477790+00:00,114.77
604,1,1000194179,EYU3361,2026-02-23,CÂNDIDO MOTA,EYU3361,,100.0,100.0,100.0,Finalizado,6620.050000000004,1000000.0,1.0,,793,776,0,0,CONFERENTE / SUPERVISOR ,212.22,0,0,0,,,,,,,,,,,4.89,7.75,2026-10-05 12:14:22.477790+00:00,2026-10-05 12:14:22.477790+00:00,212.22
685,1,1000219062,EYU3705,2026-08-11,CÂNDIDO MOTA,EYU3705,,100.0,100.0,100.0,Finalizado,4341.0,1000000.0,0.0,,540,525,0,0,CONFERENTE / SUPERVISOR ,19.47,0,0,0,,,,,,,,,,,4.26,7.68,2026-10-05 12:14:22.477790+00:00,2026-10-05 12:14:22.477790+00:00,19.47
471,1,1000190132,EYU3703,2026-01-27,CÂNDIDO MOTA,EYU3703,,100.0,100.0,100.0,Finalizado,3620.4399999999996,1000000.0,0.0,,783,741,0,0,CONFERENTE / SUPERVISOR ,54.93,0,0,0,,,,,,,,,,,5.66,6.83,2026-10-05 12:14:22.477790+00:00,2026-10-05 12:14:22.477790+00:00,54.93
558,1,1000191019,EYU3362,2026-02-04,CÂNDIDO MOTA,EYU3362,,100.0,100.0,100.0,Finalizado,7679.300000000004,1000000.0,1.0,,959,885,0,0,CONFERENTE / SUPERVISOR ,47.35,0,0,0,,,,,,,,,,,5.23,6.42,2026-10-05 12:14:22.477790+00:00,2026-10-05 12:14:22.477790+00:00,47.35
414,1,1000189280,EYU3702,2026-01-22,CÂNDIDO MOTA,EYU3702,,100.0,100.0,100.0,Finalizado,3998.7399999999984,1000000.0,0.0,,982,833,0,0,CONFERENTE / SUPERVISOR ,13.22,0,0,0,,,,,,,,,,,5.32,9.3,2026-10-05 12:14:22.477790+00:00,2026-10-05 12:14:22.477790+00:00,13.22
410,1,1000189048,FCX9994,2026-01-21,CÂNDIDO MOTA,FCX9994,,100.0,100.0,100.0,Finalizado,4701.639999999999,1000000.0,0.0,,860,782,0,0,CONFERENTE / SUPERVISOR ,9.47,0,0,0,,,,,,,,,,,4.74,4.1,2026-10-05 12:14:22.477790+00:00,2026-10-05 12:14:22.477790+00:00,9.47
575,1,1000191873,EYU3370,2026-02-06,CÂNDIDO MOTA,EYU3370,,100.0,100.0,100.0,Finalizado,7870.120000000002,1000000.0,1.0,,828,805,0,0,CONFERENTE / SUPERVISOR ,24.75,0,0,0,,,,,,,,,,,2.77,3.33,2026-10-05 12:14:22.477790+00:00,2026-10-05 12:14:22.477790+00:00,24.75
610,1,1000194381,EYU3371,2026-02-24,CÂNDIDO MOTA,EYU3371,,100.0,100.0,100.0,Finalizado,7721.160000000001,1000000.0,1.0,,793,745,0,0,CONFERENTE / SUPERVISOR ,17.65,0,0,0,,,,,,,,,,,3.1,5.65,2026-10-05 12:14:22.477790+00:00,2026-10-05 12:14:22.477790+00:00,17.65
613,1,1000194379,EYU3361,2026-02-24,CÂNDIDO MOTA,EYU3361,,100.0,100.0,100.0,Finalizado,7771.410000000001,1000000.0,1.0,,960,915,0,0,CONFERENTE / SUPERVISOR ,51.9,0,0,0,,,,,,,,,,,3.99,5.65,2026-10-05 12:14:22.477790+00:00,2026-10-05 12:14:22.477790+00:00,51.9
411,1,1000189050,CPJ1393,2026-01-21,CÂNDIDO MOTA,CPJ1393,,100.0,100.0,100.0,Finalizado,3963.2800000000007,1000000.0,0.0,,741,741,0,0,CONFERENTE / SUPERVISOR ,7.4,0,0,0,,,,,,,,,,,4.76,4.1,2026-10-05 12:14:22.477790+00:00,2026-10-05 12:14:22.477790+00:00,7.4
683,1,1000219060,EYU3702,2026-08-11,CÂNDIDO MOTA,EYU3702,,100.0,100.0,100.0,Finalizado,7613.986000000001,1000000.0,1.0,,1073,936,0,0,CONFERENTE / SUPERVISOR ,99.4,0,0,0,,,,,,,,,,,8.87,7.68,2026-10-05 12:14:22.477790+00:00,2026-10-05 12:14:22.477790+00:00,99.4
472,1,1000190128,EYU3363,2026-01-27,CÂNDIDO MOTA,EYU3363,,100.0,100.0,100.0,Finalizado,3616.2600000000016,1000000.0,0.0,,722,696,0,0,CONFERENTE / SUPERVISOR ,14.18,0,0,0,,,,,,,,,,,6.11,6.83,2026-10-05 12:14:22.477790+00:00,2026-10-05 12:14:22.477790+00:00,14.18
686,1,1000219063,EYU3376,2026-08-11,CÂNDIDO MOTA,EYU3376,,100.0,100.0,100.0,Finalizado,7271.470000000002,1000000.0,1.0,,728,681,0,0,CONFERENTE / SUPERVISOR ,114.32,0,0,0,,,,,,,,,,,5.72,7.68,2026-10-05 12:14:22.477790+00:00,2026-10-05 12:14:22.477790+00:00,114.32
477,1,1000190372,EYU3371,2026-01-28,CÂNDIDO MOTA,EYU3371,,100.0,100.0,100.0,Finalizado,3390.7300000000027,1000000.0,0.0,,643,585,0,0,CONFERENTE / SUPERVISOR ,126.88,0,0,0,,,,,,,,,,,7.03,6.32,2026-10-05 12:14:22.477790+00:00,2026-10-05 12:14:22.477790+00:00,126.88
478,1,1000190373,EYU3372,2026-01-28,CÂNDIDO MOTA,EYU3372,,100.0,100.0,100.0,Finalizado,3258.729999999998,1000000.0,0.0,,631,619,0,0,CONFERENTE / SUPERVISOR ,46.42,0,0,0,,,,,,,,,,,6.51,6.32,2026-10-05 12:14:22.477790+00:00,2026-10-05 12:14:22.477790+00:00,46.42
611,1,1000194386,DBC8719,2026-02-24,CÂNDIDO MOTA,DBC8719,,100.0,100.0,100.0,Finalizado,5735.080000000002,1000000.0,1.0,,635,601,0,0,CONFERENTE / SUPERVISOR ,48.42,0,0,0,,,,,,,,,,,4.81,5.65,2026-10-05 12:14:22.477790+00:00,2026-10-05 12:14:22.477790+00:00,48.42
434,1,CPJ1398,CPJ1398,2026-01-23,CÂNDIDO MOTA,CPJ1398,,100.0,100.0,100.0,Finalizado,2477.32,1000000.0,0.0,,478,478,0,0,CONFERENTE / SUPERVISOR ,10.5,0,0,0,,,,,,,,,,,4.7,4.78,2026-10-05 12:14:22.477790+00:00,2026-10-05 12:14:22.477790+00:00,10.5
422,1,1000189442,CPJ1393,2026-01-22,CÂNDIDO MOTA,CPJ1393,,100.0,100.0,100.0,Finalizado,3252.6400000000012,1000000.0,0.0,,598,598,0,0,CONFERENTE / SUPERVISOR ,12.82,0,0,0,,,,,,,,,,,5.19,9.3,2026-10-05 12:14:22.477790+00:00,2026-10-05 12:14:22.477790+00:00,12.82
474,1,1000190133,EYU3705,2026-01-27,CÂNDIDO MOTA,EYU3705,,100.0,100.0,100.0,Finalizado,4465.720000000001,1000000.0,0.0,,925,891,0,0,CONFERENTE / SUPERVISOR ,72.83,0,0,0,,,,,,,,,,,5.54,6.83,2026-10-05 12:14:22.477790+00:00,2026-10-05 12:14:22.477790+00:00,72.83
518,1,190594,EYU3363,2026-01-29,CÂNDIDO MOTA,EYU3363,,100.0,100.0,100.0,Finalizado,4410.769999999999,1000000.0,0.0,,799,756,0,0,CONFERENTE / SUPERVISOR ,20.02,0,0,0,,,,,,,,,,,3.66,5.5,2026-10-05 12:14:22.477790+00:00,2026-10-05 12:14:22.477790+00:00,20.02
425,1,1000189444,EYU3360,2026-01-22,CÂNDIDO MOTA,EYU3360,,100.0,100.0,100.0,Finalizado,3961.389999999998,1000000.0,0.0,,822,822,0,0,CONFERENTE / SUPERVISOR ,15.45,0,0,0,,,,,,,,,,,6.71,9.3,2026-10-05 12:14:22.477790+00:00,2026-10-05 12:14:22.477790+00:00,15.45
559,1,1000191692,EYU3372,2026-02-04,CÂNDIDO MOTA,EYU3372,,100.0,100.0,100.0,Finalizado,5608.440000000001,1000000.0,1.0,,582,524,0,0,CONFERENTE / SUPERVISOR ,45.3,0,0,0,,,,,,,,,,,4.34,6.42,2026-10-05 12:14:22.477790+00:00,2026-10-05 12:14:22.477790+00:00,45.3
608,1,1000194384,GDB5855,2026-02-24,CÂNDIDO MOTA,GDB5855,,100.0,100.0,100.0,Finalizado,8310.840000000002,1000000.0,1.0,,873,831,0,0,CONFERENTE / SUPERVISOR ,59.87,0,0,0,,,,,,,,,,,5.48,5.65,2026-10-05 12:14:22.477790+00:00,2026-10-05 12:14:22.477790+00:00,59.87
480,1,1000190375,EYU3703,2026-01-28,CÂNDIDO MOTA,EYU3703,,100.0,100.0,100.0,Finalizado,4156.900000000001,1000000.0,0.0,,764,748,0,0,CONFERENTE / SUPERVISOR ,11.28,0,0,0,,,,,,,,,,,5.43,6.32,2026-10-05 12:14:22.477790+00:00,2026-10-05 12:14:22.477790+00:00,11.28
423,1,1000189447,EYU3370,2026-01-22,CÂNDIDO MOTA,EYU3370,,100.0,100.0,100.0,Finalizado,5002.820000000001,1000000.0,1.0,,931,931,0,0,CONFERENTE / SUPERVISOR ,15.28,0,0,0,,,,,,,,,,,5.86,9.3,2026-10-05 12:14:22.477790+00:00,2026-10-05 12:14:22.477790+00:00,15.28
479,1,1000190370,EYU3363,2026-01-28,CÂNDIDO MOTA,EYU3363,,100.0,100.0,100.0,Finalizado,2883.6100000000024,1000000.0,0.0,,679,624,0,0,CONFERENTE / SUPERVISOR ,13.62,0,0,0,,,,,,,,,,,5.98,6.32,2026-10-05 12:14:22.477790+00:00,2026-10-05 12:14:22.477790+00:00,13.62
576,1,1000190516,CYN9319,2026-02-06,CÂNDIDO MOTA,CYN9319,,100.0,100.0,100.0,Finalizado,2624.0,1000000.0,0.0,,128,128,0,0,CONFERENTE / SUPERVISOR ,1.58,0,0,0,,,,,,,,,,,3.13,3.33,2026-10-05 12:14:22.477790+00:00,2026-10-05 12:14:22.477790+00:00,1.58
473,1,1000190127,EYU3362,2026-01-27,CÂNDIDO MOTA,EYU3362,,100.0,100.0,100.0,Finalizado,4886.049999999997,1000000.0,0.0,,985,936,0,0,CONFERENTE / SUPERVISOR ,149.52,0,0,0,,,,,,,,,,,5.97,6.83,2026-10-05 12:14:22.477790+00:00,2026-10-05 12:14:22.477790+00:00,149.52
475,1,1000190137,FUX8622,2026-01-27,CÂNDIDO MOTA,FUX8622,,100.0,100.0,100.0,Finalizado,4952.829999999998,1000000.0,0.0,,782,773,0,0,CONFERENTE / SUPERVISOR ,102.78,0,0,0,,,,,,,,,,,5.77,6.83,2026-10-05 12:14:22.477790+00:00,2026-10-05 12:14:22.477790+00:00,102.78
532,1,1000190366,OUR1005,2026-01-30,CÂNDIDO MOTA,OUR1003,,100.0,100.0,100.0,Finalizado,4301.0,1000000.0,0.0,,972,972,0,0,CONFERENTE / SUPERVISOR ,5.13,0,0,0,,,,,,,,,,,2.74,4.0,2026-10-05 12:14:22.477790+00:00,2026-10-05 12:14:22.477790+00:00,5.13
582,1,1000192257,CPJ1393,2026-02-09,CÂNDIDO MOTA,CPJ1393,,100.0,100.0,100.0,Finalizado,5820.410000000001,1000000.0,1.0,,690,652,0,0,CONFERENTE / SUPERVISOR ,37.97,0,0,0,,,,,,,,,,,7.33,9.77,2026-10-05 12:14:22.477790+00:00,2026-10-05 12:14:22.477790+00:00,37.97
606,1,1000194184,EYU3703,2026-02-23,CÂNDIDO MOTA,EYU3703,,100.0,100.0,100.0,Finalizado,6237.720000000001,1000000.0,1.0,,932,906,0,0,CONFERENTE / SUPERVISOR ,45.4,0,0,0,,,,,,,,,,,3.35,7.75,2026-10-05 12:14:22.477790+00:00,2026-10-05 12:14:22.477790+00:00,45.4
585,1,1000192262,EYU3702,2026-02-09,CÂNDIDO MOTA,EYU3702,,100.0,100.0,100.0,Finalizado,7056.380000000002,1000000.0,1.0,,874,850,0,0,CONFERENTE / SUPERVISOR ,54.55,0,0,0,,,,,,,,,,,5.39,9.77,2026-10-05 12:14:22.477790+00:00,2026-10-05 12:14:22.477790+00:00,54.55
426,1,1000189451,FUX8622,2026-01-22,CÂNDIDO MOTA,FUX8622,,100.0,100.0,100.0,Finalizado,2993.070000000001,1000000.0,0.0,,608,608,0,0,CONFERENTE / SUPERVISOR ,15.83,0,0,0,,,,,,,,,,,8.58,9.3,2026-10-05 12:14:22.477790+00:00,2026-10-05 12:14:22.477790+00:00,15.83
563,1,1000191684,EYU3370,2026-02-05,CÂNDIDO MOTA,EYU3370,,100.0,100.0,100.0,Finalizado,7692.710000000004,1000000.0,1.0,,837,826,0,0,CONFERENTE / SUPERVISOR ,131.87,0,0,0,,,,,,,,,,,4.34,8.4,2026-10-05 12:14:22.477790+00:00,2026-10-05 12:14:22.477790+00:00,131.87
519,1,190595,EYU3370,2026-01-29,CÂNDIDO MOTA,EYU3370,,100.0,100.0,100.0,Finalizado,3488.7699999999995,1000000.0,0.0,,694,687,0,0,CONFERENTE / SUPERVISOR ,9.07,0,0,0,,,,,,,,,,,4.6,5.5,2026-10-05 12:14:22.477790+00:00,2026-10-05 12:14:22.477790+00:00,9.07
429,1,1000189448,EYU3371,2026-01-22,CÂNDIDO MOTA,EYU3371,,100.0,100.0,100.0,Finalizado,4304.010000000004,1000000.0,0.0,,853,853,0,0,CONFERENTE / SUPERVISOR ,17.73,0,0,0,,,,,,,,,,,7.43,9.3,2026-10-05 12:14:22.477790+00:00,2026-10-05 12:14:22.477790+00:00,17.73
482,1,1000190374,EYU3702,2026-01-28,CÂNDIDO MOTA,EYU3702,,100.0,100.0,100.0,Finalizado,3632.459999999999,1000000.0,0.0,,948,499,0,0,CONFERENTE / SUPERVISOR ,30.47,0,0,0,,,,,,,,,,,5.33,6.32,2026-10-05 12:14:22.477790+00:00,2026-10-05 12:14:22.477790+00:00,30.47
476,1,1000190131,EYU3372,2026-01-27,CÂNDIDO MOTA,EYU3372,,100.0,100.0,100.0,Finalizado,4833.189999999996,1000000.0,0.0,,748,735,0,0,CONFERENTE / SUPERVISOR ,37.13,0,0,0,,,,,,,,,,,5.24,6.83,2026-10-05 12:14:22.477790+00:00,2026-10-05 12:14:22.477790+00:00,37.13
533,1,1000190353,CMT0004,2026-01-30,CÂNDIDO MOTA,CMT0004,,100.0,100.0,100.0,Finalizado,4183.82,1000000.0,0.0,,1043,1043,0,0,CONFERENTE / SUPERVISOR ,8.2,0,0,0,,,,,,,,,,,5.66,4.0,2026-10-05 12:14:22.477790+00:00,2026-10-05 12:14:22.477790+00:00,8.2
560,1,1000191522,EYU3363,2026-02-04,CÂNDIDO MOTA,EYU3363,,100.0,100.0,100.0,Finalizado,4056.2700000000004,1000000.0,0.0,,665,661,0,0,CONFERENTE / SUPERVISOR ,27.58,0,0,0,,,,,,,,,,,5.29,6.42,2026-10-05 12:14:22.477790+00:00,2026-10-05 12:14:22.477790+00:00,27.58
588,1,1000192264,EYU3705,2026-02-09,CÂNDIDO MOTA,EYU3705,,100.0,100.0,100.0,Finalizado,7528.769999999999,1000000.0,1.0,,822,801,0,0,CONFERENTE / SUPERVISOR ,45.52,0,0,0,,,,,,,,,,,4.52,9.77,2026-10-05 12:14:22.477790+00:00,2026-10-05 12:14:22.477790+00:00,45.52
545,1,1000191025,JUH1150,2026-02-02,CÂNDIDO MOTA,JUH1150,,100.0,100.0,100.0,Finalizado,15959.029999999995,1000000.0,2.0,,1411,1400,0,0,CONFERENTE / SUPERVISOR ,2.07,0,0,0,,,,,,,,,,,3.12,3.22,2026-10-05 12:14:22.477790+00:00,2026-10-05 12:14:22.477790+00:00,2.07
534,1,1000190358,CMT0009,2026-01-30,CÂNDIDO MOTA,CMT0008,,100.0,100.0,100.0,Finalizado,4036.59,1000000.0,0.0,,1091,1015,0,0,CONFERENTE / SUPERVISOR ,18.58,0,0,0,,,,,,,,,,,2.33,4.0,2026-10-05 12:14:22.477790+00:00,2026-10-05 12:14:22.477790+00:00,18.58
552,1,1000191299,EYU3703,2026-02-03,CÂNDIDO MOTA,EYU3703,,100.0,100.0,100.0,Finalizado,6516.860000000002,1000000.0,1.0,,756,724,0,0,CONFERENTE / SUPERVISOR ,20.8,0,0,0,,,,,,,,,,,4.41,5.75,2026-10-05 12:14:22.477790+00:00,2026-10-05 12:14:22.477790+00:00,20.8
524,1,190598,EYU3705,2026-01-29,CÂNDIDO MOTA,EYU3705,,100.0,100.0,100.0,Finalizado,5067.96,1000000.0,1.0,,1070,1030,0,0,CONFERENTE / SUPERVISOR ,19.6,0,0,0,,,,,,,,,,,5.15,5.5,2026-10-05 12:14:22.477790+00:00,2026-10-05 12:14:22.477790+00:00,19.6
551,1,1000191295,EYU3705,2026-02-03,CÂNDIDO MOTA,EYU3705,,100.0,100.0,100.0,Finalizado,7589.690000000002,1000000.0,1.0,,755,708,0,0,CONFERENTE / SUPERVISOR ,40.82,0,0,0,,,,,,,,,,,4.99,5.75,2026-10-05 12:14:22.477790+00:00,2026-10-05 12:14:22.477790+00:00,40.82
572,1,1000191868,CPJ1393,2026-02-06,CÂNDIDO MOTA,CPJ1393,,100.0,100.0,100.0,Finalizado,4489.610000000002,1000000.0,0.0,,500,447,0,0,CONFERENTE / SUPERVISOR ,13.82,0,0,0,,,,,,,,,,,2.83,3.33,2026-10-05 12:14:22.477790+00:00,2026-10-05 12:14:22.477790+00:00,13.82
521,1,190596,EYU3371,2026-01-29,CÂNDIDO MOTA,EYU3371,,100.0,100.0,100.0,Finalizado,3670.6199999999994,1000000.0,0.0,,807,691,0,0,CONFERENTE / SUPERVISOR ,23.4,0,0,0,,,,,,,,,,,4.46,5.5,2026-10-05 12:14:22.477790+00:00,2026-10-05 12:14:22.477790+00:00,23.4
598,1,1000192942,DBC8719,2026-02-12,CÂNDIDO MOTA,DBC8719,,100.0,100.0,100.0,Finalizado,5861.580000000003,1000000.0,1.0,,605,579,0,0,CONFERENTE / SUPERVISOR ,124.52,0,0,0,,,,,,,,,,,4.84,2.43,2026-10-05 12:14:22.477790+00:00,2026-10-05 12:14:22.477790+00:00,124.52
549,1,1000191523,EYU3361,2026-02-03,CÂNDIDO MOTA,EYU3361,,100.0,100.0,100.0,Finalizado,7712.2800000000025,1000000.0,1.0,,946,884,0,0,CONFERENTE / SUPERVISOR ,80.92,0,0,0,,,,,,,,,,,4.59,5.75,2026-10-05 12:14:22.477790+00:00,2026-10-05 12:14:22.477790+00:00,80.92
556,1,1000191519,EYU3370,2026-02-04,CÂNDIDO MOTA,EYU3370,,100.0,100.0,100.0,Finalizado,7729.4000000000015,1000000.0,1.0,,909,861,0,0,CONFERENTE / SUPERVISOR ,123.15,0,0,0,,,,,,,,,,,2.91,6.42,2026-10-05 12:14:22.477790+00:00,2026-10-05 12:14:22.477790+00:00,123.15
554,1,1000191517,EYU3703,2026-02-04,CÂNDIDO MOTA,EYU3703,,100.0,100.0,100.0,Finalizado,7859.570000000001,1000000.0,1.0,,825,769,0,0,CONFERENTE / SUPERVISOR ,56.13,0,0,0,,,,,,,,,,,3.87,6.42,2026-10-05 12:14:22.477790+00:00,2026-10-05 12:14:22.477790+00:00,56.13
561,1,1000191694,GDB5855,2026-02-04,CÂNDIDO MOTA,GDB5855,,100.0,100.0,100.0,Finalizado,5878.360000000002,1000000.0,1.0,,651,576,0,0,CONFERENTE / SUPERVISOR ,42.03,0,0,0,,,,,,,,,,,6.07,6.42,2026-10-05 12:14:22.477790+00:00,2026-10-05 12:14:22.477790+00:00,42.03
526,1,190599,TLJ3H13,2026-01-29,CÂNDIDO MOTA,TLJ3H13,,100.0,100.0,100.0,Finalizado,2685.109999999999,1000000.0,0.0,,534,518,0,0,CONFERENTE / SUPERVISOR ,7.93,0,0,0,,,,,,,,,,,3.7,5.5,2026-10-05 12:14:22.477790+00:00,2026-10-05 12:14:22.477790+00:00,7.93
553,1,1000191303,EYU3362,2026-02-03,CÂNDIDO MOTA,EYU3362,,100.0,100.0,100.0,Finalizado,6906.5399999999945,1000000.0,1.0,,836,818,0,0,CLAUDENIR RODRIGUES MARTINS,115.52,0,0,0,,,,,,,,,,,7.17,5.75,2026-10-05 12:14:22.477790+00:00,2026-10-05 12:14:22.477790+00:00,115.52
544,1,1000190931,EYU3370,2026-02-02,CÂNDIDO MOTA,EYU3370,,100.0,100.0,100.0,Finalizado,7640.609999999999,1000000.0,1.0,,1138,1131,0,0,CONFERENTE / SUPERVISOR ,10.6,0,0,0,,,,,,,,,,,2.5,3.22,2026-10-05 12:14:22.477790+00:00,2026-10-05 12:14:22.477790+00:00,10.6
546,1,1000191026,KBP7A79,2026-02-02,CÂNDIDO MOTA,KBP7A79,,100.0,100.0,100.0,Finalizado,15665.729999999996,1000000.0,2.0,,1637,1628,0,0,CONFERENTE / SUPERVISOR ,3.88,0,0,0,,,,,,,,,,,2.5,3.22,2026-10-05 12:14:22.477790+00:00,2026-10-05 12:14:22.477790+00:00,3.88
550,1,1000191530,TMG6G62,2026-02-03,CÂNDIDO MOTA,TMG6G62,,100.0,100.0,100.0,Finalizado,1827.46,1000000.0,0.0,,256,252,0,0,CLAUDENIR RODRIGUES MARTINS,9.28,0,0,0,,,,,,,,,,,7.17,5.75,2026-10-05 12:14:22.477790+00:00,2026-10-05 12:14:22.477790+00:00,9.28
543,1,1000191034,FUX8622,2026-02-02,CÂNDIDO MOTA,FUX8622,,100.0,100.0,100.0,Finalizado,7493.159999999999,1000000.0,1.0,,1191,1185,0,0,CONFERENTE / SUPERVISOR ,20.82,0,0,0,,,,,,,,,,,2.24,3.22,2026-10-05 12:14:22.477790+00:00,2026-10-05 12:14:22.477790+00:00,20.82
548,1,1000191526,EYU3370,2026-02-03,CÂNDIDO MOTA,EYU3370,,100.0,100.0,100.0,Finalizado,7539.260000000001,1000000.0,1.0,,946,944,0,0,CONFERENTE / SUPERVISOR ,119.05,0,0,0,,,,,,,,,,,4.48,5.75,2026-10-05 12:14:22.477790+00:00,2026-10-05 12:14:22.477790+00:00,119.05
557,1,1000191518,EYU3371,2026-02-04,CÂNDIDO MOTA,EYU3371,,100.0,100.0,100.0,Finalizado,7921.859999999999,1000000.0,1.0,,819,759,0,0,CONFERENTE / SUPERVISOR ,59.3,0,0,0,,,,,,,,,,,4.02,6.42,2026-10-05 12:14:22.477790+00:00,2026-10-05 12:14:22.477790+00:00,59.3
568,1,1000191686,EYU3705,2026-02-05,CÂNDIDO MOTA,EYU3705,,100.0,100.0,100.0,Finalizado,6296.670000000002,1000000.0,1.0,,735,702,0,0,CONFERENTE / SUPERVISOR ,67.88,0,0,0,,,,,,,,,,,6.61,8.4,2026-10-05 12:14:22.477790+00:00,2026-10-05 12:14:22.477790+00:00,67.88
590,1,1000192266,GDB5855,2026-02-09,CÂNDIDO MOTA,GDB5855,,100.0,100.0,100.0,Finalizado,8297.540000000003,1000000.0,1.0,,1035,912,0,0,CONFERENTE / SUPERVISOR ,48.77,0,0,0,,,,,,,,,,,6.03,9.77,2026-10-05 12:14:22.477790+00:00,2026-10-05 12:14:22.477790+00:00,48.77
570,1,1000191843,EYU3372,2026-02-05,CÂNDIDO MOTA,EYU3372,,100.0,100.0,100.0,Finalizado,5197.78,1000000.0,1.0,,537,501,0,0,CONFERENTE / SUPERVISOR ,40.22,0,0,0,,,,,,,,,,,4.72,8.4,2026-10-05 12:14:22.477790+00:00,2026-10-05 12:14:22.477790+00:00,40.22
564,1,1000191683,GDB5855,2026-02-05,CÂNDIDO MOTA,GDB5855,,100.0,100.0,100.0,Finalizado,7847.22,1000000.0,1.0,,941,910,0,0,CONFERENTE / SUPERVISOR ,43.05,0,0,0,,,,,,,,,,,5.05,8.4,2026-10-05 12:14:22.477790+00:00,2026-10-05 12:14:22.477790+00:00,43.05
565,1,1000191682,CYN9319,2026-02-05,CÂNDIDO MOTA,CYN9319,,100.0,100.0,100.0,Finalizado,2912.0499999999997,1000000.0,0.0,,307,306,0,0,CONFERENTE / SUPERVISOR ,36.12,0,0,0,,,,,,,,,,,5.46,8.4,2026-10-05 12:14:22.477790+00:00,2026-10-05 12:14:22.477790+00:00,36.12
574,1,1000191908,EYU3362,2026-02-06,CÂNDIDO MOTA,EYU3362,,100.0,100.0,100.0,Finalizado,7215.230000000001,1000000.0,1.0,,831,778,0,0,CONFERENTE / SUPERVISOR ,63.17,0,0,0,,,,,,,,,,,3.61,3.33,2026-10-05 12:14:22.477790+00:00,2026-10-05 12:14:22.477790+00:00,63.17
566,1,1000191680,CPJ1393,2026-02-05,CÂNDIDO MOTA,CPJ1393,,100.0,100.0,100.0,Finalizado,5658.470000000005,1000000.0,1.0,,807,737,0,0,CONFERENTE / SUPERVISOR ,37.2,0,0,0,,,,,,,,,,,6.1,8.4,2026-10-05 12:14:22.477790+00:00,2026-10-05 12:14:22.477790+00:00,37.2
569,1,1000191844,EYU3703,2026-02-05,CÂNDIDO MOTA,EYU3703,,100.0,100.0,100.0,Finalizado,5442.320000000001,1000000.0,1.0,,771,756,0,0,CONFERENTE / SUPERVISOR ,42.1,0,0,0,,,,,,,,,,,5.46,8.4,2026-10-05 12:14:22.477790+00:00,2026-10-05 12:14:22.477790+00:00,42.1
580,1,1000191874,EYU3363,2026-02-06,CÂNDIDO MOTA,EYU3363,,100.0,100.0,100.0,Finalizado,5764.649999999999,1000000.0,1.0,,698,648,0,0,CONFERENTE / SUPERVISOR ,32.67,0,0,0,,,,,,,,,,,3.68,3.33,2026-10-05 12:14:22.477790+00:00,2026-10-05 12:14:22.477790+00:00,32.67
599,1,1000192937,EYU3371,2026-02-12,CÂNDIDO MOTA,EYU3371,,100.0,100.0,100.0,Finalizado,6421.780000000002,1000000.0,1.0,,724,675,0,0,CONFERENTE / SUPERVISOR ,20.37,0,0,0,,,,,,,,,,,4.63,2.43,2026-10-05 12:14:22.477790+00:00,2026-10-05 12:14:22.477790+00:00,20.37
592,1,1000192263,EYU3703,2026-02-09,CÂNDIDO MOTA,EYU3703,,100.0,100.0,100.0,Finalizado,6829.7699999999995,1000000.0,1.0,,1016,999,0,0,CONFERENTE / SUPERVISOR ,37.47,0,0,0,,,,,,,,,,,8.83,9.77,2026-10-05 12:14:22.477790+00:00,2026-10-05 12:14:22.477790+00:00,37.47
586,1,1000192260,EYU3371,2026-02-09,CÂNDIDO MOTA,EYU3371,,100.0,100.0,100.0,Finalizado,5993.17,1000000.0,1.0,,750,738,0,0,CONFERENTE / SUPERVISOR ,21.38,0,0,0,,,,,,,,,,,9.2,9.77,2026-10-05 12:14:22.477790+00:00,2026-10-05 12:14:22.477790+00:00,21.38
612,1,1000194383,EYU3703,2026-02-24,CÂNDIDO MOTA,EYU3703,,100.0,100.0,100.0,Finalizado,6897.3600000000015,1000000.0,1.0,,713,669,0,0,CONFERENTE / SUPERVISOR ,34.88,0,0,0,,,,,,,,,,,5.85,5.65,2026-10-05 12:14:22.477790+00:00,2026-10-05 12:14:22.477790+00:00,34.88
583,1,1000192267,DBC8719,2026-02-09,CÂNDIDO MOTA,DBC8719,,100.0,100.0,100.0,Finalizado,5384.72,1000000.0,1.0,,638,604,0,0,CONFERENTE / SUPERVISOR ,23.92,0,0,0,,,,,,,,,,,6.41,9.77,2026-10-05 12:14:22.477790+00:00,2026-10-05 12:14:22.477790+00:00,23.92
605,1,1000194187,DBC8719,2026-02-23,CÂNDIDO MOTA,DBC8719,,100.0,100.0,100.0,Finalizado,4034.180000000001,1000000.0,0.0,,464,456,0,0,CONFERENTE / SUPERVISOR ,94.37,0,0,0,,,,,,,,,,,5.11,7.75,2026-10-05 12:14:22.477790+00:00,2026-10-05 12:14:22.477790+00:00,94.37
581,1,1000192256,CPJ1392,2026-02-09,CÂNDIDO MOTA,CPJ1392,,100.0,100.0,100.0,Finalizado,5734.7000000000035,1000000.0,1.0,,699,691,0,0,CONFERENTE / SUPERVISOR ,52.55,0,0,0,,,,,,,,,,,8.78,9.77,2026-10-05 12:14:22.477790+00:00,2026-10-05 12:14:22.477790+00:00,52.55
589,1,1000192258,EYU3362,2026-02-09,CÂNDIDO MOTA,EYU3362,,100.0,100.0,100.0,Finalizado,7181.8200000000015,1000000.0,1.0,,968,948,0,0,CONFERENTE / SUPERVISOR ,24.28,0,0,0,,,,,,,,,,,10.48,9.77,2026-10-05 12:14:22.477790+00:00,2026-10-05 12:14:22.477790+00:00,24.28
591,1,1000192269,FCX9994,2026-02-09,CÂNDIDO MOTA,FCX9994,,100.0,100.0,100.0,Finalizado,8172.460000000001,1000000.0,1.0,,1161,1147,0,0,CONFERENTE / SUPERVISOR ,48.98,0,0,0,,,,,,,,,,,10.03,9.77,2026-10-05 12:14:22.477790+00:00,2026-10-05 12:14:22.477790+00:00,48.98
609,1,1000194382,EYU3702,2026-02-24,CÂNDIDO MOTA,EYU3702,,100.0,100.0,100.0,Finalizado,6415.630000000001,1000000.0,1.0,,716,676,0,0,CONFERENTE / SUPERVISOR ,33.72,0,0,0,,,,,,,,,,,6.49,5.65,2026-10-05 12:14:22.477790+00:00,2026-10-05 12:14:22.477790+00:00,33.72
782,1,1000219258,OUR1001,2026-08-12,CÂNDIDO MOTA,OUR1001,,100.0,100.0,100.0,Finalizado,1064.24,1000000.0,0.0,,157,157,0,0,CONFERENTE / SUPERVISOR ,12.55,0,0,0,,,,,,,,,,,4.2,6.82,2026-10-05 12:14:22.477790+00:00,2026-10-05 12:14:22.477790+00:00,12.55
793,1,1000219269,DBC8725,2026-08-12,CÂNDIDO MOTA,DBC8725,,100.0,100.0,100.0,Finalizado,4885.809999999998,1000000.0,0.0,,787,753,0,0,CONFERENTE / SUPERVISOR ,122.37,0,0,0,,,,,,,,,,,5.71,6.82,2026-10-05 12:14:22.477790+00:00,2026-10-05 12:14:22.477790+00:00,122.37
792,1,1000219268,DBC8717,2026-08-12,CÂNDIDO MOTA,DBC8717,,100.0,100.0,100.0,Finalizado,2400.19,1000000.0,0.0,,426,420,0,0,CONFERENTE / SUPERVISOR ,14.47,0,0,0,,,,,,,,,,,4.2,6.82,2026-10-05 12:14:22.477790+00:00,2026-10-05 12:14:22.477790+00:00,14.47
785,1,1000219261,EYU3370,2026-08-12,CÂNDIDO MOTA,EYU3370,,100.0,100.0,100.0,Finalizado,4368.6801000000005,1000000.0,0.0,,554,515,0,0,CONFERENTE / SUPERVISOR ,53.87,0,0,0,,,,,,,,,,,7.76,6.82,2026-10-05 12:14:22.477790+00:00,2026-10-05 12:14:22.477790+00:00,53.87
907,1,1000219480,FQU8482,2026-08-13,CÂNDIDO MOTA,FQU8482,,100.0,100.0,100.0,Finalizado,3398.5001000000007,1000000.0,0.0,,630,559,0,0,CONFERENTE / SUPERVISOR ,52.33,0,0,0,,,,,,,,,,,4.62,5.1,2026-10-05 12:14:22.477790+00:00,2026-10-05 12:14:22.477790+00:00,52.33
909,1,1000219482,DBC8725,2026-08-13,CÂNDIDO MOTA,DBC8725,,100.0,100.0,100.0,Finalizado,4633.846,1000000.0,0.0,,741,690,0,0,CONFERENTE / SUPERVISOR ,61.72,0,0,0,,,,,,,,,,,4.59,5.1,2026-10-05 12:14:22.477790+00:00,2026-10-05 12:14:22.477790+00:00,61.72
908,1,1000219481,DBC8717,2026-08-13,CÂNDIDO MOTA,DBC8717,,100.0,100.0,100.0,Finalizado,4658.549999999999,1000000.0,0.0,,595,536,0,0,CONFERENTE / SUPERVISOR ,67.62,0,0,0,,,,,,,,,,,6.01,5.1,2026-10-05 12:14:22.477790+00:00,2026-10-05 12:14:22.477790+00:00,67.62
900,1,1000219473,EYU3361,2026-08-13,CÂNDIDO MOTA,EYU3361,,100.0,100.0,100.0,Finalizado,6131.5701,1000000.0,1.0,,695,658,0,0,CONFERENTE / SUPERVISOR ,35.38,0,0,0,,,,,,,,,,,4.84,5.1,2026-10-05 12:14:22.477790+00:00,2026-10-05 12:14:22.477790+00:00,35.38
1031,1,1000219682,EYU3356,2026-08-14,CÂNDIDO MOTA,EYU3356,,100.0,100.0,100.0,Finalizado,5880.430000000002,1000000.0,1.0,,830,815,0,0,CONFERENTE / SUPERVISOR ,27.08,0,0,0,,,,,,,,,,,6.48,6.45,2026-10-05 12:14:22.477790+00:00,2026-10-05 12:14:22.477790+00:00,27.08
1037,1,1000219688,TMG6G62,2026-08-14,CÂNDIDO MOTA,TMG6G62,,100.0,100.0,100.0,Finalizado,1955.7799999999995,1000000.0,0.0,,233,223,0,0,CONFERENTE / SUPERVISOR ,59.8,0,0,0,,,,,,,,,,,3.37,6.45,2026-10-05 12:14:22.477790+00:00,2026-10-05 12:14:22.477790+00:00,59.8
1035,1,1000219686,EYU3702,2026-08-14,CÂNDIDO MOTA,EYU3702,,100.0,100.0,100.0,Finalizado,7393.080000000001,1000000.0,1.0,,918,834,0,0,CONFERENTE / SUPERVISOR ,64.38,0,0,0,,,,,,,,,,,4.83,6.45,2026-10-05 12:14:22.477790+00:00,2026-10-05 12:14:22.477790+00:00,64.38
1040,1,1000219691,DBC8725,2026-08-14,CÂNDIDO MOTA,DBC8725,,100.0,100.0,100.0,Finalizado,2216.15,1000000.0,0.0,,304,288,0,0,CONFERENTE / SUPERVISOR ,46.88,0,0,0,,,,,,,,,,,3.27,6.45,2026-10-05 12:14:22.477790+00:00,2026-10-05 12:14:22.477790+00:00,46.88
1038,1,1000219689,FQU8482,2026-08-14,CÂNDIDO MOTA,FQU8482,,100.0,100.0,100.0,Finalizado,2729.3300000000027,1000000.0,0.0,,325,315,0,0,CONFERENTE / SUPERVISOR ,16.28,0,0,0,,,,,,,,,,,3.7,6.45,2026-10-05 12:14:22.477790+00:00,2026-10-05 12:14:22.477790+00:00,16.28
1036,1,1000219687,EYU3376,2026-08-14,CÂNDIDO MOTA,EYU3376,,100.0,100.0,100.0,Finalizado,5878.27,1000000.0,1.0,,779,738,0,0,CONFERENTE / SUPERVISOR ,72.88,0,0,0,,,,,,,,,,,3.9,6.45,2026-10-05 12:14:22.477790+00:00,2026-10-05 12:14:22.477790+00:00,72.88
1039,1,1000219690,DBC8717,2026-08-14,CÂNDIDO MOTA,DBC8717,,100.0,100.0,100.0,Finalizado,6654.7599999999975,1000000.0,1.0,,871,845,0,0,CONFERENTE / SUPERVISOR ,154.57,0,0,0,,,,,,,,,,,3.68,6.45,2026-10-05 12:14:22.477790+00:00,2026-10-05 12:14:22.477790+00:00,154.57
1034,1,1000219685,EYU3372,2026-08-14,CÂNDIDO MOTA,EYU3372,,100.0,100.0,100.0,Finalizado,7370.235099999999,1000000.0,1.0,,1031,934,0,0,CONFERENTE / SUPERVISOR ,33.98,0,0,0,,,,,,,,,,,5.42,6.45,2026-10-05 12:14:22.477790+00:00,2026-10-05 12:14:22.477790+00:00,33.98
3948,1,1000225103,CMT0006,2026-09-21,CÂNDIDO MOTA,DBC8722,,100.0,100.0,100.0,Finalizado,916.61,1000000.0,0.0,,178,178,0,0,Filial C.M,8.68,0,0,0,,,,,,,,,,,5.08,9.3,2026-10-05 12:14:22.477790+00:00,2026-10-05 12:14:22.477790+00:00,8.68
1137,1,1000219887,DBC8725,2026-08-17,CÂNDIDO MOTA,DBC8725,,100.0,100.0,100.0,Finalizado,4702.860000000001,1000000.0,0.0,,656,628,0,0,CONFERENTE / SUPERVISOR ,34.75,0,0,0,,,,,,,,,,,1.66,8.72,2026-10-05 12:14:22.477790+00:00,2026-10-05 12:14:22.477790+00:00,34.75
1136,1,1000219886,DBC8717,2026-08-17,CÂNDIDO MOTA,DBC8717,,100.0,100.0,100.0,Finalizado,6675.79,1000000.0,1.0,,869,862,0,0,CONFERENTE / SUPERVISOR ,161.42,0,0,0,,,,,,,,,,,3.44,8.72,2026-10-05 12:14:22.477790+00:00,2026-10-05 12:14:22.477790+00:00,161.42
1134,1,1000219884,GDB5855,2026-08-17,CÂNDIDO MOTA,GDB5855,,100.0,100.0,100.0,Finalizado,8859.039999999997,1000000.0,1.0,,1034,1005,0,0,CONFERENTE / SUPERVISOR ,68.47,0,0,0,,,,,,,,,,,4.4,8.72,2026-10-05 12:14:22.477790+00:00,2026-10-05 12:14:22.477790+00:00,68.47
1135,1,1000219885,FQU8482,2026-08-17,CÂNDIDO MOTA,FQU8482,,100.0,100.0,100.0,Finalizado,3604.63,1000000.0,0.0,,612,600,0,0,CONFERENTE / SUPERVISOR ,108.55,0,0,0,,,,,,,,,,,3.47,8.72,2026-10-05 12:14:22.477790+00:00,2026-10-05 12:14:22.477790+00:00,108.55
1132,1,1000219882,EYU3703,2026-08-17,CÂNDIDO MOTA,EYU3703,,100.0,100.0,100.0,Finalizado,6669.990099999998,1000000.0,1.0,,858,848,0,0,CONFERENTE / SUPERVISOR ,90.78,0,0,0,,,,,,,,,,,6.69,8.72,2026-10-05 12:14:22.477790+00:00,2026-10-05 12:14:22.477790+00:00,90.78
1129,1,1000219879,EYU3371,2026-08-17,CÂNDIDO MOTA,EYU3371,,100.0,100.0,100.0,Finalizado,7434.7699999999995,1000000.0,1.0,,1025,995,0,0,CONFERENTE / SUPERVISOR ,33.93,0,0,0,,,,,,,,,,,7.73,8.72,2026-10-05 12:14:22.477790+00:00,2026-10-05 12:14:22.477790+00:00,33.93
1127,1,1000219877,EYU3363,2026-08-17,CÂNDIDO MOTA,EYU3363,,100.0,100.0,100.0,Finalizado,7635.140000000004,1000000.0,1.0,,851,800,0,0,CONFERENTE / SUPERVISOR ,67.32,0,0,0,,,,,,,,,,,8.76,8.72,2026-10-05 12:14:22.477790+00:00,2026-10-05 12:14:22.477790+00:00,67.32
1126,1,1000219876,EYU3361,2026-08-17,CÂNDIDO MOTA,EYU3361,,100.0,100.0,100.0,Finalizado,8022.9,1000000.0,1.0,,1019,1001,0,0,CONFERENTE / SUPERVISOR ,36.3,0,0,0,,,,,,,,,,,9.09,8.72,2026-10-05 12:14:22.477790+00:00,2026-10-05 12:14:22.477790+00:00,36.3
1130,1,1000219880,EYU3372,2026-08-17,CÂNDIDO MOTA,EYU3372,,100.0,100.0,100.0,Finalizado,6611.251,1000000.0,1.0,,859,832,0,0,CONFERENTE / SUPERVISOR ,119.27,0,0,0,,,,,,,,,,,7.68,8.72,2026-10-05 12:14:22.477790+00:00,2026-10-05 12:14:22.477790+00:00,119.27
1133,1,1000219883,EYU3705,2026-08-17,CÂNDIDO MOTA,EYU3705,,100.0,100.0,100.0,Finalizado,7209.0599999999995,1000000.0,1.0,,880,862,0,0,CONFERENTE / SUPERVISOR ,46.68,0,0,0,,,,,,,,,,,5.17,8.72,2026-10-05 12:14:22.477790+00:00,2026-10-05 12:14:22.477790+00:00,46.68
1227,1,1000220097,EYU3363,2026-08-18,CÂNDIDO MOTA,EYU3363,,100.0,100.0,100.0,Finalizado,7362.520100000002,1000000.0,1.0,,733,696,0,0,CONFERENTE / SUPERVISOR ,27.05,0,0,0,,,,,,,,,,,4.32,5.17,2026-10-05 12:14:22.477790+00:00,2026-10-05 12:14:22.477790+00:00,27.05
1231,1,1000220101,EYU3702,2026-08-18,CÂNDIDO MOTA,EYU3702,,100.0,100.0,100.0,Finalizado,7242.57,1000000.0,1.0,,996,911,0,0,CONFERENTE / SUPERVISOR ,144.5,0,0,0,,,,,,,,,,,6.11,5.17,2026-10-05 12:14:22.477790+00:00,2026-10-05 12:14:22.477790+00:00,144.5
3212,1,1000223612,FQU8482,2026-09-09,CÂNDIDO MOTA,FQU8482,,100.0,100.0,100.0,Finalizado pelo Operador,3011.24,1000000.0,0.0,,452,436,0,0,Filial C.M,93.73,0,0,0,,,,,,,,,,,,6.32,2026-10-05 12:14:22.477790+00:00,2026-10-05 12:14:22.477790+00:00,93.73
1116,1,1000219866,CMT0008,2026-08-18,CÂNDIDO MOTA,CMT0008,,100.0,100.0,100.0,Finalizado,2681.7599999999998,1000000.0,0.0,,264,240,0,0,CONFERENTE / SUPERVISOR ,6.48,0,0,0,,,,,,,,,,,5.63,5.17,2026-10-05 12:14:22.477790+00:00,2026-10-05 12:14:22.477790+00:00,6.48
1235,1,1000220105,DBC8717,2026-08-18,CÂNDIDO MOTA,DBC8717,,100.0,100.0,100.0,Finalizado,3414.72,1000000.0,0.0,,332,311,0,0,CONFERENTE / SUPERVISOR ,56.4,0,0,0,,,,,,,,,,,5.63,5.17,2026-10-05 12:14:22.477790+00:00,2026-10-05 12:14:22.477790+00:00,56.4
1359,1,1000220313,GDB5855,2026-08-19,CÂNDIDO MOTA,GDB5855,,100.0,100.0,100.0,Finalizado,8094.849999999996,1000000.0,1.0,,879,851,0,0,CONFERENTE / SUPERVISOR ,182.78,0,0,0,,,,,,,,,,,6.87,6.23,2026-10-05 12:14:22.477790+00:00,2026-10-05 12:14:22.477790+00:00,182.78
1358,1,1000220312,EYU3376,2026-08-19,CÂNDIDO MOTA,EYU3376,,100.0,100.0,100.0,Finalizado,8261.230000000001,1000000.0,1.0,,966,929,0,0,CONFERENTE / SUPERVISOR ,38.92,0,0,0,,,,,,,,,,,6.14,6.23,2026-10-05 12:14:22.477790+00:00,2026-10-05 12:14:22.477790+00:00,38.92
1360,1,1000220314,DBC8717,2026-08-19,CÂNDIDO MOTA,DBC8717,,100.0,100.0,100.0,Finalizado,5168.180099999998,1000000.0,1.0,,689,682,0,0,CONFERENTE / SUPERVISOR ,52.47,0,0,0,,,,,,,,,,,5.47,6.23,2026-10-05 12:14:22.477790+00:00,2026-10-05 12:14:22.477790+00:00,52.47
1561,1,1000220704,EYU3376,2026-08-21,CÂNDIDO MOTA,EYU3376,,100.0,100.0,100.0,Finalizado,5224.65,1000000.0,1.0,,563,546,0,0,CONFERENTE / SUPERVISOR ,16.7,0,0,0,,,,,,,,,,,5.37,5.13,2026-10-05 12:14:22.477790+00:00,2026-10-05 12:14:22.477790+00:00,16.7
1356,1,1000220310,EYU3705,2026-08-19,CÂNDIDO MOTA,EYU3705,,100.0,100.0,100.0,Finalizado,5891.990000000002,1000000.0,1.0,,796,788,0,0,CONFERENTE / SUPERVISOR ,58.9,0,0,0,,,,,,,,,,,6.85,6.23,2026-10-05 12:14:22.477790+00:00,2026-10-05 12:14:22.477790+00:00,58.9
1560,1,1000220703,EYU3703,2026-08-21,CÂNDIDO MOTA,EYU3703,,100.0,100.0,100.0,Finalizado,6079.6799999999985,1000000.0,1.0,,637,632,0,0,CONFERENTE / SUPERVISOR ,22.63,0,0,0,,,,,,,,,,,5.37,5.13,2026-10-05 12:14:22.477790+00:00,2026-10-05 12:14:22.477790+00:00,22.63
1474,1,1000220513,TMG6G62,2026-08-20,CÂNDIDO MOTA,TMG6G62,,100.0,100.0,100.0,Finalizado,1393.26,1000000.0,0.0,,256,212,0,0,CONFERENTE / SUPERVISOR ,115.75,0,0,0,,,,,,,,,,,6.72,6.13,2026-10-05 12:14:22.477790+00:00,2026-10-05 12:14:22.477790+00:00,115.75
1475,1,1000220514,DBC8717,2026-08-20,CÂNDIDO MOTA,DBC8717,,100.0,100.0,100.0,Finalizado,4667.950000000001,1000000.0,0.0,,759,736,0,0,CONFERENTE / SUPERVISOR ,18.62,0,0,0,,,,,,,,,,,7.0,6.13,2026-10-05 12:14:22.477790+00:00,2026-10-05 12:14:22.477790+00:00,18.62
1659,1,1000220963,DBC8717,2026-08-24,CÂNDIDO MOTA,DBC8717,,100.0,100.0,100.0,Finalizado,6179.875100000003,1000000.0,1.0,,838,722,0,0,CONFERENTE / SUPERVISOR ,30.88,0,0,0,,,,,,,,,,,7.03,5.42,2026-10-05 12:14:22.477790+00:00,2026-10-05 12:14:22.477790+00:00,30.88
1564,1,1000220707,DBC8717,2026-08-21,CÂNDIDO MOTA,DBC8717,,100.0,100.0,100.0,Finalizado,5331.660000000002,1000000.0,1.0,,706,696,0,0,CONFERENTE / SUPERVISOR ,19.1,0,0,0,,,,,,,,,,,5.37,5.13,2026-10-05 12:14:22.477790+00:00,2026-10-05 12:14:22.477790+00:00,19.1
1473,1,1000220512,EYU3376,2026-08-20,CÂNDIDO MOTA,EYU3376,,100.0,100.0,100.0,Finalizado,8209.249999999998,1000000.0,1.0,,1021,976,0,0,CONFERENTE / SUPERVISOR ,35.77,0,0,0,,,,,,,,,,,6.72,6.13,2026-10-05 12:14:22.477790+00:00,2026-10-05 12:14:22.477790+00:00,35.77
1471,1,1000220510,EYU3703,2026-08-20,CÂNDIDO MOTA,EYU3703,,100.0,100.0,100.0,Finalizado,7832.459999999997,1000000.0,1.0,,963,954,0,0,CONFERENTE / SUPERVISOR ,51.28,0,0,0,,,,,,,,,,,6.72,6.13,2026-10-05 12:14:22.477790+00:00,2026-10-05 12:14:22.477790+00:00,51.28
1558,1,1000220701,EYU3372,2026-08-21,CÂNDIDO MOTA,EYU3372,,100.0,100.0,100.0,Finalizado,6403.739999999998,1000000.0,1.0,,741,717,0,0,CONFERENTE / SUPERVISOR ,22.93,0,0,0,,,,,,,,,,,5.18,5.13,2026-10-05 12:14:22.477790+00:00,2026-10-05 12:14:22.477790+00:00,22.93
1874,1,1000221331,TMG6G62,2026-08-26,CÂNDIDO MOTA,TMG6G62,,100.0,100.0,100.0,Finalizado,2094.9500000000007,1000000.0,0.0,,282,269,0,0,CONFERENTE / SUPERVISOR ,141.73,0,0,0,,,,,,,,,,,4.78,7.07,2026-10-05 12:14:22.477790+00:00,2026-10-05 12:14:22.477790+00:00,141.73
1557,1,1000220700,EYU3370,2026-08-21,CÂNDIDO MOTA,EYU3370,,100.0,100.0,100.0,Finalizado,6831.839999999998,1000000.0,1.0,,854,806,0,0,CONFERENTE / SUPERVISOR ,21.07,0,0,0,,,,,,,,,,,5.18,5.13,2026-10-05 12:14:22.477790+00:00,2026-10-05 12:14:22.477790+00:00,21.07
1470,1,1000220509,EYU3702,2026-08-20,CÂNDIDO MOTA,EYU3702,,100.0,100.0,100.0,Finalizado,6319.930000000001,1000000.0,1.0,,711,675,0,0,CONFERENTE / SUPERVISOR ,74.37,0,0,0,,,,,,,,,,,6.72,6.13,2026-10-05 12:14:22.477790+00:00,2026-10-05 12:14:22.477790+00:00,74.37
1468,1,1000220507,EYU3371,2026-08-20,CÂNDIDO MOTA,EYU3371,,100.0,100.0,100.0,Finalizado,6817.180000000001,1000000.0,1.0,,699,671,0,0,CONFERENTE / SUPERVISOR ,129.3,0,0,0,,,,,,,,,,,6.72,6.13,2026-10-05 12:14:22.477790+00:00,2026-10-05 12:14:22.477790+00:00,129.3
1466,1,1000220505,EYU3363,2026-08-20,CÂNDIDO MOTA,EYU3363,,100.0,100.0,100.0,Finalizado,8090.1500000000015,1000000.0,1.0,,892,868,0,0,CONFERENTE / SUPERVISOR ,72.97,0,0,0,,,,,,,,,,,6.72,6.13,2026-10-05 12:14:22.477790+00:00,2026-10-05 12:14:22.477790+00:00,72.97
1465,1,1000220504,EYU3361,2026-08-20,CÂNDIDO MOTA,EYU3361,,100.0,100.0,100.0,Finalizado,6388.429999999999,1000000.0,1.0,,751,730,0,0,CONFERENTE / SUPERVISOR ,23.17,0,0,0,,,,,,,,,,,6.72,6.13,2026-10-05 12:14:22.477790+00:00,2026-10-05 12:14:22.477790+00:00,23.17
1556,1,1000220699,EYU3361,2026-08-21,CÂNDIDO MOTA,EYU3361,,100.0,100.0,100.0,Finalizado,5815.93,1000000.0,1.0,,666,644,0,0,CONFERENTE / SUPERVISOR ,31.37,0,0,0,,,,,,,,,,,5.18,5.13,2026-10-05 12:14:22.477790+00:00,2026-10-05 12:14:22.477790+00:00,31.37
1555,1,1000220698,EYU3356,2026-08-21,CÂNDIDO MOTA,EYU3356,,100.0,100.0,100.0,Finalizado,7072.029999999998,1000000.0,1.0,,721,697,0,0,CONFERENTE / SUPERVISOR ,38.9,0,0,0,,,,,,,,,,,5.18,5.13,2026-10-05 12:14:22.477790+00:00,2026-10-05 12:14:22.477790+00:00,38.9
1658,1,1000220962,FQU8482,2026-08-24,CÂNDIDO MOTA,FQU8482,,100.0,100.0,100.0,Finalizado,3045.3400000000006,1000000.0,0.0,,410,386,0,0,CONFERENTE / SUPERVISOR ,29.82,0,0,0,,,,,,,,,,,6.99,5.42,2026-10-05 12:14:22.477790+00:00,2026-10-05 12:14:22.477790+00:00,29.82
1562,1,1000220705,TMG6G62,2026-08-21,CÂNDIDO MOTA,TMG6G62,,100.0,100.0,100.0,Finalizado,2212.37,1000000.0,0.0,,280,265,0,0,CONFERENTE / SUPERVISOR ,11.3,0,0,0,,,,,,,,,,,5.37,5.13,2026-10-05 12:14:22.477790+00:00,2026-10-05 12:14:22.477790+00:00,11.3
1559,1,1000220702,EYU3702,2026-08-21,CÂNDIDO MOTA,EYU3702,,100.0,100.0,100.0,Finalizado,2590.8,1000000.0,0.0,,367,353,0,0,CONFERENTE / SUPERVISOR ,15.55,0,0,0,,,,,,,,,,,5.37,5.13,2026-10-05 12:14:22.477790+00:00,2026-10-05 12:14:22.477790+00:00,15.55
1766,1,1000221142,EYU3356,2026-08-25,CÂNDIDO MOTA,EYU3356,,100.0,100.0,100.0,Finalizado,8277.340000000002,1000000.0,1.0,,1080,1035,0,0,CONFERENTE / SUPERVISOR ,211.95,0,0,0,,,,,,,,,,,5.84,8.27,2026-10-05 12:14:22.477790+00:00,2026-10-05 12:14:22.477790+00:00,211.95
1653,1,1000220957,EYU3702,2026-08-24,CÂNDIDO MOTA,EYU3702,,100.0,100.0,100.0,Finalizado,7452.3799999999965,1000000.0,1.0,,868,780,0,0,CONFERENTE / SUPERVISOR ,45.55,0,0,0,,,,,,,,,,,6.78,5.42,2026-10-05 12:14:22.477790+00:00,2026-10-05 12:14:22.477790+00:00,45.55
1565,1,1000220708,DBC8725,2026-08-21,CÂNDIDO MOTA,DBC8725,,100.0,100.0,100.0,Finalizado,4416.2,1000000.0,0.0,,746,674,0,0,CONFERENTE / SUPERVISOR ,15.0,0,0,0,,,,,,,,,,,5.37,5.13,2026-10-05 12:14:22.477790+00:00,2026-10-05 12:14:22.477790+00:00,15.0
1657,1,1000220961,TMG6G62,2026-08-24,CÂNDIDO MOTA,TMG6G62,,100.0,100.0,100.0,Finalizado,2095.4500000000007,1000000.0,0.0,,260,256,0,0,CONFERENTE / SUPERVISOR ,48.88,0,0,0,,,,,,,,,,,6.96,5.42,2026-10-05 12:14:22.477790+00:00,2026-10-05 12:14:22.477790+00:00,48.88
1563,1,1000220706,FQU8482,2026-08-21,CÂNDIDO MOTA,FQU8482,,100.0,100.0,100.0,Finalizado,3386.8700000000003,1000000.0,0.0,,398,366,0,0,CONFERENTE / SUPERVISOR ,16.05,0,0,0,,,,,,,,,,,5.77,5.13,2026-10-05 12:14:22.477790+00:00,2026-10-05 12:14:22.477790+00:00,16.05
1660,1,1000220964,DBC8725,2026-08-24,CÂNDIDO MOTA,DBC8725,,100.0,100.0,100.0,Finalizado,5434.429999999999,1000000.0,1.0,,755,737,0,0,CONFERENTE / SUPERVISOR ,22.78,0,0,0,,,,,,,,,,,7.2,5.42,2026-10-05 12:14:22.477790+00:00,2026-10-05 12:14:22.477790+00:00,22.78
1774,1,1000221150,EYU3376,2026-08-25,CÂNDIDO MOTA,EYU3376,,100.0,100.0,100.0,Finalizado,6572.230000000002,1000000.0,1.0,,951,890,0,0,CONFERENTE / SUPERVISOR ,50.6,0,0,0,,,,,,,,,,,5.53,8.27,2026-10-05 12:14:22.477790+00:00,2026-10-05 12:14:22.477790+00:00,50.6
1778,1,1000221154,DBC8725,2026-08-25,CÂNDIDO MOTA,DBC8725,,100.0,100.0,100.0,Finalizado,4179.209999999999,1000000.0,0.0,,636,596,0,0,CONFERENTE / SUPERVISOR ,227.65,0,0,0,,,,,,,,,,,5.93,8.27,2026-10-05 12:14:22.477790+00:00,2026-10-05 12:14:22.477790+00:00,227.65
1656,1,1000220960,EYU3376,2026-08-24,CÂNDIDO MOTA,EYU3376,,100.0,100.0,100.0,Finalizado,7543.990000000003,1000000.0,1.0,,945,893,0,0,CONFERENTE / SUPERVISOR ,185.03,0,0,0,,,,,,,,,,,6.88,5.42,2026-10-05 12:14:22.477790+00:00,2026-10-05 12:14:22.477790+00:00,185.03
1772,1,1000221148,EYU3702,2026-08-25,CÂNDIDO MOTA,EYU3702,,100.0,100.0,100.0,Finalizado,7004.560000000002,1000000.0,1.0,,969,884,0,0,CONFERENTE / SUPERVISOR ,76.03,0,0,0,,,,,,,,,,,5.59,8.27,2026-10-05 12:14:22.477790+00:00,2026-10-05 12:14:22.477790+00:00,76.03
1654,1,1000220958,EYU3703,2026-08-24,CÂNDIDO MOTA,EYU3703,,100.0,100.0,100.0,Finalizado,6912.17,1000000.0,1.0,,712,670,0,0,CONFERENTE / SUPERVISOR ,105.35,0,0,0,,,,,,,,,,,6.79,5.42,2026-10-05 12:14:22.477790+00:00,2026-10-05 12:14:22.477790+00:00,105.35
1655,1,1000220959,EYU3705,2026-08-24,CÂNDIDO MOTA,EYU3705,,100.0,100.0,100.0,Finalizado,6802.350200000003,1000000.0,1.0,,839,777,0,0,CONFERENTE / SUPERVISOR ,126.6,0,0,0,,,,,,,,,,,6.87,5.42,2026-10-05 12:14:22.477790+00:00,2026-10-05 12:14:22.477790+00:00,126.6
1652,1,1000220956,EYU3372,2026-08-24,CÂNDIDO MOTA,EYU3372,,100.0,100.0,100.0,Finalizado,7774.060000000002,1000000.0,1.0,,1059,1050,0,0,CONFERENTE / SUPERVISOR ,47.55,0,0,0,,,,,,,,,,,6.77,5.42,2026-10-05 12:14:22.477790+00:00,2026-10-05 12:14:22.477790+00:00,47.55
1648,1,1000220952,EYU3361,2026-08-24,CÂNDIDO MOTA,EYU3361,,100.0,100.0,100.0,Finalizado,7120.55,1000000.0,1.0,,868,868,0,0,CONFERENTE / SUPERVISOR ,11.58,0,0,0,,,,,,,,,,,6.59,5.42,2026-10-05 12:14:22.477790+00:00,2026-10-05 12:14:22.477790+00:00,11.58
1870,1,1000221327,EYU3702,2026-08-26,CÂNDIDO MOTA,EYU3702,,100.0,100.0,100.0,Finalizado,7808.900000000001,1000000.0,1.0,,992,935,0,0,CONFERENTE / SUPERVISOR ,110.02,0,0,0,,,,,,,,,,,7.43,7.07,2026-10-05 12:14:22.477790+00:00,2026-10-05 12:14:22.477790+00:00,110.02
2070,1,1000221774,EYU3361,2026-08-28,CÂNDIDO MOTA,EYU3361,,100.0,100.0,100.0,Finalizado,5331.870000000002,1000000.0,1.0,,680,638,0,0,Filial C.M,51.77,0,0,0,,,,,,,,,,,4.46,5.0,2026-10-05 12:14:22.477790+00:00,2026-10-05 12:14:22.477790+00:00,51.77
1959,1,1000221557,DBC8722,2026-08-27,CÂNDIDO MOTA,DBC8722,,100.0,100.0,100.0,Finalizado,2329.54,1000000.0,0.0,,459,442,0,0,Filial C.M,209.43,0,0,0,,,,,,,,,,,5.6,6.52,2026-10-05 12:14:22.477790+00:00,2026-10-05 12:14:22.477790+00:00,209.43
1771,1,1000221147,EYU3372,2026-08-25,CÂNDIDO MOTA,EYU3372,,100.0,100.0,100.0,Finalizado,7145.490000000002,1000000.0,1.0,,789,774,0,0,CONFERENTE / SUPERVISOR ,118.25,0,0,0,,,,,,,,,,,6.72,8.27,2026-10-05 12:14:22.477790+00:00,2026-10-05 12:14:22.477790+00:00,118.25
1649,1,1000220953,EYU3363,2026-08-24,CÂNDIDO MOTA,EYU3363,,100.0,100.0,100.0,Finalizado,7208.4900000000025,1000000.0,1.0,,942,925,0,0,CONFERENTE / SUPERVISOR ,20.78,0,0,0,,,,,,,,,,,6.63,5.42,2026-10-05 12:14:22.477790+00:00,2026-10-05 12:14:22.477790+00:00,20.78
1773,1,1000221149,EYU3703,2026-08-25,CÂNDIDO MOTA,EYU3703,,100.0,100.0,100.0,Finalizado,7943.120000000001,1000000.0,1.0,,1056,1013,0,0,CONFERENTE / SUPERVISOR ,206.78,0,0,0,,,,,,,,,,,5.76,8.27,2026-10-05 12:14:22.477790+00:00,2026-10-05 12:14:22.477790+00:00,206.78
1768,1,1000221144,EYU3363,2026-08-25,CÂNDIDO MOTA,EYU3363,,100.0,100.0,100.0,Finalizado,8198.090000000002,1000000.0,1.0,,892,839,0,0,CONFERENTE / SUPERVISOR ,121.98,0,0,0,,,,,,,,,,,7.77,8.27,2026-10-05 12:14:22.477790+00:00,2026-10-05 12:14:22.477790+00:00,121.98
1651,1,1000220955,EYU3371,2026-08-24,CÂNDIDO MOTA,EYU3371,,100.0,100.0,100.0,Finalizado,7002.469999999999,1000000.0,1.0,,1049,1049,0,0,CONFERENTE / SUPERVISOR ,11.37,0,0,0,,,,,,,,,,,6.67,5.42,2026-10-05 12:14:22.477790+00:00,2026-10-05 12:14:22.477790+00:00,11.37
1770,1,1000221146,EYU3371,2026-08-25,CÂNDIDO MOTA,EYU3371,,100.0,100.0,100.0,Finalizado,7870.929999999999,1000000.0,1.0,,891,872,0,0,CONFERENTE / SUPERVISOR ,155.63,0,0,0,,,,,,,,,,,7.8,8.27,2026-10-05 12:14:22.477790+00:00,2026-10-05 12:14:22.477790+00:00,155.63
1769,1,1000221145,EYU3370,2026-08-25,CÂNDIDO MOTA,EYU3370,,100.0,100.0,100.0,Finalizado,7347.030199999998,1000000.0,1.0,,754,720,0,0,CONFERENTE / SUPERVISOR ,78.48,0,0,0,,,,,,,,,,,5.64,8.27,2026-10-05 12:14:22.477790+00:00,2026-10-05 12:14:22.477790+00:00,78.48
1776,1,1000221152,FQU8482,2026-08-25,CÂNDIDO MOTA,FQU8482,,100.0,100.0,100.0,Finalizado,2905.4800000000014,1000000.0,0.0,,416,396,0,0,CONFERENTE / SUPERVISOR ,222.55,0,0,0,,,,,,,,,,,7.05,8.27,2026-10-05 12:14:22.477790+00:00,2026-10-05 12:14:22.477790+00:00,222.55
1650,1,1000220954,EYU3370,2026-08-24,CÂNDIDO MOTA,EYU3370,,100.0,100.0,100.0,Finalizado,7987.859999999998,1000000.0,1.0,,977,956,0,0,CONFERENTE / SUPERVISOR ,12.27,0,0,0,,,,,,,,,,,6.67,5.42,2026-10-05 12:14:22.477790+00:00,2026-10-05 12:14:22.477790+00:00,12.27
1647,1,1000220951,EYU3356,2026-08-24,CÂNDIDO MOTA,EYU3356,,100.0,100.0,100.0,Finalizado,6788.280100000001,1000000.0,1.0,,803,767,0,0,CONFERENTE / SUPERVISOR ,49.05,0,0,0,,,,,,,,,,,6.59,5.42,2026-10-05 12:14:22.477790+00:00,2026-10-05 12:14:22.477790+00:00,49.05
2069,1,1000221773,EYU3356,2026-08-28,CÂNDIDO MOTA,EYU3356,,100.0,100.0,100.0,Finalizado,5739.925999999998,1000000.0,1.0,,881,869,0,0,Filial C.M,6.68,0,0,0,,,,,,,,,,,4.38,5.0,2026-10-05 12:14:22.477790+00:00,2026-10-05 12:14:22.477790+00:00,6.68
1866,1,1000221323,EYU3361,2026-08-26,CÂNDIDO MOTA,EYU3361,,100.0,100.0,100.0,Finalizado,7866.3200000000015,1000000.0,1.0,,984,947,0,0,CONFERENTE / SUPERVISOR ,312.67,0,0,0,,,,,,,,,,,7.54,7.07,2026-10-05 12:14:22.477790+00:00,2026-10-05 12:14:22.477790+00:00,312.67
1871,1,1000221328,EYU3703,2026-08-26,CÂNDIDO MOTA,EYU3703,,100.0,100.0,100.0,Finalizado,8016.066000000001,1000000.0,1.0,,979,891,0,0,CONFERENTE / SUPERVISOR ,177.82,0,0,0,,,,,,,,,,,7.46,7.07,2026-10-05 12:14:22.477790+00:00,2026-10-05 12:14:22.477790+00:00,177.82
1756,1,1000221132,CMT0006,2026-08-25,CÂNDIDO MOTA,CMT0006,,100.0,100.0,100.0,Finalizado,9288.06,1000000.0,1.0,,1253,1253,0,0,CONFERENTE / SUPERVISOR ,8.82,0,0,0,,,,,,,,,,,6.56,8.27,2026-10-05 12:14:22.477790+00:00,2026-10-05 12:14:22.477790+00:00,8.82
1869,1,1000221326,EYU3372,2026-08-26,CÂNDIDO MOTA,EYU3372,,100.0,100.0,100.0,Finalizado,8174.8200000000015,1000000.0,1.0,,1080,975,0,0,CONFERENTE / SUPERVISOR ,103.4,0,0,0,,,,,,,,,,,7.38,7.07,2026-10-05 12:14:22.477790+00:00,2026-10-05 12:14:22.477790+00:00,103.4
1876,1,1000221333,DBC8725,2026-08-26,CÂNDIDO MOTA,DBC8725,,100.0,100.0,100.0,Finalizado,6321.259999999999,1000000.0,1.0,,1120,1096,0,0,CONFERENTE / SUPERVISOR ,176.83,0,0,0,,,,,,,,,,,4.82,7.07,2026-10-05 12:14:22.477790+00:00,2026-10-05 12:14:22.477790+00:00,176.83
1752,1,1000221128,CMT0002,2026-08-25,CÂNDIDO MOTA,CMT0002,,100.0,100.0,100.0,Finalizado,6010.36,1000000.0,1.0,,892,880,0,0,CONFERENTE / SUPERVISOR ,70.43,0,0,0,,,,,,,,,,,7.14,8.27,2026-10-05 12:14:22.477790+00:00,2026-10-05 12:14:22.477790+00:00,70.43
1759,1,1000221135,CMT0009,2026-08-25,CÂNDIDO MOTA,CMT0009,,100.0,100.0,100.0,Finalizado,6476.139999999997,1000000.0,1.0,,1090,1054,0,0,CONFERENTE / SUPERVISOR ,23.15,0,0,0,,,,,,,,,,,7.14,8.27,2026-10-05 12:14:22.477790+00:00,2026-10-05 12:14:22.477790+00:00,23.15
1758,1,1000221134,CMT0008,2026-08-25,CÂNDIDO MOTA,CMT0008,,100.0,100.0,100.0,Finalizado,3437.2000000000003,1000000.0,0.0,,452,434,0,0,CONFERENTE / SUPERVISOR ,45.82,0,0,0,,,,,,,,,,,7.03,8.27,2026-10-05 12:14:22.477790+00:00,2026-10-05 12:14:22.477790+00:00,45.82
1775,1,1000221151,GDB5855,2026-08-25,CÂNDIDO MOTA,GDB5855,,100.0,100.0,100.0,Finalizado,6079.36,1000000.0,1.0,,918,855,0,0,CONFERENTE / SUPERVISOR ,28.15,0,0,0,,,,,,,,,,,7.03,8.27,2026-10-05 12:14:22.477790+00:00,2026-10-05 12:14:22.477790+00:00,28.15
1868,1,1000221325,EYU3371,2026-08-26,CÂNDIDO MOTA,EYU3371,,100.0,100.0,100.0,Finalizado,4397.610000000001,1000000.0,0.0,,483,397,0,0,CONFERENTE / SUPERVISOR ,47.07,0,0,0,,,,,,,,,,,7.31,7.07,2026-10-05 12:14:22.477790+00:00,2026-10-05 12:14:22.477790+00:00,47.07
1754,1,1000221130,CMT0004,2026-08-25,CÂNDIDO MOTA,CMT0004,,100.0,100.0,100.0,Finalizado,4752.780000000001,1000000.0,0.0,,716,690,0,0,CONFERENTE / SUPERVISOR ,96.03,0,0,0,,,,,,,,,,,7.54,8.27,2026-10-05 12:14:22.477790+00:00,2026-10-05 12:14:22.477790+00:00,96.03
1757,1,1000221133,CMT0007,2026-08-25,CÂNDIDO MOTA,CMT0007,,100.0,100.0,100.0,Finalizado,4064.2799999999993,1000000.0,0.0,,650,626,0,0,CONFERENTE / SUPERVISOR ,44.23,0,0,0,,,,,,,,,,,7.67,8.27,2026-10-05 12:14:22.477790+00:00,2026-10-05 12:14:22.477790+00:00,44.23
1875,1,1000221332,DBC8717,2026-08-26,CÂNDIDO MOTA,DBC8717,,100.0,100.0,100.0,Finalizado,2380.540000000001,1000000.0,0.0,,368,362,0,0,CONFERENTE / SUPERVISOR ,162.55,0,0,0,,,,,,,,,,,4.82,7.07,2026-10-05 12:14:22.477790+00:00,2026-10-05 12:14:22.477790+00:00,162.55
1753,1,1000221129,CMT0003,2026-08-25,CÂNDIDO MOTA,CMT0003,,100.0,100.0,100.0,Finalizado,6598.349999999996,1000000.0,1.0,,1016,1004,0,0,CONFERENTE / SUPERVISOR ,78.55,0,0,0,,,,,,,,,,,7.54,8.27,2026-10-05 12:14:22.477790+00:00,2026-10-05 12:14:22.477790+00:00,78.55
1873,1,1000221330,GDB5855,2026-08-26,CÂNDIDO MOTA,GDB5855,,100.0,100.0,100.0,Finalizado,9126.59,1000000.0,1.0,,1073,1027,0,0,CONFERENTE / SUPERVISOR ,160.28,0,0,0,,,,,,,,,,,4.64,7.07,2026-10-05 12:14:22.477790+00:00,2026-10-05 12:14:22.477790+00:00,160.28
1777,1,1000221153,DBC8717,2026-08-25,CÂNDIDO MOTA,DBC8717,,100.0,100.0,100.0,Finalizado,1752.1699999999996,1000000.0,0.0,,190,181,0,0,CONFERENTE / SUPERVISOR ,18.57,0,0,0,,,,,,,,,,,7.67,8.27,2026-10-05 12:14:22.477790+00:00,2026-10-05 12:14:22.477790+00:00,18.57
1767,1,1000221143,EYU3361,2026-08-25,CÂNDIDO MOTA,EYU3361,,100.0,100.0,100.0,Finalizado,6136.712100000003,1000000.0,1.0,,885,792,0,0,CONFERENTE / SUPERVISOR ,18.03,0,0,0,,,,,,,,,,,7.63,8.27,2026-10-05 12:14:22.477790+00:00,2026-10-05 12:14:22.477790+00:00,18.03
1872,1,1000221329,EYU3705,2026-08-26,CÂNDIDO MOTA,EYU3705,,100.0,100.0,100.0,Finalizado,8619.1601,1000000.0,1.0,,1210,1190,0,0,CONFERENTE / SUPERVISOR ,90.55,0,0,0,,,,,,,,,,,7.54,7.07,2026-10-05 12:14:22.477790+00:00,2026-10-05 12:14:22.477790+00:00,90.55
1867,1,1000221324,EYU3363,2026-08-26,CÂNDIDO MOTA,EYU3363,,100.0,100.0,100.0,Finalizado,8009.294999999997,1000000.0,1.0,,993,937,0,0,CONFERENTE / SUPERVISOR ,78.92,0,0,0,,,,,,,,,,,7.32,7.07,2026-10-05 12:14:22.477790+00:00,2026-10-05 12:14:22.477790+00:00,78.92
1958,1,1000221556,FQU8482,2026-08-27,CÂNDIDO MOTA,FQU8482,,100.0,100.0,100.0,Finalizado,2771.839999999999,1000000.0,0.0,,449,387,0,0,Filial C.M,138.4,0,0,0,,,,,,,,,,,5.44,6.52,2026-10-05 12:14:22.477790+00:00,2026-10-05 12:14:22.477790+00:00,138.4
1949,1,1000221546,EYU3356,2026-08-27,CÂNDIDO MOTA,EYU3356,,100.0,100.0,100.0,Finalizado,7597.5809999999965,1000000.0,1.0,,880,792,0,0,Filial C.M,37.45,0,0,0,,,,,,,,,,,6.11,6.52,2026-10-05 12:14:22.477790+00:00,2026-10-05 12:14:22.477790+00:00,37.45
2071,1,1000221775,EYU3363,2026-08-28,CÂNDIDO MOTA,EYU3363,,100.0,100.0,100.0,Finalizado,6565.45,1000000.0,1.0,,696,630,0,0,Filial C.M,44.98,0,0,0,,,,,,,,,,,4.55,5.0,2026-10-05 12:14:22.477790+00:00,2026-10-05 12:14:22.477790+00:00,44.98
1953,1,1000221550,EYU3371,2026-08-27,CÂNDIDO MOTA,EYU3371,,100.0,100.0,100.0,Finalizado,6594.92,1000000.0,1.0,,718,652,0,0,Filial C.M,95.13,0,0,0,,,,,,,,,,,6.42,6.52,2026-10-05 12:14:22.477790+00:00,2026-10-05 12:14:22.477790+00:00,95.13
1957,1,1000221555,GDB5855,2026-08-27,CÂNDIDO MOTA,GDB5855,,100.0,100.0,100.0,Finalizado,8771.699999999997,1000000.0,1.0,,1257,1224,0,0,Filial C.M,201.87,0,0,0,,,,,,,,,,,5.33,6.52,2026-10-05 12:14:22.477790+00:00,2026-10-05 12:14:22.477790+00:00,201.87
1956,1,1000221554,EYU3376,2026-08-27,CÂNDIDO MOTA,EYU3376,,100.0,100.0,100.0,Finalizado,7390.190000000005,1000000.0,1.0,,1000,937,0,0,Filial C.M,191.78,0,0,0,,,,,,,,,,,5.27,6.52,2026-10-05 12:14:22.477790+00:00,2026-10-05 12:14:22.477790+00:00,191.78
1955,1,1000221553,EYU3703,2026-08-27,CÂNDIDO MOTA,EYU3703,,100.0,100.0,100.0,Finalizado,7422.1500000000015,1000000.0,1.0,,727,678,0,0,Filial C.M,186.9,0,0,0,,,,,,,,,,,5.16,6.52,2026-10-05 12:14:22.477790+00:00,2026-10-05 12:14:22.477790+00:00,186.9
1951,1,1000221548,EYU3363,2026-08-27,CÂNDIDO MOTA,EYU3363,,100.0,100.0,100.0,Finalizado,8522.830000000002,1000000.0,1.0,,998,957,0,0,Filial C.M,70.87,0,0,0,,,,,,,,,,,6.32,6.52,2026-10-05 12:14:22.477790+00:00,2026-10-05 12:14:22.477790+00:00,70.87
1950,1,1000221547,EYU3361,2026-08-27,CÂNDIDO MOTA,EYU3361,,100.0,100.0,100.0,Finalizado,7775.879999999997,1000000.0,1.0,,914,861,0,0,Filial C.M,74.4,0,0,0,,,,,,,,,,,6.23,6.52,2026-10-05 12:14:22.477790+00:00,2026-10-05 12:14:22.477790+00:00,74.4
1952,1,1000221549,EYU3370,2026-08-27,CÂNDIDO MOTA,EYU3370,,100.0,100.0,100.0,Finalizado,5144.810100000001,1000000.0,1.0,,879,831,0,0,Filial C.M,167.48,0,0,0,,,,,,,,,,,5.1,6.52,2026-10-05 12:14:22.477790+00:00,2026-10-05 12:14:22.477790+00:00,167.48
1954,1,1000221551,EYU3702,2026-08-27,CÂNDIDO MOTA,EYU3702,,100.0,100.0,100.0,Finalizado,7953.330000000002,1000000.0,1.0,,863,810,0,0,Filial C.M,102.48,0,0,0,,,,,,,,,,,6.56,6.52,2026-10-05 12:14:22.477790+00:00,2026-10-05 12:14:22.477790+00:00,102.48
2077,1,1000221781,DBC8717,2026-08-28,CÂNDIDO MOTA,DBC8717,,100.0,100.0,100.0,Finalizado,3884.38,1000000.0,0.0,,480,444,0,0,Filial C.M,87.07,0,0,0,,,,,,,,,,,4.91,5.0,2026-10-05 12:14:22.477790+00:00,2026-10-05 12:14:22.477790+00:00,87.07
1932,1,1000221529,DBC8720,2026-08-27,MARILIA,DBC8720,,100.0,100.0,100.0,Finalizado,3887.7,1000000.0,0.0,,519,495,0,0,ROADSHOW,3.73,0,0,0,,,,,,,,,,,0.37,0.0,2026-10-05 12:14:22.477790+00:00,2026-10-05 12:14:22.477790+00:00,3.73
2073,1,1000221777,EYU3702,2026-08-28,CÂNDIDO MOTA,EYU3702,,100.0,100.0,100.0,Finalizado,7696.59,1000000.0,1.0,,961,910,0,0,Filial C.M,64.58,0,0,0,,,,,,,,,,,4.67,5.0,2026-10-05 12:14:22.477790+00:00,2026-10-05 12:14:22.477790+00:00,64.58
2076,1,1000221780,FQU8482,2026-08-28,CÂNDIDO MOTA,FQU8482,,100.0,100.0,100.0,Finalizado,2880.67,1000000.0,0.0,,365,351,0,0,Filial C.M,63.53,0,0,0,,,,,,,,,,,4.92,5.0,2026-10-05 12:14:22.477790+00:00,2026-10-05 12:14:22.477790+00:00,63.53
2120,1,1000221908,CPJ1392,2026-08-31,PRESIDENTE PRUDENTE,CPJ1392,,100.0,100.0,100.0,Finalizado,22.68,1000000.0,0.0,,18,0,0,0,Filial PPR,1.2,0,0,0,,,,,,,,,,,0.4,0.5,2026-10-05 12:14:22.477790+00:00,2026-10-05 12:14:22.477790+00:00,1.2
1887,1,1000221401,CPJ1392,2026-08-27,PRESIDENTE PRUDENTE,CPJ1392,,100.0,100.0,100.0,Finalizado,19.55,1000000.0,0.0,,13,1,0,0,CONFERENTE / SUPERVISOR ,0.68,0,0,0,,,,,,,,,,,0.79,0.95,2026-10-05 12:14:22.477790+00:00,2026-10-05 12:14:22.477790+00:00,0.68
2075,1,1000221779,EYU3705,2026-08-28,CÂNDIDO MOTA,EYU3705,,100.0,100.0,100.0,Finalizado,7713.040000000001,1000000.0,1.0,,996,967,0,0,Filial C.M,102.13,0,0,0,,,,,,,,,,,4.92,5.0,2026-10-05 12:14:22.477790+00:00,2026-10-05 12:14:22.477790+00:00,102.13
2072,1,1000221776,EYU3370,2026-08-28,CÂNDIDO MOTA,EYU3370,,100.0,100.0,100.0,Finalizado,6134.660000000001,1000000.0,1.0,,815,776,0,0,Filial C.M,51.18,0,0,0,,,,,,,,,,,4.61,5.0,2026-10-05 12:14:22.477790+00:00,2026-10-05 12:14:22.477790+00:00,51.18
2074,1,1000221778,EYU3703,2026-08-28,CÂNDIDO MOTA,EYU3703,,100.0,100.0,100.0,Finalizado,6911.289999999996,1000000.0,1.0,,1031,959,0,0,Filial C.M,81.9,0,0,0,,,,,,,,,,,4.78,5.0,2026-10-05 12:14:22.477790+00:00,2026-10-05 12:14:22.477790+00:00,81.9
2078,1,1000221782,DBC8725,2026-08-28,CÂNDIDO MOTA,DBC8725,,100.0,100.0,100.0,Finalizado,3971.0600000000013,1000000.0,0.0,,537,503,0,0,Filial C.M,215.98,0,0,0,,,,,,,,,,,5.65,5.0,2026-10-05 12:14:22.477790+00:00,2026-10-05 12:14:22.477790+00:00,215.98
2738,1,1000222746,OUR1004,2026-09-02,CÂNDIDO MOTA,EYU3705,,100.0,100.0,100.0,Finalizado,899.54,1000000.0,0.0,,105,105,0,0,Filial C.M,14.97,0,0,0,,,,,,,,,,,5.63,10.48,2026-10-05 12:14:22.477790+00:00,2026-10-05 12:14:22.477790+00:00,14.97
2825,1,1000222899,EYU3372,2026-09-03,CÂNDIDO MOTA,EYU3372,,100.0,100.0,100.0,Finalizado,2243.0000000000005,1000000.0,0.0,,364,338,0,0,Filial C.M,168.2,0,0,0,,,,,,,,,,,10.36,10.48,2026-10-05 12:14:22.477790+00:00,2026-10-05 12:14:22.477790+00:00,168.2
2495,1,1000222318,EYU3703,2026-08-31,CÂNDIDO MOTA,EYU3703,,100.0,100.0,100.0,Finalizado,6635.41,1000000.0,1.0,,712,702,0,0,Filial C.M,102.58,0,0,0,,,,,,,,,,,5.44,7.42,2026-10-05 12:14:22.477790+00:00,2026-10-05 12:14:22.477790+00:00,102.58
2894,1,1000223079,FQU8482,2026-09-04,CÂNDIDO MOTA,FQU8482,,100.0,100.0,100.0,Finalizado,3360.460000000001,1000000.0,0.0,,452,437,0,0,Filial C.M,30.63,0,0,0,,,,,,,,,,,2.38,9.58,2026-10-05 12:14:22.477790+00:00,2026-10-05 12:14:22.477790+00:00,30.63
2494,1,1000222317,EYU3702,2026-08-31,CÂNDIDO MOTA,EYU3702,,100.0,100.0,100.0,Finalizado,7527.330000000002,1000000.0,1.0,,841,752,0,0,Filial C.M,177.77,0,0,0,,,,,,,,,,,5.28,7.42,2026-10-05 12:14:22.477790+00:00,2026-10-05 12:14:22.477790+00:00,177.77
2503,1,1000222326,FCX9994,2026-08-31,CÂNDIDO MOTA,FCX9994,,100.0,100.0,100.0,Finalizado,8076.7699999999995,1000000.0,1.0,,971,968,0,0,Filial C.M,158.98,0,0,0,,,,,,,,,,,6.61,7.42,2026-10-05 12:14:22.477790+00:00,2026-10-05 12:14:22.477790+00:00,158.98
2493,1,1000222316,EYU3372,2026-08-31,CÂNDIDO MOTA,EYU3372,,100.0,100.0,100.0,Finalizado,7825.130000000002,1000000.0,1.0,,1099,1029,0,0,Filial C.M,92.37,0,0,0,,,,,,,,,,,4.68,7.42,2026-10-05 12:14:22.477790+00:00,2026-10-05 12:14:22.477790+00:00,92.37
2502,1,1000222325,DBC8725,2026-08-31,CÂNDIDO MOTA,DBC8725,,100.0,100.0,100.0,Finalizado,4698.380000000001,1000000.0,0.0,,503,473,0,0,Filial C.M,162.93,0,0,0,,,,,,,,,,,6.23,7.42,2026-10-05 12:14:22.477790+00:00,2026-10-05 12:14:22.477790+00:00,162.93
2496,1,1000222319,EYU3705,2026-08-31,CÂNDIDO MOTA,EYU3705,,100.0,100.0,100.0,Finalizado,7014.991000000002,1000000.0,1.0,,861,841,0,0,Filial C.M,134.65,0,0,0,,,,,,,,,,,4.73,7.42,2026-10-05 12:14:22.477790+00:00,2026-10-05 12:14:22.477790+00:00,134.65
2824,1,1000222898,EYU3371,2026-09-03,CÂNDIDO MOTA,EYU3371,,100.0,100.0,100.0,Finalizado,8187.800000000001,1000000.0,1.0,,960,915,0,0,Filial C.M,40.15,0,0,0,,,,,,,,,,,10.22,10.48,2026-10-05 12:14:22.477790+00:00,2026-10-05 12:14:22.477790+00:00,40.15
2501,1,1000222324,DBC8717,2026-08-31,CÂNDIDO MOTA,DBC8717,,100.0,100.0,100.0,Finalizado,5039.790000000002,1000000.0,1.0,,553,529,0,0,Filial C.M,81.05,0,0,0,,,,,,,,,,,3.35,7.42,2026-10-05 12:14:22.477790+00:00,2026-10-05 12:14:22.477790+00:00,81.05
2492,1,1000222315,EYU3371,2026-08-31,CÂNDIDO MOTA,EYU3371,,100.0,100.0,100.0,Finalizado,7605.540000000001,1000000.0,1.0,,900,882,0,0,Filial C.M,73.65,0,0,0,,,,,,,,,,,4.56,7.42,2026-10-05 12:14:22.477790+00:00,2026-10-05 12:14:22.477790+00:00,73.65
2500,1,1000222323,FQU8482,2026-08-31,CÂNDIDO MOTA,FQU8482,,100.0,100.0,100.0,Finalizado,3266.0200000000004,1000000.0,0.0,,351,351,0,0,Filial C.M,145.18,0,0,0,,,,,,,,,,,5.92,7.42,2026-10-05 12:14:22.477790+00:00,2026-10-05 12:14:22.477790+00:00,145.18
2491,1,1000222314,EYU3370,2026-08-31,CÂNDIDO MOTA,EYU3370,,100.0,100.0,100.0,Finalizado,7806.750000000002,1000000.0,1.0,,881,858,0,0,Filial C.M,107.42,0,0,0,,,,,,,,,,,5.09,7.42,2026-10-05 12:14:22.477790+00:00,2026-10-05 12:14:22.477790+00:00,107.42
2470,1,1000222293,CMT0008,2026-09-01,CÂNDIDO MOTA,CMT0008,,100.0,100.0,100.0,Finalizado,750.03,1000000.0,0.0,,132,57,0,0,Filial C.M,38.65,0,0,0,,,,,,,,,,,7.86,10.23,2026-10-05 12:14:22.477790+00:00,2026-10-05 12:14:22.477790+00:00,38.65
2471,1,1000222294,CMT0009,2026-09-01,CÂNDIDO MOTA,CMT0009,,100.0,100.0,100.0,Finalizado,1829.2699999999995,1000000.0,0.0,,218,203,0,0,Filial C.M,126.75,0,0,0,,,,,,,,,,,8.16,10.23,2026-10-05 12:14:22.477790+00:00,2026-10-05 12:14:22.477790+00:00,126.75
2719,1,1000222727,CMT0006,2026-09-02,CÂNDIDO MOTA,FQU8482,,100.0,100.0,100.0,Finalizado,3024.6600000000008,1000000.0,0.0,,424,404,0,0,Filial C.M,70.63,0,0,0,,,,,,,,,,,6.38,10.48,2026-10-05 12:14:22.477790+00:00,2026-10-05 12:14:22.477790+00:00,70.63
2498,1,1000222321,GDB5855,2026-08-31,CÂNDIDO MOTA,GDB5855,,100.0,100.0,100.0,Finalizado,7557.839999999999,1000000.0,1.0,,899,833,0,0,Filial C.M,125.67,0,0,0,,,,,,,,,,,5.79,7.42,2026-10-05 12:14:22.477790+00:00,2026-10-05 12:14:22.477790+00:00,125.67
2722,1,1000222730,OUR1001,2026-09-02,CÂNDIDO MOTA,EYU3705,,100.0,100.0,100.0,Finalizado,2184.6600000000003,1000000.0,0.0,,391,391,0,0,Filial C.M,111.97,0,0,0,,,,,,,,,,,6.78,10.48,2026-10-05 12:14:22.477790+00:00,2026-10-05 12:14:22.477790+00:00,111.97
2481,1,1000222304,CMT0019,2026-08-31,CÂNDIDO MOTA,GDB5855,,100.0,100.0,100.0,Finalizado,324.3,1000000.0,0.0,,50,50,0,0,Filial C.M,0.65,0,0,0,,,,,,,,,,,7.54,10.48,2026-10-05 12:14:22.477790+00:00,2026-10-05 12:14:22.477790+00:00,0.65
2497,1,1000222320,EYU3376,2026-08-31,CÂNDIDO MOTA,EYU3376,,100.0,100.0,100.0,Finalizado,7277.240000000001,1000000.0,1.0,,993,957,0,0,Filial C.M,57.02,0,0,0,,,,,,,,,,,5.64,7.42,2026-10-05 12:14:22.477790+00:00,2026-10-05 12:14:22.477790+00:00,57.02
2291,1,1000222114,REG0005,2026-08-31,PRESIDENTE PRUDENTE,REG0005,,100.0,100.0,100.0,Finalizado,8265.869999999999,1000000.0,1.0,,998,936,0,0,Filial PPR,311.0,0,0,0,,,,,,,,,,,5.85,0.5,2026-10-05 12:14:22.477790+00:00,2026-10-05 12:14:22.477790+00:00,311.0
2714,1,1000222722,FOL2114,2026-09-02,PRESIDENTE PRUDENTE,FOL2114,,100.0,100.0,100.0,Finalizado,2772.1700000000005,1000000.0,0.0,,267,237,0,0,Filial PPR,49.08,0,0,0,,,,,,,,,,,16.71,14.38,2026-10-05 12:14:22.477790+00:00,2026-10-05 12:14:22.477790+00:00,49.08
2393,1,1000222216,CMT0080,2026-08-31,CÂNDIDO MOTA,EYU3376,,100.0,100.0,100.0,Finalizado pelo Operador,369.59999999999997,1000000.0,0.0,,55,55,0,0,Filial C.M,0.53,0,0,0,,,,,,,,,,,,9.85,2026-10-05 12:14:22.477790+00:00,2026-10-05 12:14:22.477790+00:00,0.53
2437,1,1000222260,OUR1008,2026-09-01,CÂNDIDO MOTA,OUR1008,,100.0,100.0,100.0,Finalizado,1717.55,1000000.0,0.0,,319,307,0,0,Filial C.M,90.55,0,0,0,,,,,,,,,,,7.98,10.23,2026-10-05 12:14:22.477790+00:00,2026-10-05 12:14:22.477790+00:00,90.55
2606,1,1000222528,EYU3703,2026-09-01,CÂNDIDO MOTA,EYU3703,,100.0,100.0,100.0,Finalizado,351.51999999999987,1000000.0,0.0,,41,35,0,0,Filial C.M,141.28,0,0,0,,,,,,,,,,,8.39,10.23,2026-10-05 12:14:22.477790+00:00,2026-10-05 12:14:22.477790+00:00,141.28
2485,1,1000222308,OUR1004,2026-09-01,CÂNDIDO MOTA,OUR1004,,100.0,100.0,100.0,Finalizado,365.77,1000000.0,0.0,,27,25,0,0,Filial C.M,9.37,0,0,0,,,,,,,,,,,9.28,10.23,2026-10-05 12:14:22.477790+00:00,2026-10-05 12:14:22.477790+00:00,9.37
2417,1,1000222240,CMT0085,2026-09-01,CÂNDIDO MOTA,CMT0085,,100.0,100.0,100.0,Finalizado,1490.0599999999997,1000000.0,0.0,,295,164,0,0,Filial C.M,138.87,0,0,0,,,,,,,,,,,8.39,10.23,2026-10-05 12:14:22.477790+00:00,2026-10-05 12:14:22.477790+00:00,138.87
2609,1,1000222531,DBC8725,2026-09-01,CÂNDIDO MOTA,DBC8725,,100.0,100.0,100.0,Finalizado,4090.9299999999994,1000000.0,0.0,,440,426,0,0,Filial C.M,204.02,0,0,0,,,,,,,,,,,8.86,10.23,2026-10-05 12:14:22.477790+00:00,2026-10-05 12:14:22.477790+00:00,204.02
2476,1,1000222299,GDB5855,2026-09-01,CÂNDIDO MOTA,CMT0014,,100.0,100.0,100.0,Finalizado,9110.9,1000000.0,1.0,,1113,1078,0,0,Filial C.M,132.4,0,0,0,,,,,,,,,,,7.88,10.23,2026-10-05 12:14:22.477790+00:00,2026-10-05 12:14:22.477790+00:00,132.4
2416,1,1000222239,CMT0084,2026-09-01,CÂNDIDO MOTA,CMT0084,,100.0,100.0,100.0,Finalizado,2151.32,1000000.0,0.0,,335,300,0,0,Filial C.M,75.42,0,0,0,,,,,,,,,,,8.39,10.23,2026-10-05 12:14:22.477790+00:00,2026-10-05 12:14:22.477790+00:00,75.42
2414,1,1000222237,CMT0082,2026-09-01,CÂNDIDO MOTA,CMT0082,,100.0,100.0,100.0,Finalizado,1061.09,1000000.0,0.0,,129,129,0,0,Filial C.M,118.57,0,0,0,,,,,,,,,,,8.16,10.23,2026-10-05 12:14:22.477790+00:00,2026-10-05 12:14:22.477790+00:00,118.57
2418,1,1000222241,CMT0086,2026-09-01,CÂNDIDO MOTA,CMT0086,,100.0,100.0,100.0,Finalizado,1542.4999999999998,1000000.0,0.0,,199,199,0,0,Filial C.M,84.33,0,0,0,,,,,,,,,,,8.39,10.23,2026-10-05 12:14:22.477790+00:00,2026-10-05 12:14:22.477790+00:00,84.33
2478,1,1000222301,CMT0016,2026-09-01,CÂNDIDO MOTA,CMT0016,,100.0,100.0,100.0,Finalizado,2374.11,1000000.0,0.0,,299,287,0,0,Filial C.M,153.02,0,0,0,,,,,,,,,,,8.39,10.23,2026-10-05 12:14:22.477790+00:00,2026-10-05 12:14:22.477790+00:00,153.02
2469,1,1000222292,CMT0007,2026-09-01,CÂNDIDO MOTA,CMT0007,,100.0,100.0,100.0,Finalizado,2665.010000000002,1000000.0,0.0,,408,396,0,0,Filial C.M,110.77,0,0,0,,,,,,,,,,,8.86,10.23,2026-10-05 12:14:22.477790+00:00,2026-10-05 12:14:22.477790+00:00,110.77
2499,1,1000222322,TMG6G62,2026-08-31,CÂNDIDO MOTA,TMG6G62,,100.0,100.0,100.0,Finalizado,1852.1700000000003,1000000.0,0.0,,252,231,0,0,Filial C.M,243.67,0,0,0,,,,,,,,,,,5.85,7.42,2026-10-05 12:14:22.477790+00:00,2026-10-05 12:14:22.477790+00:00,243.67
2490,1,1000222313,EYU3363,2026-08-31,CÂNDIDO MOTA,EYU3363,,100.0,100.0,100.0,Finalizado,7768.569999999998,1000000.0,1.0,,917,891,0,0,Filial C.M,95.1,0,0,0,,,,,,,,,,,5.03,7.42,2026-10-05 12:14:22.477790+00:00,2026-10-05 12:14:22.477790+00:00,95.1
2489,1,1000222312,EYU3361,2026-08-31,CÂNDIDO MOTA,EYU3361,,100.0,100.0,100.0,Finalizado,6562.090100000001,1000000.0,1.0,,1260,840,0,0,Filial C.M,65.82,0,0,0,,,,,,,,,,,4.95,7.42,2026-10-05 12:14:22.477790+00:00,2026-10-05 12:14:22.477790+00:00,65.82
2605,1,1000222527,EYU3702,2026-09-01,CÂNDIDO MOTA,EYU3702,,100.0,100.0,100.0,Finalizado,5366.43,1000000.0,1.0,,706,676,0,0,Filial C.M,119.68,0,0,0,,,,,,,,,,,8.16,10.23,2026-10-05 12:14:22.477790+00:00,2026-10-05 12:14:22.477790+00:00,119.68
2488,1,1000222311,OUR1007,2026-09-01,CÂNDIDO MOTA,OUR1007,,100.0,100.0,100.0,Finalizado,5218.620000000001,1000000.0,1.0,,578,578,0,0,Filial C.M,95.75,0,0,0,,,,,,,,,,,7.98,10.23,2026-10-05 12:14:22.477790+00:00,2026-10-05 12:14:22.477790+00:00,95.75
2604,1,1000222526,EYU3370,2026-09-01,CÂNDIDO MOTA,EYU3370,,100.0,100.0,100.0,Finalizado,570.66,1000000.0,0.0,,52,48,0,0,Filial C.M,79.57,0,0,0,,,,,,,,,,,7.86,10.23,2026-10-05 12:14:22.477790+00:00,2026-10-05 12:14:22.477790+00:00,79.57
2430,1,1000222253,CMT0077,2026-09-01,CÂNDIDO MOTA,CMT0077,,100.0,100.0,100.0,Finalizado,2989.400000000001,1000000.0,0.0,,462,462,0,0,Filial C.M,60.2,0,0,0,,,,,,,,,,,9.56,10.23,2026-10-05 12:14:22.477790+00:00,2026-10-05 12:14:22.477790+00:00,60.2
2603,1,1000222525,EYU3361,2026-09-01,CÂNDIDO MOTA,EYU3361,,100.0,100.0,100.0,Finalizado,5562.390000000001,1000000.0,1.0,,642,602,0,0,Filial C.M,83.48,0,0,0,,,,,,,,,,,9.35,10.23,2026-10-05 12:14:22.477790+00:00,2026-10-05 12:14:22.477790+00:00,83.48
2730,1,1000222738,EYU3376,2026-09-02,CÂNDIDO MOTA,EYU3376,,100.0,100.0,100.0,Finalizado pelo Operador,5015.06,1000000.0,1.0,,545,528,0,0,Filial C.M,980.52,0,0,0,,,,,,,,,,,,9.85,2026-10-05 12:14:22.477790+00:00,2026-10-05 12:14:22.477790+00:00,980.52
2415,1,1000222238,CMT0083,2026-09-01,CÂNDIDO MOTA,CMT0083,,100.0,100.0,100.0,Finalizado,3592.13,1000000.0,0.0,,518,518,0,0,Filial C.M,33.65,0,0,0,,,,,,,,,,,9.56,10.23,2026-10-05 12:14:22.477790+00:00,2026-10-05 12:14:22.477790+00:00,33.65
2468,1,1000222291,CMT0006,2026-09-01,CÂNDIDO MOTA,CMT0006,,100.0,100.0,100.0,Finalizado,6715.579999999999,1000000.0,1.0,,814,761,0,0,Filial C.M,76.9,0,0,0,,,,,,,,,,,7.86,10.23,2026-10-05 12:14:22.477790+00:00,2026-10-05 12:14:22.477790+00:00,76.9
2079,1,1000221783,CMT0005,2026-09-01,CÂNDIDO MOTA,CMT0005,,100.0,100.0,100.0,Finalizado,1472.1299999999999,1000000.0,0.0,,237,237,0,0,Filial C.M,3.4,0,0,0,,,,,,,,,,,9.56,10.23,2026-10-05 12:14:22.477790+00:00,2026-10-05 12:14:22.477790+00:00,3.4
2385,1,1000222208,CMT0091,2026-08-31,CÂNDIDO MOTA,GDB5855,,100.0,100.0,100.0,Finalizado,1380.35,1000000.0,0.0,,95,95,0,0,Filial C.M,0.7,0,0,0,,,,,,,,,,,7.72,10.48,2026-10-05 12:14:22.477790+00:00,2026-10-05 12:14:22.477790+00:00,0.7
2486,1,1000222309,OUR1005,2026-09-01,CÂNDIDO MOTA,OUR1005,,100.0,100.0,100.0,Finalizado,1874.0899999999997,1000000.0,0.0,,139,117,0,0,Filial C.M,53.48,0,0,0,,,,,,,,,,,9.11,10.23,2026-10-05 12:14:22.477790+00:00,2026-10-05 12:14:22.477790+00:00,53.48
2830,1,1000222904,FCX9994,2026-09-03,CÂNDIDO MOTA,FCX9994,,100.0,100.0,100.0,Finalizado,1631.0899999999995,1000000.0,0.0,,154,146,0,0,Filial C.M,6.88,0,0,0,,,,,,,,,,,7.87,10.48,2026-10-05 12:14:22.477790+00:00,2026-10-05 12:14:22.477790+00:00,6.88
2608,1,1000222530,EYU3376,2026-09-01,CÂNDIDO MOTA,EYU3376,,100.0,100.0,100.0,Finalizado,4779.489999999999,1000000.0,0.0,,701,695,0,0,Filial C.M,49.72,0,0,0,,,,,,,,,,,9.11,10.23,2026-10-05 12:14:22.477790+00:00,2026-10-05 12:14:22.477790+00:00,49.72
2893,1,1000223078,GDB5855,2026-09-04,CÂNDIDO MOTA,GDB5855,,100.0,100.0,100.0,Finalizado,4969.76,1000000.0,0.0,,574,548,0,0,Filial C.M,53.78,0,0,0,,,,,,,,,,,3.44,9.58,2026-10-05 12:14:22.477790+00:00,2026-10-05 12:14:22.477790+00:00,53.78
2607,1,1000222529,EYU3705,2026-09-01,CÂNDIDO MOTA,EYU3705,,100.0,100.0,100.0,Finalizado,4500.249999999999,1000000.0,0.0,,607,594,0,0,Filial C.M,53.98,0,0,0,,,,,,,,,,,9.28,10.23,2026-10-05 12:14:22.477790+00:00,2026-10-05 12:14:22.477790+00:00,53.98
2610,1,1000222532,FCX9994,2026-09-01,CÂNDIDO MOTA,FCX9994,,100.0,100.0,100.0,Finalizado,8477.589999999998,1000000.0,1.0,,904,867,0,0,Filial C.M,36.28,0,0,0,,,,,,,,,,,9.08,10.23,2026-10-05 12:14:22.477790+00:00,2026-10-05 12:14:22.477790+00:00,36.28
2473,1,1000222296,EYU3371,2026-09-01,CÂNDIDO MOTA,CMT0011,,100.0,100.0,100.0,Finalizado,8520.09,1000000.0,1.0,,1052,1039,0,0,Filial C.M,69.8,0,0,0,,,,,,,,,,,8.98,10.23,2026-10-05 12:14:22.477790+00:00,2026-10-05 12:14:22.477790+00:00,69.8
2725,1,1000222733,EYU3361,2026-09-02,CÂNDIDO MOTA,EYU3361,,100.0,100.0,100.0,Finalizado,5450.08,1000000.0,1.0,,563,559,0,0,Filial C.M,943.98,0,0,0,,,,,,,,,,,24.65,9.85,2026-10-05 12:14:22.477790+00:00,2026-10-05 12:14:22.477790+00:00,943.98
2419,1,1000222242,OUR1006,2026-09-01,CÂNDIDO MOTA,OUR1006,,100.0,100.0,100.0,Finalizado,1839.52,1000000.0,0.0,,246,246,0,0,Filial C.M,0.27,0,0,0,,,,,,,,,,,9.11,10.23,2026-10-05 12:14:22.477790+00:00,2026-10-05 12:14:22.477790+00:00,0.27
2325,1,1000222148,GBF4177,2026-08-31,PRESIDENTE PRUDENTE,GBF4177,,100.0,100.0,100.0,Finalizado,9059.520000000002,1000000.0,1.0,,1135,1059,0,0,Filial PPR,978.3,0,0,0,,,,,,,,,,,45.93,30.5,2026-10-05 12:14:22.477790+00:00,2026-10-05 12:14:22.477790+00:00,978.3
2829,1,1000222903,DBC8717,2026-09-03,CÂNDIDO MOTA,DBC8717,,100.0,100.0,100.0,Finalizado,2632.4499999999994,1000000.0,0.0,,289,271,0,0,Filial C.M,16.0,0,0,0,,,,,,,,,,,7.53,10.48,2026-10-05 12:14:22.477790+00:00,2026-10-05 12:14:22.477790+00:00,16.0
2827,1,1000222901,EYU3376,2026-09-03,CÂNDIDO MOTA,EYU3376,,100.0,100.0,100.0,Finalizado,1785.7099999999998,1000000.0,0.0,,316,291,0,0,Filial C.M,21.95,0,0,0,,,,,,,,,,,7.33,10.48,2026-10-05 12:14:22.477790+00:00,2026-10-05 12:14:22.477790+00:00,21.95
2723,1,1000222731,OUR1002,2026-09-02,CÂNDIDO MOTA,EYU3372,,100.0,100.0,100.0,Finalizado,2423.920000000001,1000000.0,0.0,,418,416,0,0,Filial C.M,84.15,0,0,0,,,,,,,,,,,5.89,10.48,2026-10-05 12:14:22.477790+00:00,2026-10-05 12:14:22.477790+00:00,84.15
2387,1,1000222210,CMT0093,2026-08-31,CÂNDIDO MOTA,GDB5855,,100.0,100.0,100.0,Finalizado pelo Operador,5830.14,1000000.0,1.0,,896,896,0,0,Filial C.M,80.23,0,0,0,,,,,,,,,,,,10.48,2026-10-05 12:14:22.477790+00:00,2026-10-05 12:14:22.477790+00:00,80.23
2724,1,1000222732,OUR1003,2026-09-02,CÂNDIDO MOTA,EYU3705,,100.0,100.0,100.0,Finalizado,2506.2000000000007,1000000.0,0.0,,293,288,0,0,Filial C.M,105.98,0,0,0,,,,,,,,,,,7.11,10.48,2026-10-05 12:14:22.477790+00:00,2026-10-05 12:14:22.477790+00:00,105.98
2828,1,1000222902,FQU8482,2026-09-03,CÂNDIDO MOTA,FQU8482,,100.0,100.0,100.0,Finalizado,210.25,1000000.0,0.0,,18,18,0,0,Filial C.M,0.65,0,0,0,,,,,,,,,,,7.5,10.48,2026-10-05 12:14:22.477790+00:00,2026-10-05 12:14:22.477790+00:00,0.65
2716,1,1000222724,CMT0002,2026-09-02,CÂNDIDO MOTA,EYU3703,,100.0,100.0,100.0,Finalizado,7587.0599999999995,1000000.0,1.0,,789,765,0,0,Filial C.M,19.23,0,0,0,,,,,,,,,,,6.0,10.48,2026-10-05 12:14:22.477790+00:00,2026-10-05 12:14:22.477790+00:00,19.23
2817,1,1000222891,CMT0003,2026-09-03,CÂNDIDO MOTA,EYU3363,,100.0,100.0,100.0,Finalizado,3236.2500000000005,1000000.0,0.0,,420,414,0,0,Filial C.M,156.37,0,0,0,,,,,,,,,,,7.13,9.58,2026-10-05 12:14:22.477790+00:00,2026-10-05 12:14:22.477790+00:00,156.37
2721,1,1000222729,CMT0008,2026-09-02,CÂNDIDO MOTA,DBC8717,,100.0,100.0,100.0,Finalizado,2983.74,1000000.0,0.0,,277,259,0,0,Filial C.M,4.78,0,0,0,,,,,,,,,,,5.96,10.48,2026-10-05 12:14:22.477790+00:00,2026-10-05 12:14:22.477790+00:00,4.78
2826,1,1000222900,EYU3702,2026-09-03,CÂNDIDO MOTA,EYU3702,,100.0,100.0,100.0,Finalizado,4447.9800000000005,1000000.0,0.0,,556,512,0,0,Filial C.M,35.67,0,0,0,,,,,,,,,,,7.21,10.48,2026-10-05 12:14:22.477790+00:00,2026-10-05 12:14:22.477790+00:00,35.67
2818,1,1000222892,CMT0004,2026-09-03,CÂNDIDO MOTA,EYU3361,,100.0,100.0,100.0,Finalizado,7164.230000000002,1000000.0,1.0,,748,713,0,0,Filial C.M,51.45,0,0,0,,,,,,,,,,,6.98,9.58,2026-10-05 12:14:22.477790+00:00,2026-10-05 12:14:22.477790+00:00,51.45
2484,1,1000222307,OUR1003,2026-08-31,CÂNDIDO MOTA,DBC8725,,100.0,100.0,100.0,Finalizado,692.9899999999999,1000000.0,0.0,,55,47,0,0,Filial C.M,0.4,0,0,0,,,,,,,,,,,7.28,9.58,2026-10-05 12:14:22.477790+00:00,2026-10-05 12:14:22.477790+00:00,0.4
2819,1,1000222893,CMT0005,2026-09-03,CÂNDIDO MOTA,DBC8717,,100.0,100.0,100.0,Finalizado,4630.390000000001,1000000.0,0.0,,527,516,0,0,Filial C.M,80.38,0,0,0,,,,,,,,,,,5.72,9.58,2026-10-05 12:14:22.477790+00:00,2026-10-05 12:14:22.477790+00:00,80.38
2378,1,1000222201,OUR1001,2026-08-31,CÂNDIDO MOTA,DBC8725,,100.0,100.0,100.0,Finalizado,351.6,1000000.0,0.0,,64,64,0,0,Filial C.M,144.17,0,0,0,,,,,,,,,,,6.2,9.58,2026-10-05 12:14:22.477790+00:00,2026-10-05 12:14:22.477790+00:00,144.17
2832,1,1000222906,CMT0008,2026-09-03,CÂNDIDO MOTA,EYU3703,,100.0,100.0,100.0,Finalizado,4455.650000000001,1000000.0,0.0,,515,512,0,0,Filial C.M,57.32,0,0,0,,,,,,,,,,,6.05,9.58,2026-10-05 12:14:22.477790+00:00,2026-10-05 12:14:22.477790+00:00,57.32
2892,1,1000223077,EYU3705,2026-09-04,CÂNDIDO MOTA,EYU3705,,100.0,100.0,100.0,Finalizado,3649.84,1000000.0,0.0,,458,434,0,0,Filial C.M,41.63,0,0,0,,,,,,,,,,,4.12,9.58,2026-10-05 12:14:22.477790+00:00,2026-10-05 12:14:22.477790+00:00,41.63
2006,1,1000221689,CMT0003,2026-08-28,CÂNDIDO MOTA,DBC8722,,100.0,100.0,100.0,Finalizado,2305.52,1000000.0,0.0,,112,112,0,0,Filial C.M,0.45,0,0,0,,,,,,,,,,,6.76,9.58,2026-10-05 12:14:22.477790+00:00,2026-10-05 12:14:22.477790+00:00,0.45
2005,1,1000221688,CMT0002,2026-08-28,CÂNDIDO MOTA,DBC8722,,100.0,100.0,100.0,Finalizado,329.36,1000000.0,0.0,,16,16,0,0,Filial C.M,0.53,0,0,0,,,,,,,,,,,6.73,9.58,2026-10-05 12:14:22.477790+00:00,2026-10-05 12:14:22.477790+00:00,0.53
2392,1,1000222215,OUR1004,2026-08-31,CÂNDIDO MOTA,EYU3705,,100.0,100.0,100.0,Finalizado,1453.0,1000000.0,0.0,,100,100,0,0,Filial C.M,0.22,0,0,0,,,,,,,,,,,6.01,9.58,2026-10-05 12:14:22.477790+00:00,2026-10-05 12:14:22.477790+00:00,0.22
2004,1,1000221687,CMT0001,2026-08-28,CÂNDIDO MOTA,DBC8722,,100.0,100.0,100.0,Finalizado,164.68,1000000.0,0.0,,8,8,0,0,Filial C.M,1.37,0,0,0,,,,,,,,,,,6.6,9.58,2026-10-05 12:14:22.477790+00:00,2026-10-05 12:14:22.477790+00:00,1.37
2820,1,1000222894,CMT0006,2026-09-03,CÂNDIDO MOTA,EYU3356,,100.0,100.0,100.0,Finalizado,4582.699999999999,1000000.0,0.0,,517,487,0,0,Filial C.M,213.22,0,0,0,,,,,,,,,,,7.97,9.58,2026-10-05 12:14:22.477790+00:00,2026-10-05 12:14:22.477790+00:00,213.22
2897,1,1000223082,FCX9994,2026-09-04,CÂNDIDO MOTA,FCX9994,,100.0,100.0,100.0,Finalizado,6024.32,1000000.0,1.0,,663,651,0,0,Filial C.M,66.67,0,0,0,,,,,,,,,,,2.77,9.58,2026-10-05 12:14:22.477790+00:00,2026-10-05 12:14:22.477790+00:00,66.67
2896,1,1000223081,DBC8725,2026-09-04,CÂNDIDO MOTA,DBC8725,,100.0,100.0,100.0,Finalizado,3961.199999999999,1000000.0,0.0,,512,506,0,0,Filial C.M,34.0,0,0,0,,,,,,,,,,,1.81,9.58,2026-10-05 12:14:22.477790+00:00,2026-10-05 12:14:22.477790+00:00,34.0
2890,1,1000223075,EYU3702,2026-09-04,CÂNDIDO MOTA,EYU3702,,100.0,100.0,100.0,Finalizado,5444.379999999998,1000000.0,1.0,,628,590,0,0,Filial C.M,26.58,0,0,0,,,,,,,,,,,4.13,9.58,2026-10-05 12:14:22.477790+00:00,2026-10-05 12:14:22.477790+00:00,26.58
2895,1,1000223080,DBC8717,2026-09-04,CÂNDIDO MOTA,DBC8717,,100.0,100.0,100.0,Finalizado,2209.8800000000006,1000000.0,0.0,,268,268,0,0,Filial C.M,12.97,0,0,0,,,,,,,,,,,1.88,9.58,2026-10-05 12:14:22.477790+00:00,2026-10-05 12:14:22.477790+00:00,12.97
3204,1,1000223604,EYU3361,2026-09-09,CÂNDIDO MOTA,EYU3361,,100.0,100.0,100.0,Finalizado pelo Operador,7939.279999999999,1000000.0,1.0,,887,860,0,0,Filial C.M,131.22,0,0,0,,,,,,,,,,,,6.32,2026-10-05 12:14:22.477790+00:00,2026-10-05 12:14:22.477790+00:00,131.22
3211,1,1000223611,GDB5855,2026-09-09,CÂNDIDO MOTA,GDB5855,,100.0,100.0,100.0,Finalizado pelo Operador,8517.89,1000000.0,1.0,,747,741,0,0,Filial C.M,67.37,0,0,0,,,,,,,,,,,,6.32,2026-10-05 12:14:22.477790+00:00,2026-10-05 12:14:22.477790+00:00,67.37
3208,1,1000223608,EYU3702,2026-09-09,CÂNDIDO MOTA,EYU3702,,100.0,100.0,100.0,Finalizado pelo Operador,7971.739999999998,1000000.0,1.0,,990,943,0,0,Filial C.M,25.08,0,0,0,,,,,,,,,,,,6.32,2026-10-05 12:14:22.477790+00:00,2026-10-05 12:14:22.477790+00:00,25.08
3207,1,1000223607,EYU3372,2026-09-09,CÂNDIDO MOTA,EYU3372,,100.0,100.0,100.0,Finalizado pelo Operador,5250.64,1000000.0,1.0,,822,709,0,0,Filial C.M,126.95,0,0,0,,,,,,,,,,,,6.32,2026-10-05 12:14:22.477790+00:00,2026-10-05 12:14:22.477790+00:00,126.95
3206,1,1000223606,EYU3371,2026-09-09,CÂNDIDO MOTA,EYU3371,,100.0,100.0,100.0,Finalizado pelo Operador,4890.160000000002,1000000.0,0.0,,582,542,0,0,Filial C.M,89.22,0,0,0,,,,,,,,,,,,6.32,2026-10-05 12:14:22.477790+00:00,2026-10-05 12:14:22.477790+00:00,89.22
3209,1,1000223609,EYU3703,2026-09-09,CÂNDIDO MOTA,EYU3703,,100.0,100.0,100.0,Finalizado pelo Operador,6927.700000000001,1000000.0,1.0,,889,871,0,0,Filial C.M,134.72,0,0,0,,,,,,,,,,,,6.32,2026-10-05 12:14:22.477790+00:00,2026-10-05 12:14:22.477790+00:00,134.72
3210,1,1000223610,EYU3705,2026-09-09,CÂNDIDO MOTA,EYU3705,,100.0,100.0,100.0,Finalizado pelo Operador,7715.829999999998,1000000.0,1.0,,958,956,0,0,Filial C.M,85.18,0,0,0,,,,,,,,,,,,6.32,2026-10-05 12:14:22.477790+00:00,2026-10-05 12:14:22.477790+00:00,85.18
3310,1,1000223780,EYU3371,2026-09-10,CÂNDIDO MOTA,EYU3371,,100.0,100.0,100.0,Finalizado pelo Operador,8127.389999999999,1000000.0,1.0,,817,786,0,0,Filial C.M,92.72,0,0,0,,,,,,,,,,,,7.2,2026-10-05 12:14:22.477790+00:00,2026-10-05 12:14:22.477790+00:00,92.72
3312,1,1000223782,EYU3702,2026-09-10,CÂNDIDO MOTA,EYU3702,,100.0,100.0,100.0,Finalizado pelo Operador,5117.5899999999965,1000000.0,1.0,,584,571,0,0,Filial C.M,163.93,0,0,0,,,,,,,,,,,,7.2,2026-10-05 12:14:22.477790+00:00,2026-10-05 12:14:22.477790+00:00,163.93
3316,1,1000223786,TMG6G62,2026-09-10,CÂNDIDO MOTA,TMG6G62,,100.0,100.0,100.0,Finalizado pelo Operador,1784.28,1000000.0,0.0,,296,291,0,0,Filial C.M,139.33,0,0,0,,,,,,,,,,,,7.2,2026-10-05 12:14:22.477790+00:00,2026-10-05 12:14:22.477790+00:00,139.33
3693,1,1000224522,EYU3363,2026-09-16,CÂNDIDO MOTA,EYU3363,,100.0,100.0,100.0,Finalizado,6859.369999999997,1000000.0,1.0,,1113,696,0,0,Filial C.M,71.9,0,0,0,,,,,,,,,,,7.45,7.98,2026-10-05 12:14:22.477790+00:00,2026-10-05 12:14:22.477790+00:00,71.9
3205,1,1000223605,EYU3363,2026-09-09,CÂNDIDO MOTA,EYU3363,,100.0,100.0,100.0,Finalizado pelo Operador,5972.210000000002,1000000.0,1.0,,733,703,0,0,Filial C.M,119.97,0,0,0,,,,,,,,,,,,6.32,2026-10-05 12:14:22.477790+00:00,2026-10-05 12:14:22.477790+00:00,119.97
3214,1,1000223614,FCX9994,2026-09-09,CÂNDIDO MOTA,FCX9994,,100.0,100.0,100.0,Finalizado pelo Operador,7977.769999999999,1000000.0,1.0,,1008,967,0,0,Filial C.M,15.72,0,0,0,,,,,,,,,,,,6.32,2026-10-05 12:14:22.477790+00:00,2026-10-05 12:14:22.477790+00:00,15.72
3203,1,1000223603,EYU3356,2026-09-09,CÂNDIDO MOTA,EYU3356,,100.0,100.0,100.0,Finalizado pelo Operador,7337.7400000000025,1000000.0,1.0,,860,760,0,0,Filial C.M,93.27,0,0,0,,,,,,,,,,,,6.32,2026-10-05 12:14:22.477790+00:00,2026-10-05 12:14:22.477790+00:00,93.27
3213,1,1000223613,DBC8725,2026-09-09,CÂNDIDO MOTA,DBC8725,,100.0,100.0,100.0,Finalizado pelo Operador,3812.499999999999,1000000.0,0.0,,624,598,0,0,Filial C.M,91.55,0,0,0,,,,,,,,,,,,6.32,2026-10-05 12:14:22.477790+00:00,2026-10-05 12:14:22.477790+00:00,91.55
3223,1,1000223623,CMT0008,2026-09-10,CÂNDIDO MOTA,CMT0008,,100.0,100.0,100.0,Finalizado pelo Operador,3493.9200000000005,1000000.0,0.0,,470,440,0,0,Filial C.M,138.72,0,0,0,,,,,,,,,,,,7.2,2026-10-05 12:14:22.477790+00:00,2026-10-05 12:14:22.477790+00:00,138.72
3198,1,1000223598,CMT0001,2026-09-10,CÂNDIDO MOTA,CMT0001,,100.0,100.0,100.0,Finalizado pelo Operador,2928.3099999999995,1000000.0,0.0,,383,376,0,0,Filial C.M,158.65,0,0,0,,,,,,,,,,,,7.2,2026-10-05 12:14:22.477790+00:00,2026-10-05 12:14:22.477790+00:00,158.65
3199,1,1000223599,CMT0002,2026-09-10,CÂNDIDO MOTA,CMT0002,,100.0,100.0,100.0,Finalizado pelo Operador,87.26000000000002,1000000.0,0.0,,17,17,0,0,Filial C.M,97.12,0,0,0,,,,,,,,,,,,7.2,2026-10-05 12:14:22.477790+00:00,2026-10-05 12:14:22.477790+00:00,97.12
3314,1,1000223784,EYU3705,2026-09-10,CÂNDIDO MOTA,EYU3705,,100.0,100.0,100.0,Finalizado pelo Operador,7654.800000000001,1000000.0,1.0,,927,821,0,0,Filial C.M,167.27,0,0,0,,,,,,,,,,,,7.2,2026-10-05 12:14:22.477790+00:00,2026-10-05 12:14:22.477790+00:00,167.27
3694,1,1000224523,EYU3370,2026-09-16,CÂNDIDO MOTA,EYU3370,,100.0,100.0,100.0,Finalizado,7835.1799999999985,1000000.0,1.0,,939,907,0,0,Filial C.M,48.42,0,0,0,,,,,,,,,,,7.34,7.98,2026-10-05 12:14:22.477790+00:00,2026-10-05 12:14:22.477790+00:00,48.42
3313,1,1000223783,EYU3703,2026-09-10,CÂNDIDO MOTA,EYU3703,,100.0,100.0,100.0,Finalizado pelo Operador,7383.149999999997,1000000.0,1.0,,840,742,0,0,Filial C.M,139.2,0,0,0,,,,,,,,,,,,7.2,2026-10-05 12:14:22.477790+00:00,2026-10-05 12:14:22.477790+00:00,139.2
3382,1,1000223964,EYU3370,2026-09-11,CÂNDIDO MOTA,EYU3370,,100.0,100.0,100.0,Finalizado pelo Operador,3353.91,1000000.0,0.0,,405,387,0,0,Filial C.M,135.55,0,0,0,,,,,,,,,,,,4.48,2026-10-05 12:14:22.477790+00:00,2026-10-05 12:14:22.477790+00:00,135.55
3224,1,1000223624,CMT0009,2026-09-10,CÂNDIDO MOTA,CMT0009,,100.0,100.0,100.0,Finalizado pelo Operador,1706.6100000000004,1000000.0,0.0,,257,233,0,0,Filial C.M,38.13,0,0,0,,,,,,,,,,,,7.2,2026-10-05 12:14:22.477790+00:00,2026-10-05 12:14:22.477790+00:00,38.13
3308,1,1000223778,EYU3361,2026-09-10,CÂNDIDO MOTA,EYU3361,,100.0,100.0,100.0,Finalizado pelo Operador,6610.1,1000000.0,1.0,,760,718,0,0,Filial C.M,71.43,0,0,0,,,,,,,,,,,,7.2,2026-10-05 12:14:22.477790+00:00,2026-10-05 12:14:22.477790+00:00,71.43
3315,1,1000223785,GDB5855,2026-09-10,CÂNDIDO MOTA,GDB5855,,100.0,100.0,100.0,Finalizado pelo Operador,5596.720000000001,1000000.0,1.0,,609,570,0,0,Filial C.M,68.35,0,0,0,,,,,,,,,,,,7.2,2026-10-05 12:14:22.477790+00:00,2026-10-05 12:14:22.477790+00:00,68.35
3311,1,1000223781,EYU3372,2026-09-10,CÂNDIDO MOTA,EYU3372,,100.0,100.0,100.0,Finalizado pelo Operador,5576.430000000005,1000000.0,1.0,,772,769,0,0,Filial C.M,43.03,0,0,0,,,,,,,,,,,,7.2,2026-10-05 12:14:22.477790+00:00,2026-10-05 12:14:22.477790+00:00,43.03
3309,1,1000223779,EYU3363,2026-09-10,CÂNDIDO MOTA,EYU3363,,100.0,100.0,100.0,Finalizado pelo Operador,4962.700099999998,1000000.0,0.0,,655,619,0,0,Filial C.M,88.87,0,0,0,,,,,,,,,,,,7.2,2026-10-05 12:14:22.477790+00:00,2026-10-05 12:14:22.477790+00:00,88.87
3527,1,1000224189,GDB5855,2026-09-14,CÂNDIDO MOTA,GDB5855,,100.0,100.0,100.0,Finalizado,8786.92,1000000.0,1.0,,1008,986,0,0,Filial C.M,156.72,0,0,0,,,,,,,,,,,7.16,8.65,2026-10-05 12:14:22.477790+00:00,2026-10-05 12:14:22.477790+00:00,156.72
3538,1,1000224200,CMT0002,2026-09-14,CÂNDIDO MOTA,CMT0002,,100.0,100.0,100.0,Finalizado,429.33000000000004,1000000.0,0.0,,60,42,0,0,Filial C.M,3.52,0,0,0,,,,,,,,,,,4.29,8.65,2026-10-05 12:14:22.477790+00:00,2026-10-05 12:14:22.477790+00:00,3.52
3381,1,1000223963,EYU3361,2026-09-11,CÂNDIDO MOTA,EYU3361,,100.0,100.0,100.0,Finalizado pelo Operador,6863.500000000002,1000000.0,1.0,,839,780,0,0,Filial C.M,113.67,0,0,0,,,,,,,,,,,,4.48,2026-10-05 12:14:22.477790+00:00,2026-10-05 12:14:22.477790+00:00,113.67
3521,1,1000224183,FDS1225,2026-09-14,CÂNDIDO MOTA,FDS1225,,100.0,100.0,100.0,Finalizado,6277.860000000002,1000000.0,1.0,,925,839,0,0,Filial C.M,183.5,0,0,0,,,,,,,,,,,7.81,8.65,2026-10-05 12:14:22.477790+00:00,2026-10-05 12:14:22.477790+00:00,183.5
3553,1,1000224215,OUR1005,2026-09-14,CÂNDIDO MOTA,OUR1005,,100.0,100.0,100.0,Finalizado,668.41,1000000.0,0.0,,69,63,0,0,Filial C.M,110.47,0,0,0,,,,,,,,,,,6.99,8.65,2026-10-05 12:14:22.477790+00:00,2026-10-05 12:14:22.477790+00:00,110.47
3386,1,1000223968,FQU8482,2026-09-11,CÂNDIDO MOTA,FQU8482,,100.0,100.0,100.0,Finalizado pelo Operador,3205.4900000000016,1000000.0,0.0,,387,372,0,0,Filial C.M,84.12,0,0,0,,,,,,,,,,,,4.48,2026-10-05 12:14:22.477790+00:00,2026-10-05 12:14:22.477790+00:00,84.12
3526,1,1000224188,EYU3372,2026-09-14,CÂNDIDO MOTA,EYU3372,,100.0,100.0,100.0,Finalizado,6365.330000000001,1000000.0,1.0,,787,749,0,0,Filial C.M,119.72,0,0,0,,,,,,,,,,,7.32,8.65,2026-10-05 12:14:22.477790+00:00,2026-10-05 12:14:22.477790+00:00,119.72
3830,1,1000224859,EYU3356,2026-09-18,CÂNDIDO MOTA,EYU3356,,100.0,100.0,100.0,Finalizado,4836.23,1000000.0,0.0,,617,590,0,0,Filial C.M,143.23,0,0,0,,,,,,,,,,,3.7,4.63,2026-10-05 12:14:22.477790+00:00,2026-10-05 12:14:22.477790+00:00,143.23
3383,1,1000223965,EYU3702,2026-09-11,CÂNDIDO MOTA,EYU3702,,100.0,100.0,100.0,Finalizado pelo Operador,7472.4299999999985,1000000.0,1.0,,921,904,0,0,Filial C.M,155.38,0,0,0,,,,,,,,,,,,4.48,2026-10-05 12:14:22.477790+00:00,2026-10-05 12:14:22.477790+00:00,155.38
3541,1,1000224203,CMT0005,2026-09-14,CÂNDIDO MOTA,CMT0005,,100.0,100.0,100.0,Finalizado,6567.360000000001,1000000.0,1.0,,725,689,0,0,Filial C.M,11.63,0,0,0,,,,,,,,,,,4.29,8.65,2026-10-05 12:14:22.477790+00:00,2026-10-05 12:14:22.477790+00:00,11.63
3387,1,1000223969,DBC8725,2026-09-11,CÂNDIDO MOTA,DBC8725,,100.0,100.0,100.0,Finalizado pelo Operador,3830.64,1000000.0,0.0,,519,476,0,0,Filial C.M,34.95,0,0,0,,,,,,,,,,,,4.48,2026-10-05 12:14:22.477790+00:00,2026-10-05 12:14:22.477790+00:00,34.95
3522,1,1000224184,EYU3361,2026-09-14,CÂNDIDO MOTA,EYU3361,,100.0,100.0,100.0,Finalizado,8000.139999999999,1000000.0,1.0,,893,879,0,0,Filial C.M,172.53,0,0,0,,,,,,,,,,,7.59,8.65,2026-10-05 12:14:22.477790+00:00,2026-10-05 12:14:22.477790+00:00,172.53
3542,1,1000224204,CMT0006,2026-09-14,CÂNDIDO MOTA,CMT0006,,100.0,100.0,100.0,Finalizado,3252.88,1000000.0,0.0,,343,337,0,0,Filial C.M,15.63,0,0,0,,,,,,,,,,,4.49,8.65,2026-10-05 12:14:22.477790+00:00,2026-10-05 12:14:22.477790+00:00,15.63
3385,1,1000223967,TMG6G62,2026-09-11,CÂNDIDO MOTA,TMG6G62,,100.0,100.0,100.0,Finalizado pelo Operador,1810.8300000000002,1000000.0,0.0,,211,207,0,0,Filial C.M,41.38,0,0,0,,,,,,,,,,,,4.48,2026-10-05 12:14:22.477790+00:00,2026-10-05 12:14:22.477790+00:00,41.38
3384,1,1000223966,GDB5855,2026-09-11,CÂNDIDO MOTA,GDB5855,,100.0,100.0,100.0,Finalizado pelo Operador,8741.560000000005,1000000.0,1.0,,915,889,0,0,Filial C.M,142.7,0,0,0,,,,,,,,,,,,4.48,2026-10-05 12:14:22.477790+00:00,2026-10-05 12:14:22.477790+00:00,142.7
3525,1,1000224187,EYU3371,2026-09-14,CÂNDIDO MOTA,EYU3371,,100.0,100.0,100.0,Finalizado,7678.199999999997,1000000.0,1.0,,891,844,0,0,Filial C.M,127.47,0,0,0,,,,,,,,,,,7.38,8.65,2026-10-05 12:14:22.477790+00:00,2026-10-05 12:14:22.477790+00:00,127.47
3523,1,1000224185,EYU3363,2026-09-14,CÂNDIDO MOTA,EYU3363,,100.0,100.0,100.0,Finalizado,6196.23,1000000.0,1.0,,793,700,0,0,Filial C.M,176.05,0,0,0,,,,,,,,,,,7.49,8.65,2026-10-05 12:14:22.477790+00:00,2026-10-05 12:14:22.477790+00:00,176.05
3552,1,1000224214,OUR1004,2026-09-14,CÂNDIDO MOTA,OUR1004,,100.0,100.0,100.0,Finalizado,636.8800000000001,1000000.0,0.0,,61,61,0,0,Filial C.M,4.47,0,0,0,,,,,,,,,,,6.99,8.65,2026-10-05 12:14:22.477790+00:00,2026-10-05 12:14:22.477790+00:00,4.47
3550,1,1000224212,OUR1002,2026-09-14,CÂNDIDO MOTA,OUR1002,,100.0,100.0,100.0,Finalizado,590.72,1000000.0,0.0,,71,65,0,0,Filial C.M,8.38,0,0,0,,,,,,,,,,,6.99,8.65,2026-10-05 12:14:22.477790+00:00,2026-10-05 12:14:22.477790+00:00,8.38
3388,1,1000223970,FCX9994,2026-09-11,CÂNDIDO MOTA,FCX9994,,100.0,100.0,100.0,Finalizado pelo Operador,7269.200999999997,1000000.0,1.0,,1011,953,0,0,Filial C.M,58.33,0,0,0,,,,,,,,,,,,4.48,2026-10-05 12:14:22.477790+00:00,2026-10-05 12:14:22.477790+00:00,58.33
3551,1,1000224213,OUR1003,2026-09-14,CÂNDIDO MOTA,OUR1003,,100.0,100.0,100.0,Finalizado,923.1899999999999,1000000.0,0.0,,90,78,0,0,Filial C.M,11.82,0,0,0,,,,,,,,,,,6.99,8.65,2026-10-05 12:14:22.477790+00:00,2026-10-05 12:14:22.477790+00:00,11.82
3543,1,1000224205,CMT0007,2026-09-14,CÂNDIDO MOTA,CMT0007,,100.0,100.0,100.0,Finalizado,2670.02,1000000.0,0.0,,291,279,0,0,Filial C.M,15.73,0,0,0,,,,,,,,,,,4.49,8.65,2026-10-05 12:14:22.477790+00:00,2026-10-05 12:14:22.477790+00:00,15.73
3524,1,1000224186,EYU3370,2026-09-14,CÂNDIDO MOTA,EYU3370,,100.0,100.0,100.0,Finalizado,6888.450000000001,1000000.0,1.0,,822,748,0,0,Filial C.M,95.25,0,0,0,,,,,,,,,,,7.43,8.65,2026-10-05 12:14:22.477790+00:00,2026-10-05 12:14:22.477790+00:00,95.25
3695,1,1000224524,EYU3372,2026-09-16,CÂNDIDO MOTA,EYU3372,,100.0,100.0,100.0,Finalizado,3396.9799999999987,1000000.0,0.0,,538,526,0,0,Filial C.M,46.42,0,0,0,,,,,,,,,,,7.28,7.98,2026-10-05 12:14:22.477790+00:00,2026-10-05 12:14:22.477790+00:00,46.42
3520,1,1000224182,OUR1001,2026-09-14,CÂNDIDO MOTA,DBC8722,,100.0,100.0,100.0,Finalizado,2811.5599999999995,1000000.0,0.0,,451,385,0,0,Filial C.M,158.47,0,0,0,,,,,,,,,,,7.02,8.65,2026-10-05 12:14:22.477790+00:00,2026-10-05 12:14:22.477790+00:00,158.47
3528,1,1000224190,FQU8482,2026-09-14,CÂNDIDO MOTA,FQU8482,,100.0,100.0,100.0,Finalizado,3349.07,1000000.0,0.0,,430,420,0,0,Filial C.M,132.5,0,0,0,,,,,,,,,,,7.01,8.65,2026-10-05 12:14:22.477790+00:00,2026-10-05 12:14:22.477790+00:00,132.5
3529,1,1000224191,DBC8725,2026-09-14,CÂNDIDO MOTA,DBC8725,,100.0,100.0,100.0,Finalizado,4994.360099999998,1000000.0,0.0,,696,673,0,0,Filial C.M,82.52,0,0,0,,,,,,,,,,,7.08,8.65,2026-10-05 12:14:22.477790+00:00,2026-10-05 12:14:22.477790+00:00,82.52
3696,1,1000224525,EYU3705,2026-09-16,CÂNDIDO MOTA,EYU3705,,100.0,100.0,100.0,Finalizado,7483.840000000003,1000000.0,1.0,,1045,1018,0,0,Filial C.M,36.05,0,0,0,,,,,,,,,,,7.21,7.98,2026-10-05 12:14:22.477790+00:00,2026-10-05 12:14:22.477790+00:00,36.05
3698,1,1000224527,GDB5855,2026-09-16,CÂNDIDO MOTA,GDB5855,,100.0,100.0,100.0,Finalizado,8907.079999999994,1000000.0,1.0,,1045,995,0,0,Filial C.M,99.55,0,0,0,,,,,,,,,,,7.84,7.98,2026-10-05 12:14:22.477790+00:00,2026-10-05 12:14:22.477790+00:00,99.55
3692,1,1000224521,EYU3361,2026-09-16,CÂNDIDO MOTA,EYU3361,,100.0,100.0,100.0,Finalizado,7762.8200000000015,1000000.0,1.0,,956,906,0,0,Filial C.M,99.75,0,0,0,,,,,,,,,,,5.59,7.98,2026-10-05 12:14:22.477790+00:00,2026-10-05 12:14:22.477790+00:00,99.75
3691,1,1000224520,FDS1225,2026-09-16,CÂNDIDO MOTA,FDS1225,,100.0,100.0,100.0,Finalizado,6865.509999999999,1000000.0,1.0,,905,854,0,0,Filial C.M,226.25,0,0,0,,,,,,,,,,,5.46,7.98,2026-10-05 12:14:22.477790+00:00,2026-10-05 12:14:22.477790+00:00,226.25
3697,1,1000224526,EYU3376,2026-09-16,CÂNDIDO MOTA,EYU3376,,100.0,100.0,100.0,Finalizado,5072.510000000002,1000000.0,1.0,,791,739,0,0,Filial C.M,28.23,0,0,0,,,,,,,,,,,6.99,7.98,2026-10-05 12:14:22.477790+00:00,2026-10-05 12:14:22.477790+00:00,28.23
3699,1,1000224528,FQU8482,2026-09-16,CÂNDIDO MOTA,FQU8482,,100.0,100.0,100.0,Finalizado,2220.41,1000000.0,0.0,,367,361,0,0,Filial C.M,61.47,0,0,0,,,,,,,,,,,7.61,7.98,2026-10-05 12:14:22.477790+00:00,2026-10-05 12:14:22.477790+00:00,61.47
3700,1,1000224529,FCX9994,2026-09-16,CÂNDIDO MOTA,FCX9994,,100.0,100.0,100.0,Finalizado,3896.7100000000005,1000000.0,0.0,,445,379,0,0,Filial C.M,30.72,0,0,0,,,,,,,,,,,7.52,7.98,2026-10-05 12:14:22.477790+00:00,2026-10-05 12:14:22.477790+00:00,30.72
3770,1,1000224719,FDS1225,2026-09-17,CÂNDIDO MOTA,FDS1225,,100.0,100.0,100.0,Finalizado,4361.410000000002,1000000.0,0.0,,489,456,0,0,Filial C.M,169.92,0,0,0,,,,,,,,,,,3.81,4.12,2026-10-05 12:14:22.477790+00:00,2026-10-05 12:14:22.477790+00:00,169.92
3771,1,1000224720,EYU3361,2026-09-17,CÂNDIDO MOTA,EYU3361,,100.0,100.0,100.0,Finalizado,6713.290000000001,1000000.0,1.0,,807,771,0,0,Filial C.M,156.7,0,0,0,,,,,,,,,,,3.65,4.12,2026-10-05 12:14:22.477790+00:00,2026-10-05 12:14:22.477790+00:00,156.7
3917,1,1000225072,TLH2G15,2026-09-21,MATAO,TLH2G15,,100.0,100.0,100.0,Finalizado,4074.3800000000015,1000000.0,0.0,,540,535,0,0,Filial Matão,21.02,0,0,0,,,,,,,,,,,14.06,1.73,2026-10-05 12:14:22.477790+00:00,2026-10-05 12:14:22.477790+00:00,21.02
3918,1,1000225073,TLQ5G22,2026-09-21,MATAO,TLQ5G22,,100.0,100.0,100.0,Finalizado,3346.040000000001,1000000.0,0.0,,424,411,0,0,Filial Matão,26.37,0,0,0,,,,,,,,,,,13.24,1.73,2026-10-05 12:14:22.477790+00:00,2026-10-05 12:14:22.477790+00:00,26.37
3772,1,1000224721,EYU3370,2026-09-17,CÂNDIDO MOTA,EYU3370,,100.0,100.0,100.0,Finalizado,6354.550000000001,1000000.0,1.0,,767,730,0,0,Filial C.M,147.9,0,0,0,,,,,,,,,,,3.6,4.12,2026-10-05 12:14:22.477790+00:00,2026-10-05 12:14:22.477790+00:00,147.9
3832,1,1000224861,EYU3363,2026-09-18,CÂNDIDO MOTA,EYU3363,,100.0,100.0,100.0,Finalizado,6971.463000000002,1000000.0,1.0,,800,757,0,0,Filial C.M,83.88,0,0,0,,,,,,,,,,,3.26,4.63,2026-10-05 12:14:22.477790+00:00,2026-10-05 12:14:22.477790+00:00,83.88
3777,1,1000224726,FQU8482,2026-09-17,CÂNDIDO MOTA,FQU8482,,100.0,100.0,100.0,Finalizado,2940.0000000000014,1000000.0,0.0,,472,433,0,0,Filial C.M,36.78,0,0,0,,,,,,,,,,,3.6,4.12,2026-10-05 12:14:22.477790+00:00,2026-10-05 12:14:22.477790+00:00,36.78
3775,1,1000224724,EYU3705,2026-09-17,CÂNDIDO MOTA,EYU3705,,100.0,100.0,100.0,Finalizado,5663.279999999999,1000000.0,1.0,,745,733,0,0,Filial C.M,52.15,0,0,0,,,,,,,,,,,3.89,4.12,2026-10-05 12:14:22.477790+00:00,2026-10-05 12:14:22.477790+00:00,52.15
3776,1,1000224725,TMG6G62,2026-09-17,CÂNDIDO MOTA,TMG6G62,,100.0,100.0,100.0,Finalizado,1707.5901000000003,1000000.0,0.0,,259,250,0,0,Filial C.M,19.15,0,0,0,,,,,,,,,,,3.53,4.12,2026-10-05 12:14:22.477790+00:00,2026-10-05 12:14:22.477790+00:00,19.15
3773,1,1000224722,EYU3371,2026-09-17,CÂNDIDO MOTA,EYU3371,,100.0,100.0,100.0,Finalizado,5278.510000000001,1000000.0,1.0,,651,608,0,0,Filial C.M,125.47,0,0,0,,,,,,,,,,,3.35,4.12,2026-10-05 12:14:22.477790+00:00,2026-10-05 12:14:22.477790+00:00,125.47
3778,1,1000224727,DBC8717,2026-09-17,CÂNDIDO MOTA,DBC8717,,100.0,100.0,100.0,Finalizado,5978.63,1000000.0,1.0,,712,655,0,0,Filial C.M,12.9,0,0,0,,,,,,,,,,,3.52,4.12,2026-10-05 12:14:22.477790+00:00,2026-10-05 12:14:22.477790+00:00,12.9
3774,1,1000224723,EYU3703,2026-09-17,CÂNDIDO MOTA,EYU3703,,100.0,100.0,100.0,Finalizado,4641.4000000000015,1000000.0,0.0,,604,578,0,0,Filial C.M,67.22,0,0,0,,,,,,,,,,,4.28,4.12,2026-10-05 12:14:22.477790+00:00,2026-10-05 12:14:22.477790+00:00,67.22
3829,1,1000224858,FDS1225,2026-09-18,CÂNDIDO MOTA,FDS1225,,100.0,100.0,100.0,Finalizado,7839.289999999995,1000000.0,1.0,,910,843,0,0,Filial C.M,103.27,0,0,0,,,,,,,,,,,4.11,4.63,2026-10-05 12:14:22.477790+00:00,2026-10-05 12:14:22.477790+00:00,103.27
3954,1,1000225109,EYU3372,2026-09-21,CÂNDIDO MOTA,EYU3372,,100.0,100.0,100.0,Finalizado,443.20000000000005,1000000.0,0.0,,75,75,0,0,Filial C.M,97.9,0,0,0,,,,,,,,,,,6.93,9.3,2026-10-05 12:14:22.477790+00:00,2026-10-05 12:14:22.477790+00:00,97.9
3955,1,1000225110,GDB5855,2026-09-21,CÂNDIDO MOTA,GDB5855,,100.0,100.0,100.0,Finalizado,288.54,1000000.0,0.0,,68,68,0,0,Filial C.M,2.58,0,0,0,,,,,,,,,,,8.28,9.3,2026-10-05 12:14:22.477790+00:00,2026-10-05 12:14:22.477790+00:00,2.58
3953,1,1000225108,FDS1225,2026-09-21,CÂNDIDO MOTA,FDS1225,,100.0,100.0,100.0,Finalizado,1510.56,1000000.0,0.0,,196,196,0,0,Filial C.M,121.37,0,0,0,,,,,,,,,,,7.14,9.3,2026-10-05 12:14:22.477790+00:00,2026-10-05 12:14:22.477790+00:00,121.37
3947,1,1000225102,CMT0005,2026-09-21,CÂNDIDO MOTA,DBC8722,,100.0,100.0,100.0,Finalizado,2838.92,1000000.0,0.0,,638,638,0,0,Filial C.M,15.23,0,0,0,,,,,,,,,,,5.08,9.3,2026-10-05 12:14:22.477790+00:00,2026-10-05 12:14:22.477790+00:00,15.23
3951,1,1000225106,CMT0009,2026-09-21,CÂNDIDO MOTA,DBC8722,,100.0,100.0,100.0,Finalizado,1000.5600000000001,1000000.0,0.0,,185,185,0,0,Filial C.M,40.32,0,0,0,,,,,,,,,,,5.08,9.3,2026-10-05 12:14:22.477790+00:00,2026-10-05 12:14:22.477790+00:00,40.32
3949,1,1000225104,CMT0007,2026-09-21,CÂNDIDO MOTA,EYU3370,,100.0,100.0,100.0,Finalizado,1185.7399999999998,1000000.0,0.0,,261,261,0,0,Filial C.M,47.07,0,0,0,,,,,,,,,,,5.69,9.3,2026-10-05 12:14:22.477790+00:00,2026-10-05 12:14:22.477790+00:00,47.07
3950,1,1000225105,CMT0008,2026-09-21,CÂNDIDO MOTA,DBC8722,,100.0,100.0,100.0,Finalizado,695.71,1000000.0,0.0,,134,134,0,0,Filial C.M,40.35,0,0,0,,,,,,,,,,,5.08,9.3,2026-10-05 12:14:22.477790+00:00,2026-10-05 12:14:22.477790+00:00,40.35
3924,1,1000225079,EYU3361,2026-09-21,CÂNDIDO MOTA,EYU3361,,100.0,100.0,100.0,Finalizado,7366.4,1000000.0,1.0,,879,836,0,0,Filial C.M,199.77,0,0,0,,,,,,,,,,,5.45,9.3,2026-10-05 12:14:22.477790+00:00,2026-10-05 12:14:22.477790+00:00,199.77
3956,1,1000225111,FCX9994,2026-09-21,CÂNDIDO MOTA,FCX9994,,100.0,100.0,100.0,Finalizado,903.2599999999999,1000000.0,0.0,,141,141,0,0,Filial C.M,42.62,0,0,0,,,,,,,,,,,7.77,9.3,2026-10-05 12:14:22.477790+00:00,2026-10-05 12:14:22.477790+00:00,42.62
3923,1,1000225078,EYU3356,2026-09-21,CÂNDIDO MOTA,EYU3356,,100.0,100.0,100.0,Finalizado,8561.589999999998,1000000.0,1.0,,1154,1070,0,0,Filial C.M,245.22,0,0,0,,,,,,,,,,,5.92,9.3,2026-10-05 12:14:22.477790+00:00,2026-10-05 12:14:22.477790+00:00,245.22
3925,1,1000225080,EYU3363,2026-09-21,CÂNDIDO MOTA,EYU3363,,100.0,100.0,100.0,Finalizado,7756.845000000003,1000000.0,1.0,,953,888,0,0,Filial C.M,188.15,0,0,0,,,,,,,,,,,5.66,9.3,2026-10-05 12:14:22.477790+00:00,2026-10-05 12:14:22.477790+00:00,188.15
3916,1,1000225071,TIQ8B37,2026-09-21,MATAO,TIQ8B37,,100.0,100.0,100.0,Finalizado,1741.1999999999998,1000000.0,0.0,,208,188,0,0,Filial Matão,8.85,0,0,0,,,,,,,,,,,14.06,1.73,2026-10-05 12:14:22.477790+00:00,2026-10-05 12:14:22.477790+00:00,8.85
3834,1,1000224863,EYU3371,2026-09-18,CÂNDIDO MOTA,EYU3371,,100.0,100.0,100.0,Finalizado,2108.6800000000003,1000000.0,0.0,,150,150,0,0,Filial C.M,42.57,0,0,0,,,,,,,,,,,3.06,4.63,2026-10-05 12:14:22.477790+00:00,2026-10-05 12:14:22.477790+00:00,42.57
3838,1,1000224867,DBC8725,2026-09-18,CÂNDIDO MOTA,DBC8725,,100.0,100.0,100.0,Finalizado,4587.930000000003,1000000.0,0.0,,674,610,0,0,Filial C.M,17.37,0,0,0,,,,,,,,,,,2.72,4.63,2026-10-05 12:14:22.477790+00:00,2026-10-05 12:14:22.477790+00:00,17.37
3835,1,1000224864,TMG6G62,2026-09-18,CÂNDIDO MOTA,TMG6G62,,100.0,100.0,100.0,Finalizado,1955.1999999999994,1000000.0,0.0,,243,235,0,0,Filial C.M,98.88,0,0,0,,,,,,,,,,,2.98,4.63,2026-10-05 12:14:22.477790+00:00,2026-10-05 12:14:22.477790+00:00,98.88
3831,1,1000224860,EYU3361,2026-09-18,CÂNDIDO MOTA,EYU3361,,100.0,100.0,100.0,Finalizado,5712.4,1000000.0,1.0,,691,645,0,0,Filial C.M,136.35,0,0,0,,,,,,,,,,,3.43,4.63,2026-10-05 12:14:22.477790+00:00,2026-10-05 12:14:22.477790+00:00,136.35
3836,1,1000224865,FQU8482,2026-09-18,CÂNDIDO MOTA,FQU8482,,100.0,100.0,100.0,Finalizado,3014.3300000000013,1000000.0,0.0,,393,371,0,0,Filial C.M,61.57,0,0,0,,,,,,,,,,,2.88,4.63,2026-10-05 12:14:22.477790+00:00,2026-10-05 12:14:22.477790+00:00,61.57
3837,1,1000224866,DBC8717,2026-09-18,CÂNDIDO MOTA,DBC8717,,100.0,100.0,100.0,Finalizado,4359.04,1000000.0,0.0,,504,498,0,0,Filial C.M,45.7,0,0,0,,,,,,,,,,,2.8,4.63,2026-10-05 12:14:22.477790+00:00,2026-10-05 12:14:22.477790+00:00,45.7
3833,1,1000224862,EYU3370,2026-09-18,CÂNDIDO MOTA,EYU3370,,100.0,100.0,100.0,Finalizado,7252.36,1000000.0,1.0,,964,916,0,0,Filial C.M,57.83,0,0,0,,,,,,,,,,,3.16,4.63,2026-10-05 12:14:22.477790+00:00,2026-10-05 12:14:22.477790+00:00,57.83
3926,1,1000225081,EYU3370,2026-09-21,CÂNDIDO MOTA,EYU3370,,100.0,100.0,100.0,Finalizado,6668.81,1000000.0,1.0,,805,763,0,0,Filial C.M,91.32,0,0,0,,,,,,,,,,,5.32,9.3,2026-10-05 12:14:22.477790+00:00,2026-10-05 12:14:22.477790+00:00,91.32
3927,1,1000225082,EYU3371,2026-09-21,CÂNDIDO MOTA,EYU3371,,100.0,100.0,100.0,Finalizado,7374.889999999997,1000000.0,1.0,,841,829,0,0,Filial C.M,34.43,0,0,0,,,,,,,,,,,5.19,9.3,2026-10-05 12:14:22.477790+00:00,2026-10-05 12:14:22.477790+00:00,34.43
3933,1,1000225088,EYU3376,2026-09-21,CÂNDIDO MOTA,EYU3376,,100.0,100.0,100.0,Finalizado,7143.700000000004,1000000.0,1.0,,917,854,0,0,Filial C.M,102.17,0,0,0,,,,,,,,,,,6.4,9.3,2026-10-05 12:14:22.477790+00:00,2026-10-05 12:14:22.477790+00:00,102.17
3934,1,1000225089,GDB5855,2026-09-21,CÂNDIDO MOTA,GDB5855,,100.0,100.0,100.0,Finalizado,8159.140000000001,1000000.0,1.0,,1167,1155,0,0,Filial C.M,58.2,0,0,0,,,,,,,,,,,8.28,9.3,2026-10-05 12:14:22.477790+00:00,2026-10-05 12:14:22.477790+00:00,58.2
3939,1,1000225094,EYU3705,2026-09-21,CÂNDIDO MOTA,EYU3705,,100.0,100.0,100.0,Finalizado,8111.600000000001,1000000.0,1.0,,961,941,0,0,Filial C.M,133.3,0,0,0,,,,,,,,,,,6.46,9.3,2026-10-05 12:14:22.477790+00:00,2026-10-05 12:14:22.477790+00:00,133.3
3937,1,1000225092,DBC8725,2026-09-21,CÂNDIDO MOTA,DBC8725,,100.0,100.0,100.0,Finalizado,5088.349999999998,1000000.0,1.0,,575,512,0,0,Filial C.M,47.93,0,0,0,,,,,,,,,,,6.3,9.3,2026-10-05 12:14:22.477790+00:00,2026-10-05 12:14:22.477790+00:00,47.93
3935,1,1000225090,TMG6G62,2026-09-21,CÂNDIDO MOTA,TMG6G62,,100.0,100.0,100.0,Finalizado,2076.6400000000003,1000000.0,0.0,,260,258,0,0,Filial C.M,80.45,0,0,0,,,,,,,,,,,6.36,9.3,2026-10-05 12:14:22.477790+00:00,2026-10-05 12:14:22.477790+00:00,80.45
3936,1,1000225091,FQU8482,2026-09-21,CÂNDIDO MOTA,FQU8482,,100.0,100.0,100.0,Finalizado,3412.8999999999996,1000000.0,0.0,,457,442,0,0,Filial C.M,82.58,0,0,0,,,,,,,,,,,7.02,9.3,2026-10-05 12:14:22.477790+00:00,2026-10-05 12:14:22.477790+00:00,82.58
3928,1,1000225083,EYU3372,2026-09-21,CÂNDIDO MOTA,EYU3372,,100.0,100.0,100.0,Finalizado,5136.05,1000000.0,1.0,,601,574,0,0,Filial C.M,78.15,0,0,0,,,,,,,,,,,6.93,9.3,2026-10-05 12:14:22.477790+00:00,2026-10-05 12:14:22.477790+00:00,78.15
3946,1,1000225101,CMT0004,2026-09-21,CÂNDIDO MOTA,CMT0004,,100.0,100.0,100.0,Finalizado,9107.020000000002,1000000.0,1.0,,1210,1186,0,0,Filial C.M,68.48,0,0,0,,,,,,,,,,,5.75,9.3,2026-10-05 12:14:22.477790+00:00,2026-10-05 12:14:22.477790+00:00,68.48
3922,1,1000225077,CMT0003,2026-09-21,CÂNDIDO MOTA,CMT0003,,100.0,100.0,100.0,Finalizado,5147.3899999999985,1000000.0,1.0,,680,674,0,0,Filial C.M,34.58,0,0,0,,,,,,,,,,,5.9,9.3,2026-10-05 12:14:22.477790+00:00,2026-10-05 12:14:22.477790+00:00,34.58
3920,1,1000225075,CMT0001,2026-09-21,CÂNDIDO MOTA,CMT0001,,100.0,100.0,100.0,Finalizado,2293.24,1000000.0,0.0,,347,335,0,0,Filial C.M,39.62,0,0,0,,,,,,,,,,,5.9,9.3,2026-10-05 12:14:22.477790+00:00,2026-10-05 12:14:22.477790+00:00,39.62
3938,1,1000225093,FCX9994,2026-09-21,CÂNDIDO MOTA,FCX9994,,100.0,100.0,100.0,Finalizado,5034.409999999996,1000000.0,1.0,,594,526,0,0,Filial C.M,107.1,0,0,0,,,,,,,,,,,7.77,9.3,2026-10-05 12:14:22.477790+00:00,2026-10-05 12:14:22.477790+00:00,107.1
4045,1,1000225293,EYU3371,2026-09-22,CÂNDIDO MOTA,EYU3371,,100.0,100.0,100.0,Finalizado,6139.52,1000000.0,1.0,,769,669,0,0,Filial C.M,139.78,0,0,0,,,,,,,,,,,3.51,5.33,2026-10-05 12:14:22.477790+00:00,2026-10-05 12:14:22.477790+00:00,139.78
4048,1,1000225296,EYU3703,2026-09-22,CÂNDIDO MOTA,EYU3703,,100.0,100.0,100.0,Finalizado,5316.590000000005,1000000.0,1.0,,720,667,0,0,Filial C.M,26.52,0,0,0,,,,,,,,,,,3.88,5.33,2026-10-05 12:14:22.477790+00:00,2026-10-05 12:14:22.477790+00:00,26.52
4042,1,1000225290,FDS1225,2026-09-22,CÂNDIDO MOTA,FDS1225,,100.0,100.0,100.0,Finalizado,6630.029999999999,1000000.0,1.0,,763,753,0,0,Filial C.M,63.73,0,0,0,,,,,,,,,,,4.02,5.33,2026-10-05 12:14:22.477790+00:00,2026-10-05 12:14:22.477790+00:00,63.73
4043,1,1000225291,EYU3356,2026-09-22,CÂNDIDO MOTA,EYU3356,,100.0,100.0,100.0,Finalizado,6880.86,1000000.0,1.0,,1036,1036,0,0,Filial C.M,28.38,0,0,0,,,,,,,,,,,3.76,5.33,2026-10-05 12:14:22.477790+00:00,2026-10-05 12:14:22.477790+00:00,28.38
4038,1,1000225286,TIQ8B37,2026-09-22,MATAO,TIQ8B37,,100.0,100.0,100.0,Finalizado,2133.5501,1000000.0,0.0,,306,291,0,0,Filial Matão,22.8,0,0,0,,,,,,,,,,,12.88,1.22,2026-10-05 12:14:22.477790+00:00,2026-10-05 12:14:22.477790+00:00,22.8
4047,1,1000225295,EYU3702,2026-09-22,CÂNDIDO MOTA,EYU3702,,100.0,100.0,100.0,Finalizado,7803.540000000001,1000000.0,1.0,,979,941,0,0,Filial C.M,49.07,0,0,0,,,,,,,,,,,3.95,5.33,2026-10-05 12:14:22.477790+00:00,2026-10-05 12:14:22.477790+00:00,49.07
4049,1,1000225297,BJM4618,2026-09-22,CÂNDIDO MOTA,BJM4618,,100.0,100.0,100.0,Finalizado,16147.5,1000000.0,2.0,,1882,1882,0,0,,,0,0,0,,,,,,,,,,,3.93,5.33,2026-10-05 12:14:22.477790+00:00,2026-10-05 12:14:22.477790+00:00,0.0
4039,1,1000225287,FRY0B42,2026-09-22,MATAO,FRY0B42,,100.0,100.0,100.0,Finalizado,4543.490099999998,1000000.0,0.0,,497,470,0,0,Filial Matão,29.7,0,0,0,,,,,,,,,,,12.32,1.22,2026-10-05 12:14:22.477790+00:00,2026-10-05 12:14:22.477790+00:00,29.7
4040,1,1000225288,FPX7822,2026-09-22,MATAO,FPX7822,,100.0,100.0,100.0,Finalizado,8412.419999999998,1000000.0,1.0,,639,624,0,0,Filial Matão,25.9,0,0,0,,,,,,,,,,,12.11,1.22,2026-10-05 12:14:22.477790+00:00,2026-10-05 12:14:22.477790+00:00,25.9
4044,1,1000225292,EYU3361,2026-09-22,CÂNDIDO MOTA,EYU3361,,100.0,100.0,100.0,Finalizado,6278.189999999998,1000000.0,1.0,,787,722,0,0,Filial C.M,49.93,0,0,0,,,,,,,,,,,3.57,5.33,2026-10-05 12:14:22.477790+00:00,2026-10-05 12:14:22.477790+00:00,49.93
4046,1,1000225294,EYU3372,2026-09-22,CÂNDIDO MOTA,EYU3372,,100.0,100.0,100.0,Finalizado,4540.850000000001,1000000.0,0.0,,575,553,0,0,Filial C.M,179.2,0,0,0,,,,,,,,,,,4.76,5.33,2026-10-05 12:14:22.477790+00:00,2026-10-05 12:14:22.477790+00:00,179.2
4053,1,1000225301,DBC8725,2026-09-22,CÂNDIDO MOTA,DBC8725,,100.0,100.0,100.0,Finalizado,3754.79,1000000.0,0.0,,454,436,0,0,Filial C.M,17.47,0,0,0,,,,,,,,,,,4.67,5.33,2026-10-05 12:14:22.477790+00:00,2026-10-05 12:14:22.477790+00:00,17.47
4051,1,1000225299,FQU8482,2026-09-22,CÂNDIDO MOTA,FQU8482,,100.0,100.0,100.0,Finalizado,2522.94,1000000.0,0.0,,329,325,0,0,Filial C.M,29.53,0,0,0,,,,,,,,,,,4.49,5.33,2026-10-05 12:14:22.477790+00:00,2026-10-05 12:14:22.477790+00:00,29.53
4054,1,1000225302,FCX9994,2026-09-22,CÂNDIDO MOTA,FCX9994,,100.0,100.0,100.0,Finalizado,7971.160000000003,1000000.0,1.0,,845,812,0,0,Filial C.M,18.1,0,0,0,,,,,,,,,,,4.91,5.33,2026-10-05 12:14:22.477790+00:00,2026-10-05 12:14:22.477790+00:00,18.1
4052,1,1000225300,DBC8722,2026-09-22,CÂNDIDO MOTA,DBC8722,,100.0,100.0,100.0,Finalizado,4419.530000000001,1000000.0,0.0,,576,576,0,0,Filial C.M,12.47,0,0,0,,,,,,,,,,,4.44,5.33,2026-10-05 12:14:22.477790+00:00,2026-10-05 12:14:22.477790+00:00,12.47
4188,1,1000225517,FQU8482,2026-09-23,CÂNDIDO MOTA,FQU8482,,100.0,100.0,100.0,Finalizado,3497.9940000000006,1000000.0,0.0,,468,452,0,0,Filial C.M,23.95,0,0,0,,,,,,,,,,,5.13,5.92,2026-10-05 12:14:22.477790+00:00,2026-10-05 12:14:22.477790+00:00,23.95
4050,1,1000225298,GDB5855,2026-09-22,CÂNDIDO MOTA,GDB5855,,100.0,100.0,100.0,Finalizado,8409.25,1000000.0,1.0,,993,933,0,0,Filial C.M,47.22,0,0,0,,,,,,,,,,,4.48,5.33,2026-10-05 12:14:22.477790+00:00,2026-10-05 12:14:22.477790+00:00,47.22
4065,1,1000225313,DBC8725,2026-09-22,CÂNDIDO MOTA,DBC8725,,100.0,100.0,100.0,Finalizado,491.87999999999994,1000000.0,0.0,,78,78,0,0,Filial C.M,1.6,0,0,0,,,,,,,,,,,4.67,5.33,2026-10-05 12:14:22.477790+00:00,2026-10-05 12:14:22.477790+00:00,1.6
4190,1,1000225519,DBC8725,2026-09-23,CÂNDIDO MOTA,DBC8725,,100.0,100.0,100.0,Finalizado,5806.191000000002,1000000.0,1.0,,1034,987,0,0,Filial C.M,36.27,0,0,0,,,,,,,,,,,5.49,5.92,2026-10-05 12:14:22.477790+00:00,2026-10-05 12:14:22.477790+00:00,36.27
4180,1,1000225509,EYU3356,2026-09-23,CÂNDIDO MOTA,EYU3356,,100.0,100.0,100.0,Finalizado,7795.760000000002,1000000.0,1.0,,1083,1032,0,0,Filial C.M,52.18,0,0,0,,,,,,,,,,,2.08,5.92,2026-10-05 12:14:22.477790+00:00,2026-10-05 12:14:22.477790+00:00,52.18
4189,1,1000225518,DBC8722,2026-09-23,CÂNDIDO MOTA,DBC8722,,100.0,100.0,100.0,Finalizado,3302.6299999999997,1000000.0,0.0,,876,867,0,0,Filial C.M,11.83,0,0,0,,,,,,,,,,,5.02,5.92,2026-10-05 12:14:22.477790+00:00,2026-10-05 12:14:22.477790+00:00,11.83
4249,1,1000225692,FDS1225,2026-09-24,CÂNDIDO MOTA,FDS1225,,100.0,100.0,100.0,Finalizado,7639.990000000002,1000000.0,1.0,,962,919,0,0,Filial C.M,71.45,0,0,0,,,,,,,,,,,4.3,6.77,2026-10-05 12:14:22.477790+00:00,2026-10-05 12:14:22.477790+00:00,71.45
4181,1,1000225510,EYU3363,2026-09-23,CÂNDIDO MOTA,EYU3363,,100.0,100.0,100.0,Finalizado,7333.370000000003,1000000.0,1.0,,946,899,0,0,Filial C.M,26.43,0,0,0,,,,,,,,,,,1.82,5.92,2026-10-05 12:14:22.477790+00:00,2026-10-05 12:14:22.477790+00:00,26.43
4182,1,1000225511,EYU3371,2026-09-23,CÂNDIDO MOTA,EYU3371,,100.0,100.0,100.0,Finalizado,6974.850000000002,1000000.0,1.0,,798,735,0,0,Filial C.M,110.87,0,0,0,,,,,,,,,,,3.37,5.92,2026-10-05 12:14:22.477790+00:00,2026-10-05 12:14:22.477790+00:00,110.87
4171,1,1000225500,CMT0006,2026-09-23,CÂNDIDO MOTA,CMT0006,,100.0,100.0,100.0,Finalizado,196.15,1000000.0,0.0,,63,57,0,0,Filial C.M,1.75,0,0,0,,,,,,,,,,,5.02,5.92,2026-10-05 12:14:22.477790+00:00,2026-10-05 12:14:22.477790+00:00,1.75
4184,1,1000225513,EYU3702,2026-09-23,CÂNDIDO MOTA,EYU3702,,100.0,100.0,100.0,Finalizado,5330.29,1000000.0,1.0,,600,566,0,0,Filial C.M,33.03,0,0,0,,,,,,,,,,,3.66,5.92,2026-10-05 12:14:22.477790+00:00,2026-10-05 12:14:22.477790+00:00,33.03
4183,1,1000225512,EYU3372,2026-09-23,CÂNDIDO MOTA,EYU3372,,100.0,100.0,100.0,Finalizado,6473.960000000001,1000000.0,1.0,,800,721,0,0,Filial C.M,98.43,0,0,0,,,,,,,,,,,3.29,5.92,2026-10-05 12:14:22.477790+00:00,2026-10-05 12:14:22.477790+00:00,98.43
4151,1,1000225480,TLH2G15,2026-09-23,MATAO,TLH2G15,,100.0,100.0,100.0,Finalizado,4453.37,1000000.0,0.0,,556,545,0,0,Filial Matão,23.32,0,0,0,,,,,,,,,,,13.01,1.92,2026-10-05 12:14:22.477790+00:00,2026-10-05 12:14:22.477790+00:00,23.32
4186,1,1000225515,EYU3705,2026-09-23,CÂNDIDO MOTA,EYU3705,,100.0,100.0,100.0,Finalizado,8398.060000000001,1000000.0,1.0,,976,941,0,0,Filial C.M,37.05,0,0,0,,,,,,,,,,,4.94,5.92,2026-10-05 12:14:22.477790+00:00,2026-10-05 12:14:22.477790+00:00,37.05
4185,1,1000225514,EYU3703,2026-09-23,CÂNDIDO MOTA,EYU3703,,100.0,100.0,100.0,Finalizado,8138.100000000004,1000000.0,1.0,,896,862,0,0,Filial C.M,34.4,0,0,0,,,,,,,,,,,4.77,5.92,2026-10-05 12:14:22.477790+00:00,2026-10-05 12:14:22.477790+00:00,34.4
4150,1,1000225479,FRY0B42,2026-09-23,MATAO,FRY0B42,,100.0,100.0,100.0,Finalizado,3677.0699999999997,1000000.0,0.0,,508,460,0,0,Filial Matão,37.38,0,0,0,,,,,,,,,,,13.04,1.92,2026-10-05 12:14:22.477790+00:00,2026-10-05 12:14:22.477790+00:00,37.38
4149,1,1000225478,TIQ8B37,2026-09-23,MATAO,TIQ8B37,,100.0,100.0,100.0,Finalizado,1835.0199999999998,1000000.0,0.0,,218,218,0,0,Filial Matão,21.58,0,0,0,,,,,,,,,,,13.04,1.92,2026-10-05 12:14:22.477790+00:00,2026-10-05 12:14:22.477790+00:00,21.58
4187,1,1000225516,GDB5855,2026-09-23,CÂNDIDO MOTA,GDB5855,,100.0,100.0,100.0,Finalizado,9301.320000000003,1000000.0,1.0,,1049,991,0,0,Filial C.M,43.17,0,0,0,,,,,,,,,,,4.99,5.92,2026-10-05 12:14:22.477790+00:00,2026-10-05 12:14:22.477790+00:00,43.17
4252,1,1000225695,EYU3370,2026-09-24,CÂNDIDO MOTA,EYU3370,,100.0,100.0,100.0,Finalizado,8064.830000000002,1000000.0,1.0,,883,809,0,0,Filial C.M,30.2,0,0,0,,,,,,,,,,,1.24,6.77,2026-10-05 12:14:22.477790+00:00,2026-10-05 12:14:22.477790+00:00,30.2
4253,1,1000225696,EYU3371,2026-09-24,CÂNDIDO MOTA,EYU3371,,100.0,100.0,100.0,Finalizado,7406.619999999997,1000000.0,1.0,,706,687,0,0,Filial C.M,42.42,0,0,0,,,,,,,,,,,3.86,6.77,2026-10-05 12:14:22.477790+00:00,2026-10-05 12:14:22.477790+00:00,42.42
4254,1,1000225697,EYU3702,2026-09-24,CÂNDIDO MOTA,EYU3702,,100.0,100.0,100.0,Finalizado,4840.050000000005,1000000.0,0.0,,626,572,0,0,Filial C.M,119.3,0,0,0,,,,,,,,,,,3.58,6.77,2026-10-05 12:14:22.477790+00:00,2026-10-05 12:14:22.477790+00:00,119.3
4340,1,1000225896,EYU3361,2026-09-25,CÂNDIDO MOTA,EYU3361,,100.0,100.0,100.0,Finalizado,5043.299999999997,1000000.0,1.0,,610,597,0,0,Filial C.M,23.13,0,0,0,,,,,,,,,,,1.84,3.58,2026-10-05 12:14:22.477790+00:00,2026-10-05 12:14:22.477790+00:00,23.13
4344,1,1000225900,EYU3703,2026-09-25,CÂNDIDO MOTA,EYU3703,,100.0,100.0,100.0,Finalizado,4956.5999999999985,1000000.0,0.0,,689,660,0,0,Filial C.M,15.37,0,0,0,,,,,,,,,,,4.01,3.58,2026-10-05 12:14:22.477790+00:00,2026-10-05 12:14:22.477790+00:00,15.37
4346,1,1000225902,FQU8482,2026-09-25,CÂNDIDO MOTA,FQU8482,,100.0,100.0,100.0,Finalizado,2537.9300000000007,1000000.0,0.0,,282,259,0,0,Filial C.M,8.85,0,0,0,,,,,,,,,,,3.79,3.58,2026-10-05 12:14:22.477790+00:00,2026-10-05 12:14:22.477790+00:00,8.85
5224,1,1000227246,FRY0B42,2026-10-01,MATAO,FRY0B42,,100.0,100.0,100.0,Finalizado,2101.25,1000000.0,0.0,,257,241,0,0,Filial Matão,20.83,0,0,0,,,,,,,,,,,1.31,2.67,2026-10-05 12:14:22.477790+00:00,2026-10-05 12:14:22.477790+00:00,20.83
4345,1,1000225901,EYU3705,2026-09-25,CÂNDIDO MOTA,EYU3705,,100.0,100.0,100.0,Finalizado,3951.220000000002,1000000.0,0.0,,484,466,0,0,Filial C.M,16.17,0,0,0,,,,,,,,,,,3.85,3.58,2026-10-05 12:14:22.477790+00:00,2026-10-05 12:14:22.477790+00:00,16.17
4339,1,1000225895,FDS1225,2026-09-25,CÂNDIDO MOTA,FDS1225,,100.0,100.0,100.0,Finalizado,4638.9,1000000.0,0.0,,570,567,0,0,Filial C.M,34.45,0,0,0,,,,,,,,,,,1.8,3.58,2026-10-05 12:14:22.477790+00:00,2026-10-05 12:14:22.477790+00:00,34.45
4341,1,1000225897,EYU3363,2026-09-25,CÂNDIDO MOTA,EYU3363,,100.0,100.0,100.0,Finalizado,7234.166000000003,1000000.0,1.0,,851,792,0,0,Filial C.M,35.5,0,0,0,,,,,,,,,,,1.59,3.58,2026-10-05 12:14:22.477790+00:00,2026-10-05 12:14:22.477790+00:00,35.5
4250,1,1000225693,EYU3361,2026-09-24,CÂNDIDO MOTA,EYU3361,,100.0,100.0,100.0,Finalizado,8510.33,1000000.0,1.0,,846,822,0,0,Filial C.M,15.03,0,0,0,,,,,,,,,,,3.21,6.77,2026-10-05 12:14:22.477790+00:00,2026-10-05 12:14:22.477790+00:00,15.03
4258,1,1000225701,DBC8722,2026-09-24,CÂNDIDO MOTA,DBC8722,,100.0,100.0,100.0,Finalizado,3113.3500000000004,1000000.0,0.0,,418,385,0,0,Filial C.M,59.62,0,0,0,,,,,,,,,,,3.43,6.77,2026-10-05 12:14:22.477790+00:00,2026-10-05 12:14:22.477790+00:00,59.62
4167,1,1000225496,CMT0002,2026-09-24,CÂNDIDO MOTA,CMT0002,,100.0,100.0,100.0,Finalizado,304.58,1000000.0,0.0,,112,82,0,0,Filial C.M,10.15,0,0,0,,,,,,,,,,,3.35,6.77,2026-10-05 12:14:22.477790+00:00,2026-10-05 12:14:22.477790+00:00,10.15
4256,1,1000225699,GDB5855,2026-09-24,CÂNDIDO MOTA,GDB5855,,100.0,100.0,100.0,Finalizado,2072.2699999999995,1000000.0,0.0,,261,261,0,0,Filial C.M,21.72,0,0,0,,,,,,,,,,,3.0,6.77,2026-10-05 12:14:22.477790+00:00,2026-10-05 12:14:22.477790+00:00,21.72
4257,1,1000225700,FQU8482,2026-09-24,CÂNDIDO MOTA,FQU8482,,100.0,100.0,100.0,Finalizado,2993.6710000000003,1000000.0,0.0,,503,485,0,0,Filial C.M,35.02,0,0,0,,,,,,,,,,,3.05,6.77,2026-10-05 12:14:22.477790+00:00,2026-10-05 12:14:22.477790+00:00,35.02
4251,1,1000225694,EYU3363,2026-09-24,CÂNDIDO MOTA,EYU3363,,100.0,100.0,100.0,Finalizado,5888.140000000004,1000000.0,1.0,,920,880,0,0,Filial C.M,47.37,0,0,0,,,,,,,,,,,3.1,6.77,2026-10-05 12:14:22.477790+00:00,2026-10-05 12:14:22.477790+00:00,47.37
4255,1,1000225698,EYU3376,2026-09-24,CÂNDIDO MOTA,EYU3376,,100.0,100.0,100.0,Finalizado,5049.360099999999,1000000.0,1.0,,772,739,0,0,Filial C.M,121.85,0,0,0,,,,,,,,,,,3.19,6.77,2026-10-05 12:14:22.477790+00:00,2026-10-05 12:14:22.477790+00:00,121.85
4170,1,1000225499,CMT0005,2026-09-24,CÂNDIDO MOTA,CMT0005,,100.0,100.0,100.0,Finalizado,334.2800000000001,1000000.0,0.0,,126,96,0,0,Filial C.M,2.42,0,0,0,,,,,,,,,,,3.0,6.77,2026-10-05 12:14:22.477790+00:00,2026-10-05 12:14:22.477790+00:00,2.42
4176,1,1000225505,CMT0011,2026-09-24,CÂNDIDO MOTA,CMT0011,,100.0,100.0,100.0,Finalizado,414.59999999999997,1000000.0,0.0,,150,120,0,0,Filial C.M,3.57,0,0,0,,,,,,,,,,,3.1,6.77,2026-10-05 12:14:22.477790+00:00,2026-10-05 12:14:22.477790+00:00,3.57
4178,1,1000225507,CMT0013,2026-09-24,CÂNDIDO MOTA,CMT0013,,100.0,100.0,100.0,Finalizado,261.51000000000005,1000000.0,0.0,,91,73,0,0,Filial C.M,3.55,0,0,0,,,,,,,,,,,3.1,6.77,2026-10-05 12:14:22.477790+00:00,2026-10-05 12:14:22.477790+00:00,3.55
4177,1,1000225506,CMT0012,2026-09-24,CÂNDIDO MOTA,CMT0012,,100.0,100.0,100.0,Finalizado,361.18,1000000.0,0.0,,132,102,0,0,Filial C.M,12.93,0,0,0,,,,,,,,,,,3.1,6.77,2026-10-05 12:14:22.477790+00:00,2026-10-05 12:14:22.477790+00:00,12.93
4172,1,1000225501,CMT0007,2026-09-24,CÂNDIDO MOTA,CMT0007,,100.0,100.0,100.0,Finalizado,779.89,1000000.0,0.0,,297,211,0,0,Filial C.M,2.63,0,0,0,,,,,,,,,,,3.62,6.77,2026-10-05 12:14:22.477790+00:00,2026-10-05 12:14:22.477790+00:00,2.63
4203,1,1000225532,CMT0014,2026-09-24,CÂNDIDO MOTA,CMT0014,,100.0,100.0,100.0,Finalizado,46.05,1000000.0,0.0,,5,5,0,0,Filial C.M,4.48,0,0,0,,,,,,,,,,,3.21,6.77,2026-10-05 12:14:22.477790+00:00,2026-10-05 12:14:22.477790+00:00,4.48
4259,1,1000225702,FCX9994,2026-09-24,CÂNDIDO MOTA,FCX9994,,100.0,100.0,100.0,Finalizado,7175.590000000004,1000000.0,1.0,,983,933,0,0,Filial C.M,15.32,0,0,0,,,,,,,,,,,3.35,6.77,2026-10-05 12:14:22.477790+00:00,2026-10-05 12:14:22.477790+00:00,15.32
4174,1,1000225503,CMT0009,2026-09-24,CÂNDIDO MOTA,CMT0009,,100.0,100.0,100.0,Finalizado,335.40000000000003,1000000.0,0.0,,108,108,0,0,Filial C.M,2.23,0,0,0,,,,,,,,,,,3.43,6.77,2026-10-05 12:14:22.477790+00:00,2026-10-05 12:14:22.477790+00:00,2.23
4179,1,1000225508,OUR1001,2026-09-24,CÂNDIDO MOTA,EYU3705,,100.0,100.0,100.0,Finalizado,616.0099999999999,1000000.0,0.0,,211,163,0,0,Filial C.M,5.07,0,0,0,,,,,,,,,,,3.54,6.77,2026-10-05 12:14:22.477790+00:00,2026-10-05 12:14:22.477790+00:00,5.07
4175,1,1000225504,CMT0010,2026-09-24,CÂNDIDO MOTA,CMT0010,,100.0,100.0,100.0,Finalizado,182.20000000000002,1000000.0,0.0,,60,60,0,0,Filial C.M,0.8,0,0,0,,,,,,,,,,,3.62,6.77,2026-10-05 12:14:22.477790+00:00,2026-10-05 12:14:22.477790+00:00,0.8
4173,1,1000225502,CMT0008,2026-09-24,CÂNDIDO MOTA,CMT0008,,100.0,100.0,100.0,Finalizado,275.35,1000000.0,0.0,,105,69,0,0,Filial C.M,2.1,0,0,0,,,,,,,,,,,3.62,6.77,2026-10-05 12:14:22.477790+00:00,2026-10-05 12:14:22.477790+00:00,2.1
4094,1,1000225342,CMT0004,2026-09-24,CÂNDIDO MOTA,CMT0004,,100.0,100.0,100.0,Finalizado,3154.7000000000007,1000000.0,0.0,,379,355,0,0,Filial C.M,9.78,0,0,0,,,,,,,,,,,3.61,6.77,2026-10-05 12:14:22.477790+00:00,2026-10-05 12:14:22.477790+00:00,9.78
5158,1,1000227100,CMT0020,2026-09-30,CÂNDIDO MOTA,CMT0020,,100.0,100.0,100.0,Finalizado,1249.9199999999998,1000000.0,0.0,,186,186,0,0,Filial C.M,0.13,0,0,0,,,,,,,,,,,8.24,10.42,2026-10-05 12:14:22.477790+00:00,2026-10-05 12:14:22.477790+00:00,0.13
5225,1,1000227247,TLH2G15,2026-10-01,MATAO,TLH2G15,,100.0,100.0,100.0,Finalizado,4330.620000000001,1000000.0,0.0,,565,557,0,0,Filial Matão,32.85,0,0,0,,,,,,,,,,,1.0,2.67,2026-10-05 12:14:22.477790+00:00,2026-10-05 12:14:22.477790+00:00,32.85
4342,1,1000225898,EYU3371,2026-09-25,CÂNDIDO MOTA,EYU3371,,100.0,100.0,100.0,Finalizado,6927.0599999999995,1000000.0,1.0,,956,924,0,0,Filial C.M,101.92,0,0,0,,,,,,,,,,,2.78,3.58,2026-10-05 12:14:22.477790+00:00,2026-10-05 12:14:22.477790+00:00,101.92
4401,1,1000225957,TLH2G15,2026-09-25,MATAO,TLH2G15,,100.0,100.0,100.0,Finalizado,3131.3599999999997,1000000.0,0.0,,338,332,0,0,Filial Matão,17.12,0,0,0,,,,,,,,,,,0.82,1.7,2026-10-05 12:14:22.477790+00:00,2026-10-05 12:14:22.477790+00:00,17.12
4400,1,1000225956,MAT0001,2026-09-25,MATAO,MAT0001,,100.0,100.0,100.0,Finalizado,2199.83,1000000.0,0.0,,273,271,0,0,Filial Matão,12.43,0,0,0,,,,,,,,,,,1.69,1.7,2026-10-05 12:14:22.477790+00:00,2026-10-05 12:14:22.477790+00:00,12.43
4399,1,1000225955,TIQ8B37,2026-09-25,MATAO,TIQ8B37,,100.0,100.0,100.0,Finalizado,751.93,1000000.0,0.0,,95,93,0,0,Filial Matão,7.22,0,0,0,,,,,,,,,,,0.95,1.7,2026-10-05 12:14:22.477790+00:00,2026-10-05 12:14:22.477790+00:00,7.22
4092,1,1000225340,CMT0001,2026-09-24,CÂNDIDO MOTA,CMT0001,,100.0,100.0,100.0,Finalizado,2034.1400000000003,1000000.0,0.0,,184,184,0,0,Filial C.M,23.3,0,0,0,,,,,,,,,,,3.35,6.77,2026-10-05 12:14:22.477790+00:00,2026-10-05 12:14:22.477790+00:00,23.3
4277,1,1000225721,TLQ5G22,2026-09-24,MATAO,TLQ5G22,,100.0,100.0,100.0,Finalizado,4658.52,1000000.0,0.0,,634,606,0,0,Filial Matão,66.82,0,0,0,,,,,,,,,,,2.06,1.7,2026-10-05 12:14:22.477790+00:00,2026-10-05 12:14:22.477790+00:00,66.82
4276,1,1000225720,TLH2G15,2026-09-24,MATAO,TLH2G15,,100.0,100.0,100.0,Finalizado,4062.5500000000015,1000000.0,0.0,,589,570,0,0,Filial Matão,20.08,0,0,0,,,,,,,,,,,1.93,1.7,2026-10-05 12:14:22.477790+00:00,2026-10-05 12:14:22.477790+00:00,20.08
5231,1,1000227254,EYU3371,2026-10-01,CÂNDIDO MOTA,EYU3371,,100.0,100.0,100.0,Finalizado,6891.539999999997,1000000.0,1.0,,739,700,0,0,Filial C.M,163.85,0,0,0,,,,,,,,,,,8.86,10.42,2026-10-05 12:14:22.477790+00:00,2026-10-05 12:14:22.477790+00:00,163.85
5094,1,1000227035,EYU3702,2026-09-30,CÂNDIDO MOTA,EYU3702,,100.0,100.0,100.0,Finalizado,7811.05,1000000.0,1.0,,1112,1063,0,0,Filial C.M,40.08,0,0,0,,,,,,,,,,,6.24,7.9,2026-10-05 12:14:22.477790+00:00,2026-10-05 12:14:22.477790+00:00,40.08
5053,1,1000226994,MAT0001,2026-09-30,MATAO,MAT0001,,100.0,100.0,100.0,Finalizado,8217.0,1000000.0,1.0,,572,568,0,0,Filial Matão,6.92,0,0,0,,,,,,,,,,,6.4,7.08,2026-10-05 12:14:22.477790+00:00,2026-10-05 12:14:22.477790+00:00,6.92
4347,1,1000225903,DBC8725,2026-09-25,CÂNDIDO MOTA,DBC8725,,100.0,100.0,100.0,Finalizado,5166.769999999999,1000000.0,1.0,,648,606,0,0,Filial C.M,12.83,0,0,0,,,,,,,,,,,3.72,3.58,2026-10-05 12:14:22.477790+00:00,2026-10-05 12:14:22.477790+00:00,12.83
4343,1,1000225899,EYU3702,2026-09-25,CÂNDIDO MOTA,EYU3702,,100.0,100.0,100.0,Finalizado,5999.669999999998,1000000.0,1.0,,688,650,0,0,Filial C.M,77.35,0,0,0,,,,,,,,,,,3.09,3.58,2026-10-05 12:14:22.477790+00:00,2026-10-05 12:14:22.477790+00:00,77.35
4594,1,1000226284,EYU3703,2026-09-28,CÂNDIDO MOTA,EYU3703,,100.0,100.0,100.0,Finalizado,470.6899999999999,1000000.0,0.0,,103,103,0,0,Filial C.M,21.6,0,0,0,,,,,,,,,,,4.8,6.33,2026-10-05 12:14:22.477790+00:00,2026-10-05 12:14:22.477790+00:00,21.6
4597,1,1000226287,GDB5855,2026-09-28,CÂNDIDO MOTA,GDB5855,,100.0,100.0,100.0,Finalizado,860.6400000000001,1000000.0,0.0,,186,186,0,0,Filial C.M,26.32,0,0,0,,,,,,,,,,,4.39,6.33,2026-10-05 12:14:22.477790+00:00,2026-10-05 12:14:22.477790+00:00,26.32
5215,1,1000227233,EYU3710,2026-10-01,PRESIDENTE PRUDENTE,EYU3710,,100.0,100.0,100.0,Finalizado,3722.7899999999995,1000000.0,0.0,,379,376,0,0,Filial PPR,63.65,0,0,0,,,,,,,,,,,3.36,5.38,2026-10-05 12:14:22.477790+00:00,2026-10-05 12:14:22.477790+00:00,63.65
4603,1,1000226293,CMT0017,2026-09-28,CÂNDIDO MOTA,CMT0017,,100.0,100.0,100.0,Finalizado,265.79999999999995,1000000.0,0.0,,60,60,0,0,Filial C.M,0.08,0,0,0,,,,,,,,,,,5.25,8.25,2026-10-05 12:14:22.477790+00:00,2026-10-05 12:14:22.477790+00:00,0.08
4600,1,1000226290,DBC8722,2026-09-28,CÂNDIDO MOTA,DBC8722,,100.0,100.0,100.0,Finalizado,509.09,1000000.0,0.0,,114,114,0,0,Filial C.M,1.73,0,0,0,,,,,,,,,,,4.63,6.33,2026-10-05 12:14:22.477790+00:00,2026-10-05 12:14:22.477790+00:00,1.73
4535,1,1000226225,FPW9199,2026-09-30,PRESIDENTE PRUDENTE,REG0009,,100.0,100.0,100.0,Finalizado,747.3199999999999,1000000.0,0.0,,131,119,0,0,Filial PPR,5.38,0,0,0,,,,,,,,,,,13.02,5.35,2026-10-05 12:14:22.477790+00:00,2026-10-05 12:14:22.477790+00:00,5.38
4732,1,1000226542,FDS1225,2026-09-29,CÂNDIDO MOTA,FDS1225,,100.0,100.0,100.0,Finalizado,7279.93,1000000.0,1.0,,772,732,0,0,Filial C.M,260.7,0,0,0,,,,,,,,,,,5.45,8.25,2026-10-05 12:14:22.477790+00:00,2026-10-05 12:14:22.477790+00:00,260.7
4739,1,1000226549,EYU3702,2026-09-29,CÂNDIDO MOTA,EYU3702,,100.0,100.0,100.0,Finalizado,7604.769999999996,1000000.0,1.0,,1032,950,0,0,Filial C.M,12.0,0,0,0,,,,,,,,,,,5.84,8.25,2026-10-05 12:14:22.477790+00:00,2026-10-05 12:14:22.477790+00:00,12.0
4611,1,1000226301,CMT0019,2026-09-28,CÂNDIDO MOTA,BPY1G16,,100.0,100.0,100.0,Finalizado,5840.96,1000000.0,1.0,,915,897,0,0,Filial C.M,182.42,0,0,0,,,,,,,,,,,6.21,8.25,2026-10-05 12:14:22.477790+00:00,2026-10-05 12:14:22.477790+00:00,182.42
4601,1,1000226291,FCX9994,2026-09-28,CÂNDIDO MOTA,FCX9994,,100.0,100.0,100.0,Finalizado,1183.34,1000000.0,0.0,,266,266,0,0,Filial C.M,1.25,0,0,0,,,,,,,,,,,4.6,6.33,2026-10-05 12:14:22.477790+00:00,2026-10-05 12:14:22.477790+00:00,1.25
4584,1,1000226274,OUR1006,2026-09-28,CÂNDIDO MOTA,OUR1006,,100.0,100.0,100.0,Finalizado,3480.1499999999996,1000000.0,0.0,,610,424,0,0,Filial C.M,16.22,0,0,0,,,,,,,,,,,6.43,8.25,2026-10-05 12:14:22.477790+00:00,2026-10-05 12:14:22.477790+00:00,16.22
4526,1,1000226216,GBF4177,2026-09-28,PRESIDENTE PRUDENTE,GBF4177,,100.0,100.0,100.0,Finalizado,8536.100000000002,1000000.0,1.0,,798,793,0,0,Filial PPR,20.8,0,0,0,,,,,,,,,,,13.23,4.12,2026-10-05 12:14:22.477790+00:00,2026-10-05 12:14:22.477790+00:00,20.8
4586,1,1000226276,FDS1225,2026-09-28,CÂNDIDO MOTA,FDS1225,,100.0,100.0,100.0,Finalizado,7739.3899999999985,1000000.0,1.0,,857,838,0,0,Filial C.M,162.55,0,0,0,,,,,,,,,,,4.26,6.33,2026-10-05 12:14:22.477790+00:00,2026-10-05 12:14:22.477790+00:00,162.55
4525,1,1000226215,EYU3711,2026-09-28,PRESIDENTE PRUDENTE,EYU3711,,100.0,100.0,100.0,Finalizado,8359.309999999998,1000000.0,1.0,,634,618,0,0,Filial PPR,14.88,0,0,0,,,,,,,,,,,13.18,4.12,2026-10-05 12:14:22.477790+00:00,2026-10-05 12:14:22.477790+00:00,14.88
4523,1,1000226213,TLU0J36,2026-09-28,PRESIDENTE PRUDENTE,TLU0J36,,100.0,100.0,100.0,Finalizado,4624.590000000001,1000000.0,0.0,,598,568,0,0,Filial PPR,33.37,0,0,0,,,,,,,,,,,13.2,4.12,2026-10-05 12:14:22.477790+00:00,2026-10-05 12:14:22.477790+00:00,33.37
4587,1,1000226277,EYU3356,2026-09-28,CÂNDIDO MOTA,EYU3356,,100.0,100.0,100.0,Finalizado,92.58,1000000.0,0.0,,18,18,0,0,Filial C.M,1.8,0,0,0,,,,,,,,,,,3.96,6.33,2026-10-05 12:14:22.477790+00:00,2026-10-05 12:14:22.477790+00:00,1.8
4590,1,1000226280,EYU3370,2026-09-28,CÂNDIDO MOTA,EYU3370,,100.0,100.0,100.0,Finalizado,6494.749999999999,1000000.0,1.0,,820,814,0,0,Filial C.M,92.48,0,0,0,,,,,,,,,,,3.78,6.33,2026-10-05 12:14:22.477790+00:00,2026-10-05 12:14:22.477790+00:00,92.48
4598,1,1000226288,TMG6G62,2026-09-28,CÂNDIDO MOTA,TMG6G62,,100.0,100.0,100.0,Finalizado,1994.7799999999993,1000000.0,0.0,,255,240,0,0,Filial C.M,71.58,0,0,0,,,,,,,,,,,4.53,6.33,2026-10-05 12:14:22.477790+00:00,2026-10-05 12:14:22.477790+00:00,71.58
4608,1,1000226298,GDB5855,2026-09-28,CÂNDIDO MOTA,GDB5855,,100.0,100.0,100.0,Finalizado,265.79999999999995,1000000.0,0.0,,60,60,0,0,Filial C.M,0.27,0,0,0,,,,,,,,,,,4.39,6.33,2026-10-05 12:14:22.477790+00:00,2026-10-05 12:14:22.477790+00:00,0.27
4589,1,1000226279,EYU3363,2026-09-28,CÂNDIDO MOTA,EYU3363,,100.0,100.0,100.0,Finalizado,7257.999999999998,1000000.0,1.0,,880,794,0,0,Filial C.M,165.58,0,0,0,,,,,,,,,,,3.91,6.33,2026-10-05 12:14:22.477790+00:00,2026-10-05 12:14:22.477790+00:00,165.58
4606,1,1000226296,EYU3703,2026-09-28,CÂNDIDO MOTA,EYU3703,,100.0,100.0,100.0,Finalizado,279.63999999999993,1000000.0,0.0,,64,64,0,0,Filial C.M,5.02,0,0,0,,,,,,,,,,,4.8,6.33,2026-10-05 12:14:22.477790+00:00,2026-10-05 12:14:22.477790+00:00,5.02
4593,1,1000226283,EYU3702,2026-09-28,CÂNDIDO MOTA,EYU3702,,100.0,100.0,100.0,Finalizado,6884.15,1000000.0,1.0,,735,632,0,0,Filial C.M,27.9,0,0,0,,,,,,,,,,,4.1,6.33,2026-10-05 12:14:22.477790+00:00,2026-10-05 12:14:22.477790+00:00,27.9
4592,1,1000226282,EYU3372,2026-09-28,CÂNDIDO MOTA,EYU3372,,100.0,100.0,100.0,Finalizado,4540.976000000001,1000000.0,0.0,,595,563,0,0,Filial C.M,8.42,0,0,0,,,,,,,,,,,3.52,6.33,2026-10-05 12:14:22.477790+00:00,2026-10-05 12:14:22.477790+00:00,8.42
4591,1,1000226281,EYU3371,2026-09-28,CÂNDIDO MOTA,EYU3371,,100.0,100.0,100.0,Finalizado,7932.870000000002,1000000.0,1.0,,1098,1086,0,0,Filial C.M,129.37,0,0,0,,,,,,,,,,,4.82,6.33,2026-10-05 12:14:22.477790+00:00,2026-10-05 12:14:22.477790+00:00,129.37
4588,1,1000226278,EYU3361,2026-09-28,CÂNDIDO MOTA,EYU3361,,100.0,100.0,100.0,Finalizado,7757.510100000001,1000000.0,1.0,,1042,1037,0,0,Filial C.M,150.65,0,0,0,,,,,,,,,,,3.66,6.33,2026-10-05 12:14:22.477790+00:00,2026-10-05 12:14:22.477790+00:00,150.65
4599,1,1000226289,FQU8482,2026-09-28,CÂNDIDO MOTA,FQU8482,,100.0,100.0,100.0,Finalizado,3368.6700000000005,1000000.0,0.0,,472,460,0,0,Filial C.M,87.25,0,0,0,,,,,,,,,,,4.8,6.33,2026-10-05 12:14:22.477790+00:00,2026-10-05 12:14:22.477790+00:00,87.25
4595,1,1000226285,EYU3705,2026-09-28,CÂNDIDO MOTA,EYU3705,,100.0,100.0,100.0,Finalizado,4827.640999999999,1000000.0,0.0,,603,581,0,0,Filial C.M,65.57,0,0,0,,,,,,,,,,,4.58,6.33,2026-10-05 12:14:22.477790+00:00,2026-10-05 12:14:22.477790+00:00,65.57
4605,1,1000226295,EYU3702,2026-09-28,CÂNDIDO MOTA,EYU3702,,100.0,100.0,100.0,Finalizado,6.92,1000000.0,0.0,,2,2,0,0,Filial C.M,0.1,0,0,0,,,,,,,,,,,4.1,6.33,2026-10-05 12:14:22.477790+00:00,2026-10-05 12:14:22.477790+00:00,0.1
4596,1,1000226286,EYU3376,2026-09-28,CÂNDIDO MOTA,EYU3376,,100.0,100.0,100.0,Finalizado,5098.983,1000000.0,1.0,,650,627,0,0,Filial C.M,28.33,0,0,0,,,,,,,,,,,4.44,6.33,2026-10-05 12:14:22.477790+00:00,2026-10-05 12:14:22.477790+00:00,28.33
4521,1,1000226211,EYU3710,2026-09-01,PRESIDENTE PRUDENTE,REG0008,,100.0,100.0,100.0,Finalizado,788.89,1000000.0,0.0,,254,254,0,0,Filial PPR,12.25,0,0,0,,,,,,,,,,,3.36,5.38,2026-10-05 12:14:22.477790+00:00,2026-10-05 12:14:22.477790+00:00,12.25
5006,1,1000226947,EYU3710,2026-09-01,PRESIDENTE PRUDENTE,REG0027,,100.0,100.0,100.0,Finalizado,2934.95,1000000.0,0.0,,366,300,0,0,Filial PPR,83.53,0,0,0,,,,,,,,,,,3.36,5.38,2026-10-05 12:14:22.477790+00:00,2026-10-05 12:14:22.477790+00:00,83.53
4579,1,1000226269,OUR1001,2026-09-28,CÂNDIDO MOTA,EYU3356,,100.0,100.0,100.0,Finalizado,200.87,1000000.0,0.0,,25,25,0,0,Filial C.M,8.08,0,0,0,,,,,,,,,,,4.33,6.33,2026-10-05 12:14:22.477790+00:00,2026-10-05 12:14:22.477790+00:00,8.08
4607,1,1000226297,EYU3376,2026-09-28,CÂNDIDO MOTA,EYU3376,,100.0,100.0,100.0,Finalizado,66.44999999999999,1000000.0,0.0,,15,15,0,0,Filial C.M,0.18,0,0,0,,,,,,,,,,,4.44,6.33,2026-10-05 12:14:22.477790+00:00,2026-10-05 12:14:22.477790+00:00,0.18
4610,1,1000226300,FCX9994,2026-09-28,CÂNDIDO MOTA,FCX9994,,100.0,100.0,100.0,Finalizado,332.25,1000000.0,0.0,,75,75,0,0,Filial C.M,0.17,0,0,0,,,,,,,,,,,4.6,6.33,2026-10-05 12:14:22.477790+00:00,2026-10-05 12:14:22.477790+00:00,0.17
4569,1,1000226259,CMT0006,2026-09-28,CÂNDIDO MOTA,DBC8722,,100.0,100.0,100.0,Finalizado,802.34,1000000.0,0.0,,164,164,0,0,Filial C.M,0.63,0,0,0,,,,,,,,,,,4.28,6.33,2026-10-05 12:14:22.477790+00:00,2026-10-05 12:14:22.477790+00:00,0.63
4567,1,1000226257,CMT0004,2026-09-28,CÂNDIDO MOTA,EYU3376,,100.0,100.0,100.0,Finalizado,887.74,1000000.0,0.0,,178,178,0,0,Filial C.M,18.72,0,0,0,,,,,,,,,,,4.54,6.33,2026-10-05 12:14:22.477790+00:00,2026-10-05 12:14:22.477790+00:00,18.72
4568,1,1000226258,CMT0005,2026-09-28,CÂNDIDO MOTA,GDB5855,,100.0,100.0,100.0,Finalizado,1189.9,1000000.0,0.0,,249,249,0,0,Filial C.M,28.88,0,0,0,,,,,,,,,,,4.39,6.33,2026-10-05 12:14:22.477790+00:00,2026-10-05 12:14:22.477790+00:00,28.88
4581,1,1000226271,OUR1003,2026-09-28,CÂNDIDO MOTA,EYU3705,,100.0,100.0,100.0,Finalizado,138.68,1000000.0,0.0,,20,20,0,0,Filial C.M,3.03,0,0,0,,,,,,,,,,,4.3,6.33,2026-10-05 12:14:22.477790+00:00,2026-10-05 12:14:22.477790+00:00,3.03
4609,1,1000226299,DBC8722,2026-09-28,CÂNDIDO MOTA,DBC8722,,100.0,100.0,100.0,Finalizado,110.75,1000000.0,0.0,,25,25,0,0,Filial C.M,0.28,0,0,0,,,,,,,,,,,4.63,6.33,2026-10-05 12:14:22.477790+00:00,2026-10-05 12:14:22.477790+00:00,0.28
4565,1,1000226255,CMT0002,2026-09-28,CÂNDIDO MOTA,CMT0002,,100.0,100.0,100.0,Finalizado,941.13,1000000.0,0.0,,211,211,0,0,Filial C.M,29.65,0,0,0,,,,,,,,,,,4.59,6.33,2026-10-05 12:14:22.477790+00:00,2026-10-05 12:14:22.477790+00:00,29.65
4583,1,1000226273,OUR1005,2026-09-28,CÂNDIDO MOTA,OUR1005,,100.0,100.0,100.0,Finalizado,543.6600000000001,1000000.0,0.0,,118,118,0,0,Filial C.M,20.75,0,0,0,,,,,,,,,,,4.59,6.33,2026-10-05 12:14:22.477790+00:00,2026-10-05 12:14:22.477790+00:00,20.75
4556,1,1000226246,TLH2G15,2026-09-28,MATAO,TLH2G15,,100.0,100.0,100.0,Finalizado,3594.8000000000015,1000000.0,0.0,,460,455,0,0,Filial Matão,23.32,0,0,0,,,,,,,,,,,2.31,1.32,2026-10-05 12:14:22.477790+00:00,2026-10-05 12:14:22.477790+00:00,23.32
4555,1,1000226245,FRY0B42,2026-09-28,MATAO,FRY0B42,,100.0,100.0,100.0,Finalizado,3248.1599999999994,1000000.0,0.0,,446,412,0,0,Filial Matão,19.75,0,0,0,,,,,,,,,,,1.99,1.32,2026-10-05 12:14:22.477790+00:00,2026-10-05 12:14:22.477790+00:00,19.75
4557,1,1000226247,TLQ5G22,2026-09-28,MATAO,TLQ5G22,,100.0,100.0,100.0,Finalizado,3357.770000000001,1000000.0,0.0,,471,471,0,0,Filial Matão,20.8,0,0,0,,,,,,,,,,,2.24,1.32,2026-10-05 12:14:22.477790+00:00,2026-10-05 12:14:22.477790+00:00,20.8
5230,1,1000227253,EYU3363,2026-10-01,CÂNDIDO MOTA,EYU3363,,100.0,100.0,100.0,Finalizado,5622.2300000000005,1000000.0,1.0,,580,570,0,0,Filial C.M,134.32,0,0,0,,,,,,,,,,,8.24,10.42,2026-10-05 12:14:22.477790+00:00,2026-10-05 12:14:22.477790+00:00,134.32
5073,1,1000227014,CMT0010,2026-09-30,CÂNDIDO MOTA,CMT0010,,100.0,100.0,100.0,Finalizado,2270.55,1000000.0,0.0,,268,250,0,0,Filial C.M,79.4,0,0,0,,,,,,,,,,,9.73,10.42,2026-10-05 12:14:22.477790+00:00,2026-10-05 12:14:22.477790+00:00,79.4
5154,1,1000227096,MAT0005,2026-09-30,MATAO,MAT0005,,100.0,100.0,100.0,Finalizado,6410.4,1000000.0,1.0,,660,660,0,0,Filial Matão,6.48,0,0,0,,,,,,,,,,,6.24,7.08,2026-10-05 12:14:22.477790+00:00,2026-10-05 12:14:22.477790+00:00,6.48
5087,1,1000227028,OUR1008,2026-09-30,CÂNDIDO MOTA,OUR1008,,100.0,100.0,100.0,Finalizado,566.81,1000000.0,0.0,,74,74,0,0,Filial C.M,0.95,0,0,0,,,,,,,,,,,8.24,10.42,2026-10-05 12:14:22.477790+00:00,2026-10-05 12:14:22.477790+00:00,0.95
4524,1,1000226214,EYU3373,2026-09-28,PRESIDENTE PRUDENTE,EYU3373,,100.0,100.0,100.0,Finalizado,6930.340000000002,1000000.0,1.0,,1222,1203,0,0,Filial PPR,15.05,0,0,0,,,,,,,,,,,1.72,4.12,2026-10-05 12:14:22.477790+00:00,2026-10-05 12:14:22.477790+00:00,15.05
4522,1,1000226212,TIQ0C29,2026-09-28,PRESIDENTE PRUDENTE,TIQ0C29,,100.0,100.0,100.0,Finalizado,1274.05,1000000.0,0.0,,161,127,0,0,Filial PPR,7.27,0,0,0,,,,,,,,,,,2.04,4.12,2026-10-05 12:14:22.477790+00:00,2026-10-05 12:14:22.477790+00:00,7.27
4733,1,1000226543,EYU3356,2026-09-29,CÂNDIDO MOTA,EYU3356,,100.0,100.0,100.0,Finalizado,7239.7599999999975,1000000.0,1.0,,942,920,0,0,Filial C.M,356.65,0,0,0,,,,,,,,,,,7.27,8.25,2026-10-05 12:14:22.477790+00:00,2026-10-05 12:14:22.477790+00:00,356.65
5379,1,1000227447,EYU3372,2026-10-02,CÂNDIDO MOTA,EYU3372,,100.0,100.0,100.0,Finalizado,3724.390000000002,1000000.0,0.0,,504,490,0,0,Filial C.M,16.25,0,0,0,,,,,,,,,,,7.94,7.75,2026-10-05 12:14:22.477790+00:00,2026-10-05 12:14:22.477790+00:00,16.25
4528,1,1000226218,DBC8710,2026-09-28,PRESIDENTE PRUDENTE,DBC8710,,100.0,100.0,100.0,Finalizado,6023.320000000001,1000000.0,1.0,,587,576,0,0,Filial PPR,10.65,0,0,0,,,,,,,,,,,0.86,4.12,2026-10-05 12:14:22.477790+00:00,2026-10-05 12:14:22.477790+00:00,10.65
4527,1,1000226217,TIS5C49,2026-09-28,PRESIDENTE PRUDENTE,TIS5C49,,100.0,100.0,100.0,Finalizado,4166.411999999999,1000000.0,0.0,,492,475,0,0,Filial PPR,12.48,0,0,0,,,,,,,,,,,1.38,4.12,2026-10-05 12:14:22.477790+00:00,2026-10-05 12:14:22.477790+00:00,12.48
4744,1,1000226554,DBC8725,2026-09-29,CÂNDIDO MOTA,DBC8725,,100.0,100.0,100.0,Finalizado,5843.279999999997,1000000.0,1.0,,736,721,0,0,Filial C.M,26.37,0,0,0,,,,,,,,,,,7.54,8.25,2026-10-05 12:14:22.477790+00:00,2026-10-05 12:14:22.477790+00:00,26.37
5226,1,1000227248,TLQ5G22,2026-10-01,MATAO,TLQ5G22,,100.0,100.0,100.0,Finalizado,1409.4199999999998,1000000.0,0.0,,170,165,0,0,Filial Matão,18.72,0,0,0,,,,,,,,,,,1.16,2.67,2026-10-05 12:14:22.477790+00:00,2026-10-05 12:14:22.477790+00:00,18.72
4934,1,1000226875,EYU3710,2026-09-01,PRESIDENTE PRUDENTE,REG0018,,100.0,100.0,100.0,Finalizado,514.7199999999999,1000000.0,0.0,,106,89,0,0,Filial PPR,20.7,0,0,0,,,,,,,,,,,3.36,5.38,2026-10-05 12:14:22.477790+00:00,2026-10-05 12:14:22.477790+00:00,20.7
4746,1,1000226557,TLH2G15,2026-09-29,MATAO,TLH2G15,,100.0,100.0,100.0,Finalizado,4615.999999999997,1000000.0,0.0,,471,454,0,0,Filial Matão,13.4,0,0,0,,,,,,,,,,,2.03,4.15,2026-10-05 12:14:22.477790+00:00,2026-10-05 12:14:22.477790+00:00,13.4
4730,1,1000226540,CMT0004,2026-09-29,CÂNDIDO MOTA,JUH1150,,100.0,100.0,100.0,Finalizado,4197.61,1000000.0,0.0,,605,595,0,0,Filial C.M,10.53,0,0,0,,,,,,,,,,,6.72,8.25,2026-10-05 12:14:22.477790+00:00,2026-10-05 12:14:22.477790+00:00,10.53
4741,1,1000226551,GDB5855,2026-09-29,CÂNDIDO MOTA,GDB5855,,100.0,100.0,100.0,Finalizado,7725.640000000001,1000000.0,1.0,,950,918,0,0,Filial C.M,21.88,0,0,0,,,,,,,,,,,6.21,8.25,2026-10-05 12:14:22.477790+00:00,2026-10-05 12:14:22.477790+00:00,21.88
4736,1,1000226546,EYU3370,2026-09-29,CÂNDIDO MOTA,EYU3370,,100.0,100.0,100.0,Finalizado,3123.949999999999,1000000.0,0.0,,339,331,0,0,Filial C.M,38.4,0,0,0,,,,,,,,,,,6.51,8.25,2026-10-05 12:14:22.477790+00:00,2026-10-05 12:14:22.477790+00:00,38.4
4734,1,1000226544,EYU3361,2026-09-29,CÂNDIDO MOTA,EYU3361,,100.0,100.0,100.0,Finalizado,6484.810000000001,1000000.0,1.0,,754,733,0,0,Filial C.M,343.93,0,0,0,,,,,,,,,,,7.19,8.25,2026-10-05 12:14:22.477790+00:00,2026-10-05 12:14:22.477790+00:00,343.93
4738,1,1000226548,EYU3372,2026-09-29,CÂNDIDO MOTA,EYU3372,,100.0,100.0,100.0,Finalizado,1584.17,1000000.0,0.0,,150,150,0,0,Filial C.M,27.52,0,0,0,,,,,,,,,,,6.43,8.25,2026-10-05 12:14:22.477790+00:00,2026-10-05 12:14:22.477790+00:00,27.52
4729,1,1000226539,CMT0003,2026-09-29,CÂNDIDO MOTA,CMT0003,,100.0,100.0,100.0,Finalizado,5274.820000000001,1000000.0,1.0,,866,843,0,0,Filial C.M,9.15,0,0,0,,,,,,,,,,,6.21,8.25,2026-10-05 12:14:22.477790+00:00,2026-10-05 12:14:22.477790+00:00,9.15
4721,1,1000226531,GBF4177,2026-09-29,PRESIDENTE PRUDENTE,GBF4177,,100.0,100.0,100.0,Finalizado,5786.750000000003,1000000.0,1.0,,538,479,0,0,Filial PPR,96.8,0,0,0,,,,,,,,,,,2.81,5.3,2026-10-05 12:14:22.477790+00:00,2026-10-05 12:14:22.477790+00:00,96.8
4747,1,1000226558,FPX7822,2026-09-29,MATAO,FPX7822,,100.0,100.0,100.0,Finalizado,6129.260000000002,1000000.0,1.0,,804,795,0,0,Filial Matão,23.3,0,0,0,,,,,,,,,,,1.04,4.15,2026-10-05 12:14:22.477790+00:00,2026-10-05 12:14:22.477790+00:00,23.3
4719,1,1000226529,SWS0I36,2026-09-29,PRESIDENTE PRUDENTE,SWS0I36,,100.0,100.0,100.0,Finalizado,2368.1299999999997,1000000.0,0.0,,243,222,0,0,Filial PPR,17.18,0,0,0,,,,,,,,,,,3.17,5.3,2026-10-05 12:14:22.477790+00:00,2026-10-05 12:14:22.477790+00:00,17.18
4710,1,1000226519,DBC8710,2026-09-01,PRESIDENTE PRUDENTE,REG0009,,100.0,100.0,100.0,Finalizado,3532.1500000000005,1000000.0,0.0,,318,318,0,0,Filial PPR,18.6,0,0,0,,,,,,,,,,,14.54,5.38,2026-10-05 12:14:22.477790+00:00,2026-10-05 12:14:22.477790+00:00,18.6
4742,1,1000226552,FQU8482,2026-09-29,CÂNDIDO MOTA,FQU8482,,100.0,100.0,100.0,Finalizado,3193.9700000000007,1000000.0,0.0,,453,445,0,0,Filial C.M,28.4,0,0,0,,,,,,,,,,,7.05,8.25,2026-10-05 12:14:22.477790+00:00,2026-10-05 12:14:22.477790+00:00,28.4
4537,1,1000226227,FRETE,2026-09-29,PRESIDENTE PRUDENTE,REG0011,,100.0,100.0,100.0,Finalizado,8.82,1000000.0,0.0,,7,0,0,0,Filial PPR,0.48,0,0,0,,,,,,,,,,,1.77,5.3,2026-10-05 12:14:22.477790+00:00,2026-10-05 12:14:22.477790+00:00,0.48
4735,1,1000226545,EYU3363,2026-09-29,CÂNDIDO MOTA,EYU3363,,100.0,100.0,100.0,Finalizado,6060.700000000001,1000000.0,1.0,,727,707,0,0,Filial C.M,290.73,0,0,0,,,,,,,,,,,6.6,8.25,2026-10-05 12:14:22.477790+00:00,2026-10-05 12:14:22.477790+00:00,290.73
4740,1,1000226550,EYU3703,2026-09-29,CÂNDIDO MOTA,EYU3703,,100.0,100.0,100.0,Finalizado,7917.840000000001,1000000.0,1.0,,860,837,0,0,Filial C.M,15.45,0,0,0,,,,,,,,,,,6.21,8.25,2026-10-05 12:14:22.477790+00:00,2026-10-05 12:14:22.477790+00:00,15.45
4578,1,1000226268,CMT0015,2026-09-28,CÂNDIDO MOTA,FCX9994,,100.0,100.0,100.0,Finalizado,8950.710000000003,1000000.0,1.0,,1285,927,0,0,Filial C.M,342.63,0,0,0,,,,,,,,,,,6.67,8.25,2026-10-05 12:14:22.477790+00:00,2026-10-05 12:14:22.477790+00:00,342.63
4743,1,1000226553,DBC8722,2026-09-29,CÂNDIDO MOTA,DBC8722,,100.0,100.0,100.0,Finalizado,705.3799999999999,1000000.0,0.0,,85,83,0,0,Filial C.M,47.8,0,0,0,,,,,,,,,,,7.62,8.25,2026-10-05 12:14:22.477790+00:00,2026-10-05 12:14:22.477790+00:00,47.8
4737,1,1000226547,EYU3371,2026-09-29,CÂNDIDO MOTA,EYU3371,,100.0,100.0,100.0,Finalizado,6789.450000000001,1000000.0,1.0,,778,746,0,0,Filial C.M,104.17,0,0,0,,,,,,,,,,,6.05,8.25,2026-10-05 12:14:22.477790+00:00,2026-10-05 12:14:22.477790+00:00,104.17
4570,1,1000226260,CMT0007,2026-09-28,CÂNDIDO MOTA,CMT0007,,100.0,100.0,100.0,Finalizado,10078.84,1000000.0,1.0,,1333,1333,0,0,Filial C.M,71.47,0,0,0,,,,,,,,,,,5.25,8.25,2026-10-05 12:14:22.477790+00:00,2026-10-05 12:14:22.477790+00:00,71.47
4582,1,1000226272,OUR1004,2026-09-28,CÂNDIDO MOTA,EYU3705,,100.0,100.0,100.0,Finalizado,6683.309999999999,1000000.0,1.0,,935,908,0,0,Filial C.M,17.85,0,0,0,,,,,,,,,,,6.88,8.25,2026-10-05 12:14:22.477790+00:00,2026-10-05 12:14:22.477790+00:00,17.85
4414,1,1000225970,OUR1001,2026-09-25,CÂNDIDO MOTA,EYU3372,,100.0,100.0,100.0,Finalizado,511.70000000000005,1000000.0,0.0,,65,65,0,0,Filial C.M,60.25,0,0,0,,,,,,,,,,,6.43,8.25,2026-10-05 12:14:22.477790+00:00,2026-10-05 12:14:22.477790+00:00,60.25
4577,1,1000226267,CMT0014,2026-09-28,CÂNDIDO MOTA,EYU3370,,100.0,100.0,100.0,Finalizado,3975.790000000002,1000000.0,0.0,,416,406,0,0,Filial C.M,21.15,0,0,0,,,,,,,,,,,6.3,8.25,2026-10-05 12:14:22.477790+00:00,2026-10-05 12:14:22.477790+00:00,21.15
4718,1,1000226528,TLU0J36,2026-09-29,PRESIDENTE PRUDENTE,TLU0J36,,100.0,100.0,100.0,Finalizado,2756.4400000000005,1000000.0,0.0,,283,262,0,0,Filial PPR,17.58,0,0,0,,,,,,,,,,,0.96,5.3,2026-10-05 12:14:22.477790+00:00,2026-10-05 12:14:22.477790+00:00,17.58
4748,1,1000226559,FJP8891,2026-09-29,MATAO,FJP8891,,100.0,100.0,100.0,Finalizado,6148.719999999998,1000000.0,1.0,,590,576,0,0,Filial Matão,23.1,0,0,0,,,,,,,,,,,1.71,4.15,2026-10-05 12:14:22.477790+00:00,2026-10-05 12:14:22.477790+00:00,23.1
4518,1,1000226208,FRD4931,2026-09-28,PRESIDENTE PRUDENTE,REG0005,,100.0,100.0,100.0,Finalizado,3386.7799999999997,1000000.0,0.0,,334,312,0,0,Filial PPR,43.37,0,0,0,,,,,,,,,,,14.63,5.3,2026-10-05 12:14:22.477790+00:00,2026-10-05 12:14:22.477790+00:00,43.37
5092,1,1000227033,EYU3371,2026-09-30,CÂNDIDO MOTA,EYU3371,,100.0,100.0,100.0,Finalizado,6353.010000000001,1000000.0,1.0,,722,693,0,0,Filial C.M,63.37,0,0,0,,,,,,,,,,,7.13,7.9,2026-10-05 12:14:22.477790+00:00,2026-10-05 12:14:22.477790+00:00,63.37
5216,1,1000227234,EYU3711,2026-10-01,PRESIDENTE PRUDENTE,EYU3711,,100.0,100.0,100.0,Finalizado,4493.909999999999,1000000.0,0.0,,576,565,0,0,Filial PPR,34.57,0,0,0,,,,,,,,,,,4.31,5.38,2026-10-05 12:14:22.477790+00:00,2026-10-05 12:14:22.477790+00:00,34.57
4516,1,1000226206,TIS5C49,2026-09-29,PRESIDENTE PRUDENTE,REG0003,,100.0,100.0,100.0,Finalizado,4596.73,1000000.0,0.0,,415,411,0,0,Filial PPR,101.25,0,0,0,,,,,,,,,,,16.33,5.3,2026-10-05 12:14:22.477790+00:00,2026-10-05 12:14:22.477790+00:00,101.25
4517,1,1000226207,DBC8710,2026-09-28,PRESIDENTE PRUDENTE,REG0004,,100.0,100.0,100.0,Finalizado,5559.789999999999,1000000.0,1.0,,462,461,0,0,Filial PPR,8.1,0,0,0,,,,,,,,,,,14.13,5.3,2026-10-05 12:14:22.477790+00:00,2026-10-05 12:14:22.477790+00:00,8.1
5072,1,1000227013,CMT0009,2026-09-30,CÂNDIDO MOTA,FCX9994,,100.0,100.0,100.0,Finalizado,8111.62,1000000.0,1.0,,1281,1274,0,0,Filial C.M,8.57,0,0,0,,,,,,,,,,,5.98,10.42,2026-10-05 12:14:22.477790+00:00,2026-10-05 12:14:22.477790+00:00,8.57
4519,1,1000226209,FRETE,2026-09-29,PRESIDENTE PRUDENTE,REG0006,,100.0,100.0,100.0,Finalizado,2493.219999999999,1000000.0,0.0,,191,170,0,0,Filial PPR,12.25,0,0,0,,,,,,,,,,,1.77,5.3,2026-10-05 12:14:22.477790+00:00,2026-10-05 12:14:22.477790+00:00,12.25
5074,1,1000227015,CMT0011,2026-09-30,CÂNDIDO MOTA,CMT0011,,100.0,100.0,100.0,Finalizado,723.5899999999999,1000000.0,0.0,,98,83,0,0,Filial C.M,128.28,0,0,0,,,,,,,,,,,8.24,10.42,2026-10-05 12:14:22.477790+00:00,2026-10-05 12:14:22.477790+00:00,128.28
5099,1,1000227040,FCX9994,2026-09-30,CÂNDIDO MOTA,FCX9994,,100.0,100.0,100.0,Finalizado,8353.699999999995,1000000.0,1.0,,896,883,0,0,Filial C.M,27.17,0,0,0,,,,,,,,,,,6.45,7.9,2026-10-05 12:14:22.477790+00:00,2026-10-05 12:14:22.477790+00:00,27.17
5217,1,1000227235,TIS5C49,2026-10-01,PRESIDENTE PRUDENTE,TIS5C49,,100.0,100.0,100.0,Finalizado,4428.73,1000000.0,0.0,,529,493,0,0,Filial PPR,29.02,0,0,0,,,,,,,,,,,3.88,5.38,2026-10-05 12:14:22.477790+00:00,2026-10-05 12:14:22.477790+00:00,29.02
4745,1,1000226556,MAT0001,2026-09-29,MATAO,MAT0001,,100.0,100.0,100.0,Finalizado,4724.070000000001,1000000.0,0.0,,558,554,0,0,Filial Matão,3.3,0,0,0,,,,,,,,,,,1.55,4.15,2026-10-05 12:14:22.477790+00:00,2026-10-05 12:14:22.477790+00:00,3.3
4720,1,1000226530,EYU3711,2026-09-29,PRESIDENTE PRUDENTE,EYU3711,,100.0,100.0,100.0,Finalizado,4667.729999999997,1000000.0,0.0,,419,401,0,0,Filial PPR,43.0,0,0,0,,,,,,,,,,,2.91,5.3,2026-10-05 12:14:22.477790+00:00,2026-10-05 12:14:22.477790+00:00,43.0
5377,1,1000227445,EYU3370,2026-10-02,CÂNDIDO MOTA,EYU3370,,100.0,100.0,100.0,Finalizado,6182.83,1000000.0,1.0,,606,572,0,0,Filial C.M,36.03,0,0,0,,,,,,,,,,,8.15,7.75,2026-10-05 12:14:22.477790+00:00,2026-10-05 12:14:22.477790+00:00,36.03
5378,1,1000227446,EYU3371,2026-10-02,CÂNDIDO MOTA,EYU3371,,100.0,100.0,100.0,Finalizado,5461.47,1000000.0,1.0,,666,631,0,0,Filial C.M,14.23,0,0,0,,,,,,,,,,,8.09,7.75,2026-10-05 12:14:22.477790+00:00,2026-10-05 12:14:22.477790+00:00,14.23
5227,1,1000227249,CMT0002,2026-10-01,CÂNDIDO MOTA,EYU3702,,100.0,100.0,100.0,Finalizado,4497.66,1000000.0,0.0,,462,453,0,0,Filial C.M,96.77,0,0,0,,,,,,,,,,,6.84,7.75,2026-10-05 12:14:22.477790+00:00,2026-10-05 12:14:22.477790+00:00,96.77
5410,1,1000227478,TIQ8B37,2026-10-02,MATAO,TIQ8B37,,100.0,100.0,100.0,Finalizado,1525.17,1000000.0,0.0,,172,161,0,0,Filial Matão,15.93,0,0,0,,,,,,,,,,,0.93,1.68,2026-10-05 12:14:22.477790+00:00,2026-10-05 12:14:22.477790+00:00,15.93
4713,1,1000226522,EYU3710,2026-09-29,PRESIDENTE PRUDENTE,EYU3710,,100.0,100.0,100.0,Finalizado,7286.750000000002,1000000.0,1.0,,744,739,0,0,Filial PPR,13.88,0,0,0,,,,,,,,,,,2.3,5.3,2026-10-05 12:14:22.477790+00:00,2026-10-05 12:14:22.477790+00:00,13.88
4575,1,1000226265,CMT0012,2026-09-28,CÂNDIDO MOTA,EYU3363,,100.0,100.0,100.0,Finalizado,8666.350000000002,1000000.0,1.0,,1221,1200,0,0,Filial C.M,29.93,0,0,0,,,,,,,,,,,4.29,7.9,2026-10-05 12:14:22.477790+00:00,2026-10-05 12:14:22.477790+00:00,29.93
5156,1,1000227098,CMT0018,2026-09-30,CÂNDIDO MOTA,CMT0018,,100.0,100.0,100.0,Finalizado,2959.3199999999983,1000000.0,0.0,,318,314,0,0,Filial C.M,198.3,0,0,0,,,,,,,,,,,9.39,10.42,2026-10-05 12:14:22.477790+00:00,2026-10-05 12:14:22.477790+00:00,198.3
5076,1,1000227017,CMT0013,2026-09-30,CÂNDIDO MOTA,EYU3372,,100.0,100.0,100.0,Finalizado,7926.130000000002,1000000.0,1.0,,866,822,0,0,Filial C.M,5.77,0,0,0,,,,,,,,,,,6.14,10.42,2026-10-05 12:14:22.477790+00:00,2026-10-05 12:14:22.477790+00:00,5.77
4418,1,1000225974,OUR1005,2026-09-25,CÂNDIDO MOTA,GDB5855,,100.0,100.0,100.0,Finalizado,687.6600000000001,1000000.0,0.0,,75,75,0,0,Filial C.M,2.43,0,0,0,,,,,,,,,,,2.9,7.9,2026-10-05 12:14:22.477790+00:00,2026-10-05 12:14:22.477790+00:00,2.43
5075,1,1000227016,CMT0012,2026-09-30,CÂNDIDO MOTA,EYU3356,,100.0,100.0,100.0,Finalizado,8092.870000000001,1000000.0,1.0,,959,943,0,0,Filial C.M,67.95,0,0,0,,,,,,,,,,,5.5,10.42,2026-10-05 12:14:22.477790+00:00,2026-10-05 12:14:22.477790+00:00,67.95
5157,1,1000227099,CMT0019,2026-09-30,CÂNDIDO MOTA,CMT0019,,100.0,100.0,100.0,Finalizado,633.66,1000000.0,0.0,,103,103,0,0,Filial C.M,0.27,0,0,0,,,,,,,,,,,9.39,10.42,2026-10-05 12:14:22.477790+00:00,2026-10-05 12:14:22.477790+00:00,0.27
5080,1,1000227021,CMT0017,2026-09-30,CÂNDIDO MOTA,CMT0017,,100.0,100.0,100.0,Finalizado,4529.039999999999,1000000.0,0.0,,500,496,0,0,Filial C.M,98.07,0,0,0,,,,,,,,,,,5.3,10.42,2026-10-05 12:14:22.477790+00:00,2026-10-05 12:14:22.477790+00:00,98.07
5380,1,1000227448,EYU3703,2026-10-02,CÂNDIDO MOTA,EYU3703,,100.0,100.0,100.0,Finalizado,6072.140000000001,1000000.0,1.0,,726,686,0,0,Filial C.M,70.67,0,0,0,,,,,,,,,,,7.52,7.75,2026-10-05 12:14:22.477790+00:00,2026-10-05 12:14:22.477790+00:00,70.67
5088,1,1000227029,OUR1009,2026-09-30,CÂNDIDO MOTA,OUR1009,,100.0,100.0,100.0,Finalizado,708.25,1000000.0,0.0,,25,25,0,0,Filial C.M,0.73,0,0,0,,,,,,,,,,,7.42,10.42,2026-10-05 12:14:22.477790+00:00,2026-10-05 12:14:22.477790+00:00,0.73
5078,1,1000227019,CMT0015,2026-09-30,CÂNDIDO MOTA,CMT0015,,100.0,100.0,100.0,Finalizado,6084.349999999999,1000000.0,1.0,,977,963,0,0,Filial C.M,25.32,0,0,0,,,,,,,,,,,5.3,10.42,2026-10-05 12:14:22.477790+00:00,2026-10-05 12:14:22.477790+00:00,25.32
4821,1,1000226659,REG0016,2026-09-30,PRESIDENTE PRUDENTE,REG0016,,100.0,100.0,100.0,Finalizado,3484.3101000000006,1000000.0,0.0,,631,277,0,0,Filial PPR,26.47,0,0,0,,,,,,,,,,,4.11,5.35,2026-10-05 12:14:22.477790+00:00,2026-10-05 12:14:22.477790+00:00,26.47
4430,1,1000225986,CMT0024,2026-09-25,CÂNDIDO MOTA,EYU3372,,100.0,100.0,100.0,Finalizado,2145.2,1000000.0,0.0,,325,325,0,0,Filial C.M,1.67,0,0,0,,,,,,,,,,,4.65,7.9,2026-10-05 12:14:22.477790+00:00,2026-10-05 12:14:22.477790+00:00,1.67
4731,1,1000226541,CMT0006,2026-09-29,CÂNDIDO MOTA,EYU3361,,100.0,100.0,100.0,Finalizado,7692.010000000002,1000000.0,1.0,,949,909,0,0,Filial C.M,67.37,0,0,0,,,,,,,,,,,3.49,7.9,2026-10-05 12:14:22.477790+00:00,2026-10-05 12:14:22.477790+00:00,67.37
5235,1,1000227258,EYU3376,2026-10-01,CÂNDIDO MOTA,EYU3376,,100.0,100.0,100.0,Finalizado,2885.5800000000004,1000000.0,0.0,,365,332,0,0,Filial C.M,123.57,0,0,0,,,,,,,,,,,7.09,10.42,2026-10-05 12:14:22.477790+00:00,2026-10-05 12:14:22.477790+00:00,123.57
5381,1,1000227449,EYU3705,2026-10-02,CÂNDIDO MOTA,EYU3705,,100.0,100.0,100.0,Finalizado,3298.1299999999997,1000000.0,0.0,,392,375,0,0,Filial C.M,61.57,0,0,0,,,,,,,,,,,7.52,7.75,2026-10-05 12:14:22.477790+00:00,2026-10-05 12:14:22.477790+00:00,61.57
4566,1,1000226256,CMT0003,2026-09-28,CÂNDIDO MOTA,EYU3356,,100.0,100.0,100.0,Finalizado,865.04,1000000.0,0.0,,177,177,0,0,Filial C.M,1.85,0,0,0,,,,,,,,,,,4.62,7.9,2026-10-05 12:14:22.477790+00:00,2026-10-05 12:14:22.477790+00:00,1.85
4520,1,1000226210,FRETE,2026-09-30,PRESIDENTE PRUDENTE,REG0007,,100.0,100.0,100.0,Finalizado,2006.6399999999994,1000000.0,0.0,,142,135,0,0,Filial PPR,3.6,0,0,0,,,,,,,,,,,1.35,5.35,2026-10-05 12:14:22.477790+00:00,2026-10-05 12:14:22.477790+00:00,3.6
4515,1,1000226205,FRETE,2026-10-01,PRESIDENTE PRUDENTE,REG0002,,100.0,100.0,100.0,Finalizado,2072.5200000000004,1000000.0,0.0,,239,223,0,0,Filial PPR,18.2,0,0,0,,,,,,,,,,,0.7,5.38,2026-10-05 12:14:22.477790+00:00,2026-10-05 12:14:22.477790+00:00,18.2
5067,1,1000227008,CMT0004,2026-09-30,CÂNDIDO MOTA,CMT0004,,100.0,100.0,100.0,Finalizado,3705.0199999999995,1000000.0,0.0,,478,478,0,0,Filial C.M,99.98,0,0,0,,,,,,,,,,,7.09,10.42,2026-10-05 12:14:22.477790+00:00,2026-10-05 12:14:22.477790+00:00,99.98
4706,1,1000226515,DBC8710,2026-09-30,PRESIDENTE PRUDENTE,REG0005,,100.0,100.0,100.0,Finalizado,6153.18,1000000.0,1.0,,1019,678,0,0,Filial PPR,26.17,0,0,0,,,,,,,,,,,2.15,5.35,2026-10-05 12:14:22.477790+00:00,2026-10-05 12:14:22.477790+00:00,26.17
4728,1,1000226538,CMT0002,2026-09-29,CÂNDIDO MOTA,EYU3703,,100.0,100.0,100.0,Finalizado,6626.049999999998,1000000.0,1.0,,764,755,0,0,Filial C.M,45.35,0,0,0,,,,,,,,,,,3.38,7.9,2026-10-05 12:14:22.477790+00:00,2026-10-05 12:14:22.477790+00:00,45.35
4685,1,1000226463,FPW9199,2026-09-30,PRESIDENTE PRUDENTE,REG0002,,100.0,100.0,100.0,Finalizado,6543.840000000002,1000000.0,1.0,,565,559,0,0,Filial PPR,13.05,0,0,0,,,,,,,,,,,13.02,5.35,2026-10-05 12:14:22.477790+00:00,2026-10-05 12:14:22.477790+00:00,13.05
5007,1,1000226948,EYU3711,2026-09-01,PRESIDENTE PRUDENTE,REG0028,,100.0,100.0,100.0,Finalizado,1695.6499999999999,1000000.0,0.0,,203,203,0,0,Filial PPR,17.92,0,0,0,,,,,,,,,,,4.31,5.38,2026-10-05 12:14:22.477790+00:00,2026-10-05 12:14:22.477790+00:00,17.92
4536,1,1000226226,FPW9199,2026-09-30,PRESIDENTE PRUDENTE,REG0010,,100.0,100.0,100.0,Finalizado,404.96000000000004,1000000.0,0.0,,86,86,0,0,Filial PPR,10.03,0,0,0,,,,,,,,,,,13.02,5.35,2026-10-05 12:14:22.477790+00:00,2026-10-05 12:14:22.477790+00:00,10.03
5066,1,1000227007,FJP8891,2026-09-30,MATAO,FJP8891,,100.0,100.0,100.0,Finalizado,1991.51,1000000.0,0.0,,241,226,0,0,Filial Matão,24.82,0,0,0,,,,,,,,,,,2.28,3.32,2026-10-05 12:14:22.477790+00:00,2026-10-05 12:14:22.477790+00:00,24.82
5382,1,1000227450,FQU8482,2026-10-02,CÂNDIDO MOTA,FQU8482,,100.0,100.0,100.0,Finalizado,1892.9599999999996,1000000.0,0.0,,242,235,0,0,Filial C.M,83.7,0,0,0,,,,,,,,,,,7.72,7.75,2026-10-05 12:14:22.477790+00:00,2026-10-05 12:14:22.477790+00:00,83.7
5014,1,1000226955,DBC8710,2026-09-03,PRESIDENTE PRUDENTE,REG0035,,100.0,100.0,100.0,Finalizado,163.51999999999998,1000000.0,0.0,,13,13,0,0,Igor S.,0.98,0,0,0,,,,,,,,,,,1.28,2.0,2026-10-05 12:14:22.477790+00:00,2026-10-05 12:14:22.477790+00:00,0.98
5020,1,1000226961,FRD4931,2026-09-30,PRESIDENTE PRUDENTE,FRD4931,,100.0,100.0,100.0,Finalizado,2901.8700000000003,1000000.0,0.0,,342,292,0,0,Filial PPR,57.63,0,0,0,,,,,,,,,,,3.39,5.35,2026-10-05 12:14:22.477790+00:00,2026-10-05 12:14:22.477790+00:00,57.63
5064,1,1000227005,FRY0B42,2026-09-30,MATAO,FRY0B42,,100.0,100.0,100.0,Finalizado,4194.089999999999,1000000.0,0.0,,604,431,0,0,Filial Matão,36.4,0,0,0,,,,,,,,,,,1.82,3.32,2026-10-05 12:14:22.477790+00:00,2026-10-05 12:14:22.477790+00:00,36.4
4828,1,1000226683,TIQ0C29,2026-10-01,PRESIDENTE PRUDENTE,REG0012,,100.0,100.0,100.0,Finalizado,1041.33,1000000.0,0.0,,119,117,0,0,Filial PPR,5.13,0,0,0,,,,,,,,,,,4.3,5.38,2026-10-05 12:14:22.477790+00:00,2026-10-05 12:14:22.477790+00:00,5.13
5160,1,1000227102,OUR1010,2026-09-30,CÂNDIDO MOTA,FQU8482,,100.0,100.0,100.0,Finalizado,600.2299999999999,1000000.0,0.0,,251,11,0,0,Filial C.M,0.8,0,0,0,,,,,,,,,,,6.72,7.75,2026-10-05 12:14:22.477790+00:00,2026-10-05 12:14:22.477790+00:00,0.8
5383,1,1000227451,DBC8725,2026-10-02,CÂNDIDO MOTA,DBC8725,,100.0,100.0,100.0,Finalizado,4719.32,1000000.0,0.0,,578,559,0,0,Filial C.M,20.73,0,0,0,,,,,,,,,,,6.33,7.75,2026-10-05 12:14:22.477790+00:00,2026-10-05 12:14:22.477790+00:00,20.73
5237,1,1000227260,CMT0003,2026-10-01,CÂNDIDO MOTA,EYU3363,,100.0,100.0,100.0,Finalizado,2247.120000000001,1000000.0,0.0,,231,231,0,0,Filial C.M,70.05,0,0,0,,,,,,,,,,,6.52,7.75,2026-10-05 12:14:22.477790+00:00,2026-10-05 12:14:22.477790+00:00,70.05
5411,1,1000227479,MAT0001,2026-10-02,MATAO,MAT0001,,100.0,100.0,100.0,Finalizado,1621.5699999999997,1000000.0,0.0,,173,167,0,0,Filial Matão,13.53,0,0,0,,,,,,,,,,,1.28,1.68,2026-10-05 12:14:22.477790+00:00,2026-10-05 12:14:22.477790+00:00,13.53
5384,1,1000227452,FCX9994,2026-10-02,CÂNDIDO MOTA,FCX9994,,100.0,100.0,100.0,Finalizado,7011.19,1000000.0,1.0,,753,748,0,0,Filial C.M,96.78,0,0,0,,,,,,,,,,,7.57,7.75,2026-10-05 12:14:22.477790+00:00,2026-10-05 12:14:22.477790+00:00,96.78
5021,1,1000226962,TIS5C49,2026-09-30,PRESIDENTE PRUDENTE,TIS5C49,,100.0,100.0,100.0,Finalizado,4166.29,1000000.0,0.0,,460,387,0,0,Filial PPR,13.27,0,0,0,,,,,,,,,,,2.43,5.35,2026-10-05 12:14:22.477790+00:00,2026-10-05 12:14:22.477790+00:00,13.27
5018,1,1000226959,EYU3373,2026-09-30,PRESIDENTE PRUDENTE,EYU3373,,100.0,100.0,100.0,Finalizado,1724.8999999999999,1000000.0,0.0,,195,173,0,0,Filial PPR,45.73,0,0,0,,,,,,,,,,,4.11,5.35,2026-10-05 12:14:22.477790+00:00,2026-10-05 12:14:22.477790+00:00,45.73
5082,1,1000227023,OUR1002,2026-09-30,CÂNDIDO MOTA,OUR1002,,100.0,100.0,100.0,Finalizado,4405.799999999999,1000000.0,0.0,,672,672,0,0,Filial C.M,45.55,0,0,0,,,,,,,,,,,6.68,10.42,2026-10-05 12:14:22.477790+00:00,2026-10-05 12:14:22.477790+00:00,45.55
5371,1,1000227439,FRD4931,2026-10-02,PRESIDENTE PRUDENTE,FRD4931,,100.0,100.0,100.0,Finalizado,3035.2200000000003,1000000.0,0.0,,285,262,0,0,Igor S.,29.53,0,0,0,,,,,,,,,,,12.68,2.0,2026-10-05 12:14:22.477790+00:00,2026-10-05 12:14:22.477790+00:00,29.53
5010,1,1000226951,EYU3373,2026-09-03,PRESIDENTE PRUDENTE,REG0031,,100.0,100.0,100.0,Finalizado,3412.35,1000000.0,0.0,,315,299,0,0,Igor S.,7.1,0,0,0,,,,,,,,,,,0.85,2.0,2026-10-05 12:14:22.477790+00:00,2026-10-05 12:14:22.477790+00:00,7.1
5412,1,1000227480,FRY0B42,2026-10-02,MATAO,FRY0B42,,100.0,100.0,100.0,Finalizado,1845.15,1000000.0,0.0,,195,190,0,0,Filial Matão,10.43,0,0,0,,,,,,,,,,,1.1,1.68,2026-10-05 12:14:22.477790+00:00,2026-10-05 12:14:22.477790+00:00,10.43
5370,1,1000227438,EYU3373,2026-10-02,PRESIDENTE PRUDENTE,EYU3373,,100.0,100.0,100.0,Finalizado,2560.88,1000000.0,0.0,,228,211,0,0,Igor S.,15.85,0,0,0,,,,,,,,,,,0.85,2.0,2026-10-05 12:14:22.477790+00:00,2026-10-05 12:14:22.477790+00:00,15.85
5372,1,1000227440,DBC8710,2026-10-02,PRESIDENTE PRUDENTE,DBC8710,,100.0,100.0,100.0,Finalizado,4571.98,1000000.0,0.0,,437,413,0,0,Igor S.,18.87,0,0,0,,,,,,,,,,,1.28,2.0,2026-10-05 12:14:22.477790+00:00,2026-10-05 12:14:22.477790+00:00,18.87
5013,1,1000226954,TLU0J36,2026-09-03,PRESIDENTE PRUDENTE,REG0034,,100.0,100.0,100.0,Finalizado,679.6499999999999,1000000.0,0.0,,69,69,0,0,Igor S.,1.67,0,0,0,,,,,,,,,,,1.5,2.0,2026-10-05 12:14:22.477790+00:00,2026-10-05 12:14:22.477790+00:00,1.67
5369,1,1000227437,TLU0J36,2026-10-02,PRESIDENTE PRUDENTE,TLU0J36,,100.0,100.0,100.0,Finalizado,2752.2499999999995,1000000.0,0.0,,270,268,0,0,Igor S.,18.95,0,0,0,,,,,,,,,,,1.5,2.0,2026-10-05 12:14:22.477790+00:00,2026-10-05 12:14:22.477790+00:00,18.95
5001,1,1000226942,TIQ9D89,2026-09-03,PRESIDENTE PRUDENTE,REG0016,,100.0,100.0,100.0,Finalizado,440.17999999999995,1000000.0,0.0,,39,21,0,0,Igor S.,9.77,0,0,0,,,,,,,,,,,1.73,2.0,2026-10-05 12:14:22.477790+00:00,2026-10-05 12:14:22.477790+00:00,9.77
5005,1,1000226946,DBC8710,2026-09-01,PRESIDENTE PRUDENTE,REG0026,,100.0,100.0,100.0,Finalizado,2877.27,1000000.0,0.0,,330,323,0,0,Filial PPR,13.53,0,0,0,,,,,,,,,,,14.54,5.38,2026-10-05 12:14:22.477790+00:00,2026-10-05 12:14:22.477790+00:00,13.53
5019,1,1000226960,EYU3711,2026-09-30,PRESIDENTE PRUDENTE,EYU3711,,100.0,100.0,100.0,Finalizado,5393.880000000003,1000000.0,1.0,,530,485,0,0,Filial PPR,25.07,0,0,0,,,,,,,,,,,3.58,5.35,2026-10-05 12:14:22.477790+00:00,2026-10-05 12:14:22.477790+00:00,25.07
5071,1,1000227012,CMT0008,2026-09-30,CÂNDIDO MOTA,CMT0008,,100.0,100.0,100.0,Finalizado,211.22000000000003,1000000.0,0.0,,23,23,0,0,Filial C.M,0.4,0,0,0,,,,,,,,,,,7.09,10.42,2026-10-05 12:14:22.477790+00:00,2026-10-05 12:14:22.477790+00:00,0.4
5061,1,1000227002,MAT0004,2026-09-30,MATAO,MAT0004,,100.0,100.0,100.0,Finalizado,179.76,1000000.0,0.0,,14,14,0,0,Filial Matão,0.42,0,0,0,,,,,,,,,,,6.61,7.08,2026-10-05 12:14:22.477790+00:00,2026-10-05 12:14:22.477790+00:00,0.42
5058,1,1000226999,MAT0001,2026-09-30,MATAO,MAT0001,,100.0,100.0,100.0,Finalizado,728.4800000000001,1000000.0,0.0,,83,81,0,0,Filial Matão,6.7,0,0,0,,,,,,,,,,,6.95,7.08,2026-10-05 12:14:22.477790+00:00,2026-10-05 12:14:22.477790+00:00,6.7
5062,1,1000227003,MAT0005,2026-09-30,MATAO,MAT0005,,100.0,100.0,100.0,Finalizado,1015.7500000000005,1000000.0,0.0,,141,141,0,0,Filial Matão,19.48,0,0,0,,,,,,,,,,,6.53,7.08,2026-10-05 12:14:22.477790+00:00,2026-10-05 12:14:22.477790+00:00,19.48
5059,1,1000227000,MAT0002,2026-09-30,MATAO,MAT0002,,100.0,100.0,100.0,Finalizado,1093.7600000000002,1000000.0,0.0,,100,92,0,0,Filial Matão,6.08,0,0,0,,,,,,,,,,,6.74,7.08,2026-10-05 12:14:22.477790+00:00,2026-10-05 12:14:22.477790+00:00,6.08
5063,1,1000227004,MAT0006,2026-09-30,MATAO,MAT0006,,100.0,100.0,100.0,Finalizado,322.77,1000000.0,0.0,,34,34,0,0,Filial Matão,2.32,0,0,0,,,,,,,,,,,6.46,7.08,2026-10-05 12:14:22.477790+00:00,2026-10-05 12:14:22.477790+00:00,2.32
5060,1,1000227001,MAT0003,2026-09-30,MATAO,MAT0003,,100.0,100.0,100.0,Finalizado,1082.4799999999998,1000000.0,0.0,,179,173,0,0,Filial Matão,8.52,0,0,0,,,,,,,,,,,6.66,7.08,2026-10-05 12:14:22.477790+00:00,2026-10-05 12:14:22.477790+00:00,8.52
5079,1,1000227020,CMT0016,2026-09-30,CÂNDIDO MOTA,EYU3356,,100.0,100.0,100.0,Finalizado,352.78,1000000.0,0.0,,73,38,0,0,Filial C.M,78.1,0,0,0,,,,,,,,,,,5.5,10.42,2026-10-05 12:14:22.477790+00:00,2026-10-05 12:14:22.477790+00:00,78.1
5065,1,1000227006,TLH2G15,2026-09-30,MATAO,TLH2G15,,100.0,100.0,100.0,Finalizado,4135.589999999999,1000000.0,0.0,,440,433,0,0,Filial Matão,16.67,0,0,0,,,,,,,,,,,2.24,3.32,2026-10-05 12:14:22.477790+00:00,2026-10-05 12:14:22.477790+00:00,16.67
5223,1,1000227243,MAT0002,2026-10-01,MATAO,MAT0002,,100.0,100.0,100.0,Finalizado,840.7999999999997,1000000.0,0.0,,112,111,0,0,Filial Matão,16.03,0,0,0,,,,,,,,,,,0.91,1.68,2026-10-05 12:14:22.477790+00:00,2026-10-05 12:14:22.477790+00:00,16.03
5232,1,1000227255,EYU3702,2026-10-01,CÂNDIDO MOTA,EYU3702,,100.0,100.0,100.0,Finalizado,2962.45,1000000.0,0.0,,330,322,0,0,Filial C.M,68.17,0,0,0,,,,,,,,,,,9.73,10.42,2026-10-05 12:14:22.477790+00:00,2026-10-05 12:14:22.477790+00:00,68.17
5085,1,1000227026,OUR1005,2026-09-30,CÂNDIDO MOTA,OUR1005,,100.0,100.0,100.0,Finalizado,385.2,1000000.0,0.0,,30,30,0,0,Filial C.M,0.35,0,0,0,,,,,,,,,,,6.68,10.42,2026-10-05 12:14:22.477790+00:00,2026-10-05 12:14:22.477790+00:00,0.35
5234,1,1000227257,EYU3705,2026-10-01,CÂNDIDO MOTA,EYU3705,,100.0,100.0,100.0,Finalizado,3295.5400000000004,1000000.0,0.0,,390,372,0,0,Filial C.M,61.13,0,0,0,,,,,,,,,,,7.42,10.42,2026-10-05 12:14:22.477790+00:00,2026-10-05 12:14:22.477790+00:00,61.13
5236,1,1000227259,FQU8482,2026-10-01,CÂNDIDO MOTA,FQU8482,,100.0,100.0,100.0,Finalizado,2933.840000000001,1000000.0,0.0,,300,265,0,0,Filial C.M,138.05,0,0,0,,,,,,,,,,,8.8,10.42,2026-10-05 12:14:22.477790+00:00,2026-10-05 12:14:22.477790+00:00,138.05
5228,1,1000227251,FDS1225,2026-10-01,CÂNDIDO MOTA,FDS1225,,100.0,100.0,100.0,Finalizado,2486.5200000000004,1000000.0,0.0,,348,325,0,0,Filial C.M,55.78,0,0,0,,,,,,,,,,,6.68,10.42,2026-10-05 12:14:22.477790+00:00,2026-10-05 12:14:22.477790+00:00,55.78
5233,1,1000227256,EYU3703,2026-10-01,CÂNDIDO MOTA,EYU3703,,100.0,100.0,100.0,Finalizado,3516.1701000000007,1000000.0,0.0,,468,458,0,0,Filial C.M,208.33,0,0,0,,,,,,,,,,,9.39,10.42,2026-10-05 12:14:22.477790+00:00,2026-10-05 12:14:22.477790+00:00,208.33
4822,1,1000226660,REG0017,2026-09-30,PRESIDENTE PRUDENTE,REG0017,,100.0,100.0,100.0,Finalizado,1363.07,1000000.0,0.0,,173,109,0,0,Filial PPR,28.97,0,0,0,,,,,,,,,,,4.11,5.35,2026-10-05 12:14:22.477790+00:00,2026-10-05 12:14:22.477790+00:00,28.97
5086,1,1000227027,OUR1007,2026-09-30,CÂNDIDO MOTA,DBC8725,,100.0,100.0,100.0,Finalizado,657.4,1000000.0,0.0,,70,70,0,0,Filial C.M,23.08,0,0,0,,,,,,,,,,,6.33,7.75,2026-10-05 12:14:22.477790+00:00,2026-10-05 12:14:22.477790+00:00,23.08
5159,1,1000227101,OUR1006,2026-09-30,CÂNDIDO MOTA,OUR1006,,100.0,100.0,100.0,Finalizado,561.8799999999999,1000000.0,0.0,,65,65,0,0,Filial C.M,10.87,0,0,0,,,,,,,,,,,10.85,10.42,2026-10-05 12:14:22.477790+00:00,2026-10-05 12:14:22.477790+00:00,10.87
5093,1,1000227034,EYU3372,2026-09-30,CÂNDIDO MOTA,EYU3372,,100.0,100.0,100.0,Finalizado,864.5999999999999,1000000.0,0.0,,165,153,0,0,Filial C.M,96.65,0,0,0,,,,,,,,,,,7.54,7.9,2026-10-05 12:14:22.477790+00:00,2026-10-05 12:14:22.477790+00:00,96.65
5096,1,1000227037,EYU3376,2026-09-30,CÂNDIDO MOTA,EYU3376,,100.0,100.0,100.0,Finalizado,226.64,1000000.0,0.0,,8,8,0,0,Filial C.M,0.18,0,0,0,,,,,,,,,,,6.61,7.9,2026-10-05 12:14:22.477790+00:00,2026-10-05 12:14:22.477790+00:00,0.18
5097,1,1000227038,FQU8482,2026-09-30,CÂNDIDO MOTA,FQU8482,,100.0,100.0,100.0,Finalizado,2855.1700000000005,1000000.0,0.0,,429,353,0,0,Filial C.M,26.47,0,0,0,,,,,,,,,,,6.57,7.9,2026-10-05 12:14:22.477790+00:00,2026-10-05 12:14:22.477790+00:00,26.47
5375,1,1000227443,FDS1225,2026-10-02,CÂNDIDO MOTA,FDS1225,,100.0,100.0,100.0,Finalizado,6499.425100000001,1000000.0,1.0,,724,676,0,0,Filial C.M,113.88,0,0,0,,,,,,,,,,,8.55,7.75,2026-10-05 12:14:22.477790+00:00,2026-10-05 12:14:22.477790+00:00,113.88
4823,1,1000226661,REG0018,2026-09-30,PRESIDENTE PRUDENTE,REG0018,,100.0,100.0,100.0,Finalizado,44.800000000000004,1000000.0,0.0,,10,10,0,0,Filial PPR,0.17,0,0,0,,,,,,,,,,,4.11,5.35,2026-10-05 12:14:22.477790+00:00,2026-10-05 12:14:22.477790+00:00,0.17
5095,1,1000227036,EYU3705,2026-09-30,CÂNDIDO MOTA,EYU3705,,100.0,100.0,100.0,Finalizado,7925.76,1000000.0,1.0,,926,918,0,0,Filial C.M,70.27,0,0,0,,,,,,,,,,,7.54,7.9,2026-10-05 12:14:22.477790+00:00,2026-10-05 12:14:22.477790+00:00,70.27
5081,1,1000227022,OUR1001,2026-09-30,CÂNDIDO MOTA,OUR1001,,100.0,100.0,100.0,Finalizado,7269.09,1000000.0,1.0,,819,775,0,0,Filial C.M,16.42,0,0,0,,,,,,,,,,,10.85,10.42,2026-10-05 12:14:22.477790+00:00,2026-10-05 12:14:22.477790+00:00,16.42
4727,1,1000226537,CMT0001,2026-09-29,CÂNDIDO MOTA,DBC8722,,100.0,100.0,100.0,Finalizado,5927.35,1000000.0,1.0,,1015,925,0,0,Filial C.M,3.8,0,0,0,,,,,,,,,,,8.51,10.42,2026-10-05 12:14:22.477790+00:00,2026-10-05 12:14:22.477790+00:00,3.8
5089,1,1000227030,FDS1225,2026-09-30,CÂNDIDO MOTA,FDS1225,,100.0,100.0,100.0,Finalizado,7325.260000000003,1000000.0,1.0,,913,854,0,0,Filial C.M,142.47,0,0,0,,,,,,,,,,,6.87,7.9,2026-10-05 12:14:22.477790+00:00,2026-10-05 12:14:22.477790+00:00,142.47
5098,1,1000227039,DBC8725,2026-09-30,CÂNDIDO MOTA,DBC8725,,100.0,100.0,100.0,Finalizado,5796.840000000001,1000000.0,1.0,,805,763,0,0,Filial C.M,23.58,0,0,0,,,,,,,,,,,6.17,7.9,2026-10-05 12:14:22.477790+00:00,2026-10-05 12:14:22.477790+00:00,23.58
5070,1,1000227011,CMT0007,2026-09-30,CÂNDIDO MOTA,EYU3370,,100.0,100.0,100.0,Finalizado,6946.340000000002,1000000.0,1.0,,797,785,0,0,Filial C.M,15.23,0,0,0,,,,,,,,,,,6.06,10.42,2026-10-05 12:14:22.477790+00:00,2026-10-05 12:14:22.477790+00:00,15.23
5091,1,1000227032,EYU3370,2026-09-30,CÂNDIDO MOTA,EYU3370,,100.0,100.0,100.0,Finalizado,7026.920000000001,1000000.0,1.0,,743,729,0,0,Filial C.M,75.3,0,0,0,,,,,,,,,,,6.61,7.9,2026-10-05 12:14:22.477790+00:00,2026-10-05 12:14:22.477790+00:00,75.3
5229,1,1000227252,EYU3361,2026-10-01,CÂNDIDO MOTA,EYU3361,,100.0,100.0,100.0,Finalizado,7063.240000000002,1000000.0,1.0,,730,692,0,0,Filial C.M,61.42,0,0,0,,,,,,,,,,,8.93,10.42,2026-10-05 12:14:22.477790+00:00,2026-10-05 12:14:22.477790+00:00,61.42
5090,1,1000227031,EYU3356,2026-09-30,CÂNDIDO MOTA,EYU3356,,100.0,100.0,100.0,Finalizado,7167.750000000003,1000000.0,1.0,,934,900,0,0,Filial C.M,132.62,0,0,0,,,,,,,,,,,6.68,7.9,2026-10-05 12:14:22.477790+00:00,2026-10-05 12:14:22.477790+00:00,132.62
5054,1,1000226995,MAT0002,2026-09-30,MATAO,MAT0002,,100.0,100.0,100.0,Finalizado,720.53,1000000.0,0.0,,91,91,0,0,Filial Matão,4.52,0,0,0,,,,,,,,,,,6.35,7.08,2026-10-05 12:14:22.477790+00:00,2026-10-05 12:14:22.477790+00:00,4.52
5376,1,1000227444,EYU3363,2026-10-02,CÂNDIDO MOTA,EYU3363,,100.0,100.0,100.0,Finalizado,5361.79,1000000.0,1.0,,597,584,0,0,Filial C.M,53.68,0,0,0,,,,,,,,,,,6.9,7.75,2026-10-05 12:14:22.477790+00:00,2026-10-05 12:14:22.477790+00:00,53.68
5155,1,1000227097,MAT0006,2026-09-30,MATAO,MAT0006,,100.0,100.0,100.0,Finalizado,3264.0800000000004,1000000.0,0.0,,306,306,0,0,Filial Matão,2.57,0,0,0,,,,,,,,,,,6.21,7.08,2026-10-05 12:14:22.477790+00:00,2026-10-05 12:14:22.477790+00:00,2.57
5373,1,1000227441,TIQ9D89,2026-10-02,PRESIDENTE PRUDENTE,TIQ9D89,,100.0,100.0,100.0,Finalizado,1402.2499999999998,1000000.0,0.0,,187,177,0,0,Igor S.,17.83,0,0,0,,,,,,,,,,,1.73,2.0,2026-10-05 12:14:22.477790+00:00,2026-10-05 12:14:22.477790+00:00,17.83
5008,1,1000226949,TIQ0C29,2026-09-03,PRESIDENTE PRUDENTE,REG0029,,100.0,100.0,100.0,Finalizado,695.6299999999999,1000000.0,0.0,,126,46,0,0,Igor S.,5.22,0,0,0,,,,,,,,,,,2.0,2.0,2026-10-05 12:14:22.477790+00:00,2026-10-05 12:14:22.477790+00:00,5.22
4707,1,1000226516,EYU3373,2026-10-05,PRESIDENTE PRUDENTE,REG0006,,100.0,100.0,100.0,Finalizado,9087.29,1000000.0,1.0,,848,837,0,0,Igor S.,40.22,0,0,0,,,,,,,,,,,1.18,0.0,2026-10-05 12:14:22.477790+00:00,2026-10-05 12:14:22.477790+00:00,40.22
5368,1,1000227436,TIQ0C29,2026-10-02,PRESIDENTE PRUDENTE,TIQ0C29,,100.0,100.0,100.0,Finalizado,1266.01,1000000.0,0.0,,159,153,0,0,Igor S.,11.1,0,0,0,,,,,,,,,,,2.0,2.0,2026-10-05 12:14:22.477790+00:00,2026-10-05 12:14:22.477790+00:00,11.1
4708,1,1000226517,GBF4177,2026-09-05,PRESIDENTE PRUDENTE,REG0007,,100.0,100.0,100.0,Finalizado,9445.539999999999,1000000.0,1.0,,1182,1170,0,0,Igor S.,50.47,0,0,0,,,,,,,,,,,1.4,0.0,2026-10-05 12:14:22.477790+00:00,2026-10-05 12:14:22.477790+00:00,50.47
5022,1,1000226963,TLU0J36,2026-10-05,PRESIDENTE PRUDENTE,REG0013,,100.0,100.0,100.0,Finalizado,3727.9000000000005,1000000.0,0.0,,500,474,0,0,Igor S.,38.83,0,0,0,,,,,,,,,,,1.3,0.0,2026-10-05 12:14:22.477790+00:00,2026-10-05 12:14:22.477790+00:00,38.83
