"UNIDADE","DATA_ENTREGA","CLIENTE","CODIGO_CARGA","TRANSPORTE","TOTAL_PALETES","TOTAL_PALETES_MISTOS","TOTAL_PALETES_COMPLETOS","VEICULO","LISTA","CAIXAS","TIPO_PALETE","TOKEN","BAIA","DOCA","MONTADOR","INICIO_MONTAGEM","FIM_MONTAGEM","TEMPO_MONTAGEM","CONFERENTE","INICIO_CONFERENCIA","FIM_CONFERENCIA","EMPILHADOR","HORARIO_EMPILHAMENTO","INICIO_OPERACAO","FIM_OPERACAO"
CÂNDIDO MOTA,2026-01-09,"1",CYN9319,"1000185775",5,4,1,CYN9319,CYN9319E2,28,MISTO,"2",E2,,PAULO,"2026-01-09 18:44:02","2026-01-09 18:44:27",0.42,CONFERENTE / SUPERVISOR ,"2026-01-09 19:00:43","2026-01-09 19:00:54",GILMAR DE OLIVEIRA,"2026-01-09 19:04:41",2026-01-09 18:36:00.000,2026-01-09 19:10:00.000
CÂNDIDO MOTA,2026-01-09,"1",CYN9319,"1000185775",5,4,1,CYN9319,CYN9319D1,42,COMPLETO,,D1,,,,,,CONFERENTE / SUPERVISOR ,"2026-01-09 19:08:10","2026-01-09 19:08:15",GILMAR DE OLIVEIRA,"2026-01-09 19:04:24",2026-01-09 18:36:00.000,2026-01-09 19:10:00.000
CÂNDIDO MOTA,2026-01-09,"1",CYN9319,"1000185775",5,4,1,CYN9319,CYN9319E1,28,MISTO,"1",E1,,PAULO,"2026-01-09 18:37:50","2026-01-09 18:43:10",5.33,CONFERENTE / SUPERVISOR ,"2026-01-09 19:08:19","2026-01-09 19:08:22",GILMAR DE OLIVEIRA,"2026-01-09 19:04:50",2026-01-09 18:36:00.000,2026-01-09 19:10:00.000
CÂNDIDO MOTA,2026-01-09,"1",CYN9319,"1000185775",5,4,1,CYN9319,CYN9319E3,7,MISTO,"4",E3,,PAULO,"2026-01-09 18:51:50","2026-01-09 18:54:45",2.92,CONFERENTE / SUPERVISOR ,"2026-01-09 19:01:21","2026-01-09 19:01:27",GILMAR DE OLIVEIRA,"2026-01-09 19:04:29",2026-01-09 18:36:00.000,2026-01-09 19:10:00.000
CÂNDIDO MOTA,2026-01-09,"1",CYN9319,"1000185775",5,4,1,CYN9319,CYN9319D2,7,MISTO,"3",D2,,PAULO,"2026-01-09 18:47:44","2026-01-09 18:51:22",3.63,CONFERENTE / SUPERVISOR ,"2026-01-09 19:00:59","2026-01-09 19:01:17",GILMAR DE OLIVEIRA,"2026-01-09 19:04:33",2026-01-09 18:36:00.000,2026-01-09 19:10:00.000
CÂNDIDO MOTA,2026-01-13,"1",TMG6G62,"1000187611",6,6,0,TMG6G62,TMG6G62D1,131,MISTO,"2",D1,,PAULO,"2026-01-13 18:29:39","2026-01-13 18:51:14",21.58,CONFERENTE / SUPERVISOR ,"2026-01-13 19:21:11","2026-01-13 19:23:44",GILMAR DE OLIVEIRA,"2026-01-13 19:37:37",2026-01-13 17:46:00.000,2026-01-13 22:14:00.000
CÂNDIDO MOTA,2026-01-13,"1",TMG6G62,"1000187611",6,6,0,TMG6G62,TMG6G62E2,1,MISTO,"6",E2,,LUCAS,"2026-01-13 19:07:09","2026-01-13 19:11:23",4.23,CONFERENTE / SUPERVISOR ,"2026-01-13 19:30:40","2026-01-13 19:30:46",GILMAR DE OLIVEIRA,"2026-01-13 19:37:15",2026-01-13 17:46:00.000,2026-01-13 22:14:00.000
CÂNDIDO MOTA,2026-01-13,"1",TMG6G62,"1000187611",6,6,0,TMG6G62,TMG6G62E3,23,MISTO,"5",E3,,PAULO,"2026-01-13 19:02:18","2026-01-13 19:09:28",7.17,CONFERENTE / SUPERVISOR ,"2026-01-13 19:29:44","2026-01-13 19:30:35",GILMAR DE OLIVEIRA,"2026-01-13 19:37:19",2026-01-13 17:46:00.000,2026-01-13 22:14:00.000
CÂNDIDO MOTA,2026-01-13,"1",TMG6G62,"1000187611",6,6,0,TMG6G62,TMG6G62E1,23,MISTO,"4",E1,,PAULO,"2026-01-13 18:51:42","2026-01-13 19:01:00",9.30,CONFERENTE / SUPERVISOR ,"2026-01-13 19:28:51","2026-01-13 19:29:37",GILMAR DE OLIVEIRA,"2026-01-13 19:37:24",2026-01-13 17:46:00.000,2026-01-13 22:14:00.000
CÂNDIDO MOTA,2026-01-13,"1",TMG6G62,"1000187611",6,6,0,TMG6G62,TMG6G62D3,68,MISTO,"3",D3,,LUCAS,"2026-01-13 18:51:53","2026-01-13 19:06:41",14.80,,"2026-01-13 19:24:52","2026-01-13 19:28:46",GILMAR DE OLIVEIRA,"2026-01-13 19:37:29",2026-01-13 17:46:00.000,2026-01-13 22:14:00.000
CÂNDIDO MOTA,2026-01-13,"1",TMG6G62,"1000187611",6,6,0,TMG6G62,TMG6G62D2,128,MISTO,"1",D2,,LUCAS,"2026-01-13 18:29:38","2026-01-13 18:50:36",20.97,CONFERENTE / SUPERVISOR ,"2026-01-13 19:23:55","2026-01-13 19:24:41",GILMAR DE OLIVEIRA,"2026-01-13 19:37:33",2026-01-13 17:46:00.000,2026-01-13 22:14:00.000
CÂNDIDO MOTA,2026-01-21,"1",EYU3702,"1000189049",8,7,1,EYU3702,EYU3702E3,132,MISTO,"14",E3,,LUCAS,"2026-01-21 20:13:03","2026-01-21 20:39:30",26.45,CONFERENTE / SUPERVISOR ,"2026-01-21 23:23:12","2026-01-21 23:23:16",OP. EMPILHADEIRA 02,"2026-01-21 23:18:33",2026-01-21 18:19:00.000,2026-01-21 23:25:00.000
CÂNDIDO MOTA,2026-01-21,"1",EYU3702,"1000189049",8,7,1,EYU3702,EYU3702E1,160,MISTO,"13",E1,,PAULO,"2026-01-21 20:12:14","2026-01-21 20:19:44",7.50,CONFERENTE / SUPERVISOR ,"2026-01-21 23:23:06","2026-01-21 23:23:09",OP. EMPILHADEIRA 02,"2026-01-21 23:18:40",2026-01-21 18:19:00.000,2026-01-21 23:25:00.000
CÂNDIDO MOTA,2026-01-21,"1",EYU3702,"1000189049",8,7,1,EYU3702,EYU3702D3,67,MISTO,"16",D3,,PAULO,"2026-01-21 20:34:39","2026-01-21 20:43:21",8.70,CONFERENTE / SUPERVISOR ,"2026-01-21 23:23:34","2026-01-21 23:23:37",OP. EMPILHADEIRA 02,"2026-01-21 23:18:27",2026-01-21 18:19:00.000,2026-01-21 23:25:00.000
CÂNDIDO MOTA,2026-01-21,"1",EYU3702,"1000189049",8,7,1,EYU3702,EYU3702D1,100,COMPLETO,,D1,,,,,,CONFERENTE / SUPERVISOR ,"2026-01-21 23:23:19","2026-01-21 23:23:22",OP. EMPILHADEIRA 02,"2026-01-21 23:18:13",2026-01-21 18:19:00.000,2026-01-21 23:25:00.000
CÂNDIDO MOTA,2026-01-21,"1",EYU3702,"1000189049",8,7,1,EYU3702,EYU3702D2,74,MISTO,"15",D2,,PAULO,"2026-01-21 20:20:11","2026-01-21 20:34:07",13.93,CONFERENTE / SUPERVISOR ,"2026-01-21 23:23:26","2026-01-21 23:23:30",OP. EMPILHADEIRA 02,"2026-01-21 23:18:30",2026-01-21 18:19:00.000,2026-01-21 23:25:00.000
CÂNDIDO MOTA,2026-01-21,"1",EYU3702,"1000189049",8,7,1,EYU3702,EYU3702D4,41,MISTO,"19",D4,,PAULO,"2026-01-21 20:50:31","2026-01-21 20:56:27",5.93,CONFERENTE / SUPERVISOR ,"2026-01-21 23:24:02","2026-01-21 23:24:05",OP. EMPILHADEIRA 02,"2026-01-21 23:18:16",2026-01-21 18:19:00.000,2026-01-21 23:25:00.000
CÂNDIDO MOTA,2026-01-21,"1",EYU3702,"1000189049",8,7,1,EYU3702,EYU3702E2,49,MISTO,"17",E2,,LUCAS,"2026-01-21 20:39:51","2026-01-21 20:51:15",11.40,CONFERENTE / SUPERVISOR ,"2026-01-21 23:23:41","2026-01-21 23:23:44",OP. EMPILHADEIRA 02,"2026-01-21 23:18:23",2026-01-21 18:19:00.000,2026-01-21 23:25:00.000
CÂNDIDO MOTA,2026-01-21,"1",EYU3702,"1000189049",8,7,1,EYU3702,EYU3702E4,44,MISTO,"18",E4,,PAULO,"2026-01-21 20:46:38","2026-01-21 20:50:10",3.53,CONFERENTE / SUPERVISOR ,"2026-01-21 23:23:48","2026-01-21 23:23:52",OP. EMPILHADEIRA 02,"2026-01-21 23:18:20",2026-01-21 18:19:00.000,2026-01-21 23:25:00.000
CÂNDIDO MOTA,2026-01-21,"1",FCX9994,"1000189048",9,6,3,FCX9994,FCX9994E1,81,COMPLETO,,E1,,,,,,CONFERENTE / SUPERVISOR ,"2026-01-21 23:20:59","2026-01-21 23:21:06",OP. EMPILHADEIRA 02,"2026-01-21 23:16:42",2026-01-21 18:19:00.000,2026-01-21 23:25:00.000
CÂNDIDO MOTA,2026-01-21,"1",FCX9994,"1000189048",9,6,3,FCX9994,FCX9994D2,100,COMPLETO,,D2,,,,,,CONFERENTE / SUPERVISOR ,"2026-01-21 23:20:34","2026-01-21 23:20:38",OP. EMPILHADEIRA 02,"2026-01-21 23:16:38",2026-01-21 18:19:00.000,2026-01-21 23:25:00.000
CÂNDIDO MOTA,2026-01-21,"1",FCX9994,"1000189048",9,6,3,FCX9994,FCX9994D1,180,COMPLETO,,D1,,,,,,CONFERENTE / SUPERVISOR ,"2026-01-21 23:19:58","2026-01-21 23:20:03",OP. EMPILHADEIRA 02,"2026-01-21 23:16:33",2026-01-21 18:19:00.000,2026-01-21 23:25:00.000
CÂNDIDO MOTA,2026-01-21,"1",FCX9994,"1000189048",9,6,3,FCX9994,FCX9994E3,130,MISTO,"1",E3,,LUCAS,"2026-01-21 18:49:07","2026-01-21 19:08:36",19.48,CONFERENTE / SUPERVISOR ,"2026-01-21 23:20:17","2026-01-21 23:20:21",OP. EMPILHADEIRA 02,"2026-01-21 23:17:10",2026-01-21 18:19:00.000,2026-01-21 23:25:00.000
CÂNDIDO MOTA,2026-01-21,"1",FCX9994,"1000189048",9,6,3,FCX9994,FCX9994D3,104,MISTO,"2",D3,,PAULO,"2026-01-21 18:49:08","2026-01-21 19:10:11",21.05,CONFERENTE / SUPERVISOR ,"2026-01-21 23:20:25","2026-01-21 23:20:28",OP. EMPILHADEIRA 02,"2026-01-21 23:17:06",2026-01-21 18:19:00.000,2026-01-21 23:25:00.000
CÂNDIDO MOTA,2026-01-21,"1",FCX9994,"1000189048",9,6,3,FCX9994,FCX9994E4,56,MISTO,"4",E4,,PAULO,"2026-01-21 19:12:42","2026-01-21 19:21:08",8.43,CONFERENTE / SUPERVISOR ,"2026-01-21 23:21:11","2026-01-21 23:21:14",OP. EMPILHADEIRA 02,"2026-01-21 23:16:59",2026-01-21 18:19:00.000,2026-01-21 23:25:00.000
CÂNDIDO MOTA,2026-01-21,"1",FCX9994,"1000189048",9,6,3,FCX9994,FCX9994E2,80,MISTO,"3",E2,,LUCAS,"2026-01-21 19:09:07","2026-01-21 19:21:23",12.27,CONFERENTE / SUPERVISOR ,"2026-01-21 23:20:43","2026-01-21 23:20:55",OP. EMPILHADEIRA 02,"2026-01-21 23:17:02",2026-01-21 18:19:00.000,2026-01-21 23:25:00.000
CÂNDIDO MOTA,2026-01-21,"1",FCX9994,"1000189048",9,6,3,FCX9994,FCX9994D5,48,MISTO,"5",D5,,LUCAS,"2026-01-21 19:21:48","2026-01-21 19:29:46",7.97,CONFERENTE / SUPERVISOR ,"2026-01-21 23:21:18","2026-01-21 23:21:22",OP. EMPILHADEIRA 02,"2026-01-21 23:16:55",2026-01-21 18:19:00.000,2026-01-21 23:25:00.000
CÂNDIDO MOTA,2026-01-21,"1",FCX9994,"1000189048",9,6,3,FCX9994,FCX9994D4,81,MISTO,"6",D4,,PAULO,"2026-01-21 19:21:48","2026-01-21 19:29:06",7.30,CONFERENTE / SUPERVISOR ,"2026-01-21 23:21:25","2026-01-21 23:21:29",OP. EMPILHADEIRA 02,"2026-01-21 23:16:51",2026-01-21 18:19:00.000,2026-01-21 23:25:00.000
CÂNDIDO MOTA,2026-01-21,"1",CPJ1393,"1000189050",7,6,1,CPJ1393,CPJ1393D1,180,COMPLETO,,D1,,,,,,CONFERENTE / SUPERVISOR ,"2026-01-21 23:21:46","2026-01-21 23:21:49",OP. EMPILHADEIRA 02,"2026-01-21 23:17:30",2026-01-21 18:19:00.000,2026-01-21 23:25:00.000
CÂNDIDO MOTA,2026-01-21,"1",CPJ1393,"1000189050",7,6,1,CPJ1393,CPJ1393E1,210,MISTO,"7",E1,,PAULO,"2026-01-21 19:30:06","2026-01-21 19:45:36",15.50,CONFERENTE / SUPERVISOR ,"2026-01-21 23:21:52","2026-01-21 23:22:16",OP. EMPILHADEIRA 02,"2026-01-21 23:18:00",2026-01-21 18:19:00.000,2026-01-21 23:25:00.000
CÂNDIDO MOTA,2026-01-21,"1",CPJ1393,"1000189050",7,6,1,CPJ1393,CPJ1393D4,52,MISTO,"11",D4,,PAULO,"2026-01-21 19:57:09","2026-01-21 20:11:23",14.23,CONFERENTE / SUPERVISOR ,"2026-01-21 23:22:43","2026-01-21 23:22:47",OP. EMPILHADEIRA 02,"2026-01-21 23:17:45",2026-01-21 18:19:00.000,2026-01-21 23:25:00.000
CÂNDIDO MOTA,2026-01-21,"1",CPJ1393,"1000189050",7,6,1,CPJ1393,CPJ1393E3,124,MISTO,"8",E3,,LUCAS,"2026-01-21 19:30:31","2026-01-21 19:54:23",23.87,CONFERENTE / SUPERVISOR ,"2026-01-21 23:22:19","2026-01-21 23:22:23",OP. EMPILHADEIRA 02,"2026-01-21 23:17:57",2026-01-21 18:19:00.000,2026-01-21 23:25:00.000
CÂNDIDO MOTA,2026-01-21,"1",CPJ1393,"1000189050",7,6,1,CPJ1393,CPJ1393D2,100,MISTO,"9",D2,,PAULO,"2026-01-21 19:46:17","2026-01-21 19:55:57",9.67,CONFERENTE / SUPERVISOR ,"2026-01-21 23:22:27","2026-01-21 23:22:31",OP. EMPILHADEIRA 02,"2026-01-21 23:17:54",2026-01-21 18:19:00.000,2026-01-21 23:25:00.000
CÂNDIDO MOTA,2026-01-21,"1",CPJ1393,"1000189050",7,6,1,CPJ1393,CPJ1393E2,70,MISTO,"10",E2,,LUCAS,"2026-01-21 19:54:46","2026-01-21 20:08:22",13.60,CONFERENTE / SUPERVISOR ,"2026-01-21 23:22:35","2026-01-21 23:22:39",OP. EMPILHADEIRA 02,"2026-01-21 23:17:50",2026-01-21 18:19:00.000,2026-01-21 23:25:00.000
CÂNDIDO MOTA,2026-01-21,"1",CPJ1393,"1000189050",7,6,1,CPJ1393,CPJ1393D3,5,MISTO,"12",D3,,LUCAS,"2026-01-21 20:08:59","2026-01-21 20:12:33",3.57,CONFERENTE / SUPERVISOR ,"2026-01-21 23:22:54","2026-01-21 23:22:57",OP. EMPILHADEIRA 02,"2026-01-21 23:17:35",2026-01-21 18:19:00.000,2026-01-21 23:25:00.000
CÂNDIDO MOTA,2026-01-22,"1",FCX9994,"1000189066",10,8,2,FCX9994,FCX9994D4,146,MISTO,"1",D4,,LUCAS,"2026-01-22 19:03:33","2026-01-22 19:43:36",40.05,CONFERENTE / SUPERVISOR ,"2026-01-23 00:09:12","2026-01-23 00:09:18",GILMAR DE OLIVEIRA,"2026-01-22 23:51:38",2026-01-22 20:00:00.000,2026-01-23 06:18:00.000
CÂNDIDO MOTA,2026-01-22,"1",FCX9994,"1000189066",10,8,2,FCX9994,FCX9994D5,113,MISTO,"4",D5,,JOSÉ,"2026-01-22 19:08:14","2026-01-22 19:26:32",18.30,CONFERENTE / SUPERVISOR ,"2026-01-23 00:09:34","2026-01-23 00:09:37",GILMAR DE OLIVEIRA,"2026-01-22 23:51:35",2026-01-22 20:00:00.000,2026-01-23 06:18:00.000
CÂNDIDO MOTA,2026-01-22,"1",FCX9994,"1000189066",10,8,2,FCX9994,FCX9994E1,100,COMPLETO,,E1,,,,,,CONFERENTE / SUPERVISOR ,"2026-01-23 00:09:41","2026-01-23 00:09:45",GILMAR DE OLIVEIRA,"2026-01-22 23:51:08",2026-01-22 20:00:00.000,2026-01-23 06:18:00.000
CÂNDIDO MOTA,2026-01-22,"1",FCX9994,"1000189066",10,8,2,FCX9994,FCX9994D1,100,COMPLETO,,D1,,,,,,CONFERENTE / SUPERVISOR ,"2026-01-23 00:09:50","2026-01-23 00:09:56",GILMAR DE OLIVEIRA,"2026-01-22 23:51:12",2026-01-22 20:00:00.000,2026-01-23 06:18:00.000
CÂNDIDO MOTA,2026-01-22,"1",FCX9994,"1000189066",10,8,2,FCX9994,FCX9994D2,73,MISTO,"5",D2,,JOSÉ,"2026-01-22 19:27:26","2026-01-22 19:38:08",10.70,CONFERENTE / SUPERVISOR ,"2026-01-23 00:10:02","2026-01-23 00:10:06",GILMAR DE OLIVEIRA,"2026-01-22 23:51:31",2026-01-22 20:00:00.000,2026-01-23 06:18:00.000
CÂNDIDO MOTA,2026-01-22,"1",FCX9994,"1000189066",10,8,2,FCX9994,FCX9994E4,59,MISTO,"8",E4,,LEONARDO,"2026-01-22 19:33:54","2026-01-22 19:56:35",22.68,CONFERENTE / SUPERVISOR ,"2026-01-23 00:10:19","2026-01-23 00:10:25",GILMAR DE OLIVEIRA,"2026-01-22 23:51:23",2026-01-22 20:00:00.000,2026-01-23 06:18:00.000
CÂNDIDO MOTA,2026-01-22,"1",FCX9994,"1000189066",10,8,2,FCX9994,FCX9994E3,169,MISTO,"2",E3,,LEONARDO,"2026-01-22 19:03:05","2026-01-22 19:33:24",30.32,CONFERENTE / SUPERVISOR ,"2026-01-23 00:08:56","2026-01-23 00:09:00",GILMAR DE OLIVEIRA,"2026-01-22 23:51:46",2026-01-22 20:00:00.000,2026-01-23 06:18:00.000
CÂNDIDO MOTA,2026-01-22,"1",FCX9994,"1000189066",10,8,2,FCX9994,FCX9994E2,157,MISTO,"3",E2,,PAULO,"2026-01-22 19:03:10","2026-01-22 19:30:39",27.48,CONFERENTE / SUPERVISOR ,"2026-01-23 00:09:05","2026-01-23 00:09:09",GILMAR DE OLIVEIRA,"2026-01-22 23:51:42",2026-01-22 20:00:00.000,2026-01-23 06:18:00.000
CÂNDIDO MOTA,2026-01-22,"1",FCX9994,"1000189066",10,8,2,FCX9994,FCX9994E5,102,MISTO,"9",E5,,JOSÉ,"2026-01-22 19:38:34","2026-01-22 19:51:58",13.40,CONFERENTE / SUPERVISOR ,"2026-01-23 00:09:27","2026-01-23 00:09:30",GILMAR DE OLIVEIRA,"2026-01-22 23:51:19",2026-01-22 20:00:00.000,2026-01-23 06:18:00.000
CÂNDIDO MOTA,2026-01-22,"1",FCX9994,"1000189066",10,8,2,FCX9994,FCX9994D3,70,MISTO,"6",D3,,PAULO,"2026-01-22 19:32:41","2026-01-22 19:47:58",15.28,CONFERENTE / SUPERVISOR ,"2026-01-23 00:10:11","2026-01-23 00:10:14",GILMAR DE OLIVEIRA,"2026-01-22 23:51:27",2026-01-22 20:00:00.000,2026-01-23 06:18:00.000
CÂNDIDO MOTA,2026-01-22,"1",EYU3362,"1000189445",10,8,2,EYU3362,EYU3362E2,146,MISTO,"36",E2,,LUCAS,"2026-01-22 23:23:17","2026-01-22 23:57:10",33.88,CONFERENTE / SUPERVISOR ,"2026-01-23 00:46:32","2026-01-23 00:46:35",OP. EMPILHADEIRA 02,"2026-01-23 00:44:31",2026-01-22 20:00:00.000,2026-01-23 06:18:00.000
CÂNDIDO MOTA,2026-01-22,"1",EYU3362,"1000189445",10,8,2,EYU3362,EYU3362D1,100,COMPLETO,,D1,,,,,,CONFERENTE / SUPERVISOR ,"2026-01-23 00:46:09","2026-01-23 00:46:13",OP. EMPILHADEIRA 02,"2026-01-23 00:44:08",2026-01-22 20:00:00.000,2026-01-23 06:18:00.000
CÂNDIDO MOTA,2026-01-22,"1",EYU3362,"1000189445",10,8,2,EYU3362,EYU3362D5,158,MISTO,"35",D5,,PAULO,"2026-01-22 23:08:39","2026-01-23 00:07:42",59.05,CONFERENTE / SUPERVISOR ,"2026-01-23 00:46:25","2026-01-23 00:46:28",OP. EMPILHADEIRA 02,"2026-01-23 00:44:34",2026-01-22 20:00:00.000,2026-01-23 06:18:00.000
CÂNDIDO MOTA,2026-01-22,"1",EYU3362,"1000189445",10,8,2,EYU3362,EYU3362D2,258,MISTO,"34",D2,,JOSÉ,"2026-01-22 23:08:37","2026-01-22 23:38:21",29.73,CONFERENTE / SUPERVISOR ,"2026-01-23 00:46:16","2026-01-23 00:46:21",OP. EMPILHADEIRA 02,"2026-01-23 00:44:38",2026-01-22 20:00:00.000,2026-01-23 06:18:00.000
CÂNDIDO MOTA,2026-01-22,"1",EYU3362,"1000189445",10,8,2,EYU3362,EYU3362E4,123,MISTO,"37",E4,,LEONARDO,"2026-01-22 23:24:36","2026-01-22 23:57:19",32.72,CONFERENTE / SUPERVISOR ,"2026-01-23 00:46:39","2026-01-23 00:46:42",OP. EMPILHADEIRA 02,"2026-01-23 00:44:27",2026-01-22 20:00:00.000,2026-01-23 06:18:00.000
CÂNDIDO MOTA,2026-01-22,"1",EYU3362,"1000189445",10,8,2,EYU3362,EYU3362E1,100,COMPLETO,,E1,,,,,,CONFERENTE / SUPERVISOR ,"2026-01-23 00:46:47","2026-01-23 00:46:50",OP. EMPILHADEIRA 02,"2026-01-23 00:44:03",2026-01-22 20:00:00.000,2026-01-23 06:18:00.000
CÂNDIDO MOTA,2026-01-22,"1",EYU3362,"1000189445",10,8,2,EYU3362,EYU3362D4,61,MISTO,"38",D4,,JOSÉ,"2026-01-22 23:38:59","2026-01-23 00:06:01",27.03,CONFERENTE / SUPERVISOR ,"2026-01-23 00:46:54","2026-01-23 00:46:58",OP. EMPILHADEIRA 02,"2026-01-23 00:44:24",2026-01-22 20:00:00.000,2026-01-23 06:18:00.000
CÂNDIDO MOTA,2026-01-22,"1",EYU3362,"1000189445",10,8,2,EYU3362,EYU3362D3,60,MISTO,"39",D3,,LUCAS,"2026-01-22 23:58:04","2026-01-23 00:17:38",19.57,CONFERENTE / SUPERVISOR ,"2026-01-23 00:47:02","2026-01-23 00:47:07",OP. EMPILHADEIRA 02,"2026-01-23 00:44:19",2026-01-22 20:00:00.000,2026-01-23 06:18:00.000
CÂNDIDO MOTA,2026-01-22,"1",EYU3362,"1000189445",10,8,2,EYU3362,EYU3362E5,33,MISTO,"40",E5,,LEONARDO,"2026-01-22 23:57:55","2026-01-23 00:15:17",17.37,CONFERENTE / SUPERVISOR ,"2026-01-23 00:47:15","2026-01-23 00:47:21",OP. EMPILHADEIRA 02,"2026-01-23 00:44:16",2026-01-22 20:00:00.000,2026-01-23 06:18:00.000
CÂNDIDO MOTA,2026-01-22,"1",EYU3362,"1000189445",10,8,2,EYU3362,EYU3362E3,14,MISTO,"41",E3,,JOSÉ,"2026-01-23 00:06:27","2026-01-23 00:12:07",5.67,CONFERENTE / SUPERVISOR ,"2026-01-23 00:47:32","2026-01-23 00:47:36",OP. EMPILHADEIRA 02,"2026-01-23 00:44:12",2026-01-22 20:00:00.000,2026-01-23 06:18:00.000
CÂNDIDO MOTA,2026-01-22,"1",GBD5855,"1000189276",10,8,2,GBD5855,GBD5855D5,27,MISTO,"24",D5,,LUCAS,"2026-01-22 22:10:32","2026-01-22 22:22:03",11.52,CONFERENTE / SUPERVISOR ,"2026-01-23 00:01:30","2026-01-23 00:01:33",GILMAR DE OLIVEIRA,"2026-01-22 23:53:05",2026-01-22 20:00:00.000,2026-01-23 06:18:00.000
CÂNDIDO MOTA,2026-01-22,"1",GBD5855,"1000189276",10,8,2,GBD5855,GBD5855D2,77,MISTO,"11",D2,,JOSÉ,"2026-01-22 19:52:43","2026-01-22 20:06:37",13.90,CONFERENTE / SUPERVISOR ,"2026-01-23 00:02:07","2026-01-23 00:02:11",GILMAR DE OLIVEIRA,"2026-01-22 23:53:12",2026-01-22 20:00:00.000,2026-01-23 06:18:00.000
CÂNDIDO MOTA,2026-01-22,"1",GBD5855,"1000189276",10,8,2,GBD5855,GBD5855E5,60,MISTO,"22",E5,,JOSÉ,"2026-01-22 22:08:52","2026-01-22 22:36:48",27.93,,"2026-01-22 23:58:39","2026-01-22 23:59:39",GILMAR DE OLIVEIRA,"2026-01-23 00:07:45",2026-01-22 20:00:00.000,2026-01-23 06:18:00.000
CÂNDIDO MOTA,2026-01-22,"1",GBD5855,"1000189276",10,8,2,GBD5855,GBD5855E4,60,MISTO,"23",E4,,LEONARDO,"2026-01-22 22:10:39","2026-01-22 22:34:09",23.50,,"2026-01-22 23:59:43","2026-01-23 00:00:24",GILMAR DE OLIVEIRA,"2026-01-23 00:07:50",2026-01-22 20:00:00.000,2026-01-23 06:18:00.000
CÂNDIDO MOTA,2026-01-22,"1",GBD5855,"1000189276",10,8,2,GBD5855,GBD5855E2,193,MISTO,"10",E2,,LUCAS,"2026-01-22 19:44:31","2026-01-22 20:13:31",29.00,CONFERENTE / SUPERVISOR ,"2026-01-23 00:01:14","2026-01-23 00:01:17",GILMAR DE OLIVEIRA,"2026-01-22 23:53:18",2026-01-22 20:00:00.000,2026-01-23 06:18:00.000
CÂNDIDO MOTA,2026-01-22,"1",GBD5855,"1000189276",10,8,2,GBD5855,GBD5855E3,23,MISTO,"25",E3,,PAULO,"2026-01-22 22:11:00","2026-01-22 22:20:26",9.43,CONFERENTE / SUPERVISOR ,"2026-01-23 00:01:03","2026-01-23 00:01:09",GILMAR DE OLIVEIRA,"2026-01-22 23:53:01",2026-01-22 20:00:00.000,2026-01-23 06:18:00.000
CÂNDIDO MOTA,2026-01-22,"1",GBD5855,"1000189276",10,8,2,GBD5855,GBD5855D1,180,COMPLETO,,D1,,,,,,CONFERENTE / SUPERVISOR ,"2026-01-23 00:01:21","2026-01-23 00:01:25",GILMAR DE OLIVEIRA,"2026-01-22 23:52:53",2026-01-22 20:00:00.000,2026-01-23 06:18:00.000
CÂNDIDO MOTA,2026-01-22,"1",GBD5855,"1000189276",10,8,2,GBD5855,GBD5855E1,100,COMPLETO,,E1,,,,,,CONFERENTE / SUPERVISOR ,"2026-01-23 00:01:40","2026-01-23 00:01:45",GILMAR DE OLIVEIRA,"2026-01-22 23:52:57",2026-01-22 20:00:00.000,2026-01-23 06:18:00.000
CÂNDIDO MOTA,2026-01-22,"1",GBD5855,"1000189276",10,8,2,GBD5855,GBD5855D4,91,MISTO,"7",D4,,PAULO,"2026-01-22 19:57:32","2026-01-22 20:32:10",34.63,CONFERENTE / SUPERVISOR ,"2026-01-23 00:01:49","2026-01-23 00:01:53",GILMAR DE OLIVEIRA,"2026-01-22 23:53:15",2026-01-22 20:00:00.000,2026-01-23 06:18:00.000
CÂNDIDO MOTA,2026-01-22,"1",GBD5855,"1000189276",10,8,2,GBD5855,GBD5855D3,71,MISTO,"12",D3,,LEONARDO,"2026-01-22 19:57:09","2026-01-22 20:08:14",11.08,CONFERENTE / SUPERVISOR ,"2026-01-23 00:01:58","2026-01-23 00:02:02",GILMAR DE OLIVEIRA,"2026-01-22 23:53:08",2026-01-22 20:00:00.000,2026-01-23 06:18:00.000
CÂNDIDO MOTA,2026-01-22,"1",CPJ1398,"1000189443",7,6,1,CPJ1398,CPJ1398D2,64,MISTO,"75",D2,,JOSÉ,"2026-01-23 03:43:41","2026-01-23 03:57:47",14.10,CONFERENTE / SUPERVISOR ,"2026-01-23 04:24:28","2026-01-23 04:25:41",GILMAR DE OLIVEIRA,"2026-01-23 04:34:05",2026-01-22 20:00:00.000,2026-01-23 06:18:00.000
CÂNDIDO MOTA,2026-01-22,"1",CPJ1398,"1000189443",7,6,1,CPJ1398,CPJ1398D1,180,COMPLETO,,D1,,,,,,CONFERENTE / SUPERVISOR ,"2026-01-23 04:34:46","2026-01-23 04:34:51",GILMAR DE OLIVEIRA,"2026-01-23 04:33:54",2026-01-22 20:00:00.000,2026-01-23 06:18:00.000
CÂNDIDO MOTA,2026-01-22,"1",CPJ1398,"1000189443",7,6,1,CPJ1398,CPJ1398E2,158,MISTO,"72",E2,,LEONARDO,"2026-01-23 03:22:10","2026-01-23 04:07:44",45.57,CONFERENTE / SUPERVISOR ,"2026-01-23 04:28:24","2026-01-23 04:29:42",GILMAR DE OLIVEIRA,"2026-01-23 04:34:16",2026-01-22 20:00:00.000,2026-01-23 06:18:00.000
CÂNDIDO MOTA,2026-01-22,"1",CPJ1398,"1000189443",7,6,1,CPJ1398,CPJ1398D4,24,MISTO,"77",D4,,JOSÉ,"2026-01-23 04:00:49","2026-01-23 04:04:37",3.80,CONFERENTE / SUPERVISOR ,"2026-01-23 04:24:05","2026-01-23 04:24:19",GILMAR DE OLIVEIRA,"2026-01-23 04:33:58",2026-01-22 20:00:00.000,2026-01-23 06:18:00.000
CÂNDIDO MOTA,2026-01-22,"1",CPJ1398,"1000189443",7,6,1,CPJ1398,CPJ1398E3,69,MISTO,"74",E3,,LUCAS,"2026-01-23 03:28:03","2026-01-23 03:59:57",31.90,CONFERENTE / SUPERVISOR ,"2026-01-23 04:29:47","2026-01-23 04:31:37",GILMAR DE OLIVEIRA,"2026-01-23 04:34:08",2026-01-22 20:00:00.000,2026-01-23 06:18:00.000
CÂNDIDO MOTA,2026-01-22,"1",CPJ1398,"1000189443",7,6,1,CPJ1398,CPJ1398D3,43,MISTO,"76",D3,,PAULO,"2026-01-23 03:48:54","2026-01-23 04:17:57",29.05,CONFERENTE / SUPERVISOR ,"2026-01-23 04:31:40","2026-01-23 04:33:09",GILMAR DE OLIVEIRA,"2026-01-23 04:34:01",2026-01-22 20:00:00.000,2026-01-23 06:18:00.000
CÂNDIDO MOTA,2026-01-22,"1",CPJ1398,"1000189443",7,6,1,CPJ1398,CPJ1398E1,113,MISTO,"73",E1,,JOSÉ,"2026-01-23 03:27:29","2026-01-23 03:43:06",15.62,CONFERENTE / SUPERVISOR ,"2026-01-23 04:25:50","2026-01-23 04:28:12",GILMAR DE OLIVEIRA,"2026-01-23 04:34:12",2026-01-22 20:00:00.000,2026-01-23 06:18:00.000
CÂNDIDO MOTA,2026-01-22,"1",EYU3702,"1000189280",9,8,1,EYU3702,EYU3702E4,167,MISTO,"26",E4,,PAULO,"2026-01-22 22:22:45","2026-01-22 23:01:48",39.05,CONFERENTE / SUPERVISOR ,"2026-01-23 00:10:40","2026-01-23 00:10:45",GILMAR DE OLIVEIRA,"2026-01-22 23:52:34",2026-01-22 20:00:00.000,2026-01-23 06:18:00.000
CÂNDIDO MOTA,2026-01-22,"1",EYU3702,"1000189280",9,8,1,EYU3702,EYU3702D2,159,MISTO,"27",D2,,LUCAS,"2026-01-22 22:22:30","2026-01-22 22:44:31",22.02,CONFERENTE / SUPERVISOR ,"2026-01-23 00:10:49","2026-01-23 00:10:54",GILMAR DE OLIVEIRA,"2026-01-22 23:52:28",2026-01-22 20:00:00.000,2026-01-23 06:18:00.000
CÂNDIDO MOTA,2026-01-22,"1",EYU3702,"1000189280",9,8,1,EYU3702,EYU3702D4,102,MISTO,"28",D4,,JOSÉ,"2026-01-22 22:37:29","2026-01-22 22:57:44",20.25,CONFERENTE / SUPERVISOR ,"2026-01-23 00:10:58","2026-01-23 00:11:03",GILMAR DE OLIVEIRA,"2026-01-22 23:52:24",2026-01-22 20:00:00.000,2026-01-23 06:18:00.000
CÂNDIDO MOTA,2026-01-22,"1",EYU3702,"1000189280",9,8,1,EYU3702,EYU3702D1,100,COMPLETO,,D1,,,,,,CONFERENTE / SUPERVISOR ,"2026-01-23 00:11:09","2026-01-23 00:11:13",GILMAR DE OLIVEIRA,"2026-01-22 23:52:02",2026-01-22 20:00:00.000,2026-01-23 06:18:00.000
CÂNDIDO MOTA,2026-01-22,"1",EYU3702,"1000189280",9,8,1,EYU3702,EYU3702E1,98,MISTO,"29",E1,,LEONARDO,"2026-01-22 22:37:47","2026-01-22 22:39:49",2.03,CONFERENTE / SUPERVISOR ,"2026-01-23 00:11:22","2026-01-23 00:11:26",GILMAR DE OLIVEIRA,"2026-01-22 23:52:20",2026-01-22 20:00:00.000,2026-01-23 06:18:00.000
CÂNDIDO MOTA,2026-01-22,"1",EYU3702,"1000189280",9,8,1,EYU3702,EYU3702E2,81,MISTO,"31",E2,,LUCAS,"2026-01-22 22:45:15","2026-01-22 22:56:33",11.30,CONFERENTE / SUPERVISOR ,"2026-01-23 00:11:45","2026-01-23 00:11:48",GILMAR DE OLIVEIRA,"2026-01-22 23:52:13",2026-01-22 20:00:00.000,2026-01-23 06:18:00.000
CÂNDIDO MOTA,2026-01-22,"1",EYU3702,"1000189280",9,8,1,EYU3702,EYU3702D5,85,MISTO,"30",D5,,LEONARDO,"2026-01-22 22:40:45","2026-01-22 23:06:13",25.47,CONFERENTE / SUPERVISOR ,"2026-01-23 00:11:34","2026-01-23 00:11:37",GILMAR DE OLIVEIRA,"2026-01-22 23:52:17",2026-01-22 20:00:00.000,2026-01-23 06:18:00.000
CÂNDIDO MOTA,2026-01-22,"1",EYU3702,"1000189280",9,8,1,EYU3702,EYU3702D3,171,MISTO,"32",D3,,LUCAS,"2026-01-22 22:57:34","2026-01-22 23:22:14",24.67,CONFERENTE / SUPERVISOR ,"2026-01-23 00:11:54","2026-01-23 00:11:59",GILMAR DE OLIVEIRA,"2026-01-22 23:52:09",2026-01-22 20:00:00.000,2026-01-23 06:18:00.000
CÂNDIDO MOTA,2026-01-22,"1",EYU3702,"1000189280",9,8,1,EYU3702,EYU3702E3,19,MISTO,"33",E3,,JOSÉ,"2026-01-22 22:58:09","2026-01-22 23:06:30",8.35,CONFERENTE / SUPERVISOR ,"2026-01-23 00:12:05","2026-01-23 00:12:14",GILMAR DE OLIVEIRA,"2026-01-22 23:52:06",2026-01-22 20:00:00.000,2026-01-23 06:18:00.000
CÂNDIDO MOTA,2026-01-22,"1",CPJ1393,"1000189442",7,7,0,CPJ1393,CPJ1393E4,52,MISTO,"46",E4,,LUCAS,"2026-01-23 00:28:48","2026-01-23 00:41:07",12.32,CONFERENTE / SUPERVISOR ,"2026-01-23 00:57:28","2026-01-23 01:00:00",GILMAR DE OLIVEIRA,"2026-01-23 01:08:44",2026-01-22 20:00:00.000,2026-01-23 06:18:00.000
CÂNDIDO MOTA,2026-01-22,"1",CPJ1393,"1000189442",7,7,0,CPJ1393,CPJ1393E3,106,MISTO,"44",E3,,LEONARDO,"2026-01-23 00:17:51","2026-01-23 00:47:41",29.83,CONFERENTE / SUPERVISOR ,"2026-01-23 01:09:52","2026-01-23 01:10:49",GILMAR DE OLIVEIRA,"2026-01-23 01:08:26",2026-01-22 20:00:00.000,2026-01-23 06:18:00.000
CÂNDIDO MOTA,2026-01-22,"1",CPJ1393,"1000189442",7,7,0,CPJ1393,CPJ1393D1,196,MISTO,"42",D1,,PAULO,"2026-01-23 00:10:04","2026-01-23 00:30:04",20.00,CONFERENTE / SUPERVISOR ,"2026-01-23 01:10:53","2026-01-23 01:10:57",GILMAR DE OLIVEIRA,"2026-01-23 01:08:52",2026-01-22 20:00:00.000,2026-01-23 06:18:00.000
CÂNDIDO MOTA,2026-01-22,"1",CPJ1393,"1000189442",7,7,0,CPJ1393,CPJ1393E2,35,MISTO,"47",E2,,PAULO,"2026-01-23 00:30:25","2026-01-23 01:00:10",29.75,CONFERENTE / SUPERVISOR ,"2026-01-23 01:00:23","2026-01-23 01:02:14",GILMAR DE OLIVEIRA,"2026-01-23 01:08:39",2026-01-22 20:00:00.000,2026-01-23 06:18:00.000
CÂNDIDO MOTA,2026-01-22,"1",CPJ1393,"1000189442",7,7,0,CPJ1393,CPJ1393D2,58,MISTO,"45",D2,,LUCAS,"2026-01-23 00:18:18","2026-01-23 00:27:43",9.42,,"2026-01-23 00:55:19","2026-01-23 00:57:16",GILMAR DE OLIVEIRA,"2026-01-23 01:08:48",2026-01-22 20:00:00.000,2026-01-23 06:18:00.000
CÂNDIDO MOTA,2026-01-22,"1",CPJ1393,"1000189442",7,7,0,CPJ1393,CPJ1393D3,138,MISTO,"43",D3,,JOSÉ,"2026-01-23 00:17:37","2026-01-23 00:41:11",23.57,CONFERENTE / SUPERVISOR ,"2026-01-23 00:49:25","2026-01-23 00:50:38",GILMAR DE OLIVEIRA,"2026-01-23 01:08:31",2026-01-22 20:00:00.000,2026-01-23 06:18:00.000
CÂNDIDO MOTA,2026-01-22,"1",CPJ1393,"1000189442",7,7,0,CPJ1393,CPJ1393E1,13,MISTO,"48",E1,,JOSÉ,"2026-01-23 00:41:50","2026-01-23 00:47:58",6.13,CONFERENTE / SUPERVISOR ,"2026-01-23 01:00:03","2026-01-23 01:00:18",GILMAR DE OLIVEIRA,"2026-01-23 01:08:35",2026-01-22 20:00:00.000,2026-01-23 06:18:00.000
CÂNDIDO MOTA,2026-01-22,"1",EYU3360,"1000189444",10,9,1,EYU3360,EYU3360E2,117,MISTO,"58",E2,,JOSÉ,"2026-01-23 01:36:24","2026-01-23 02:12:56",36.53,CONFERENTE / SUPERVISOR ,"2026-01-23 03:05:44","2026-01-23 03:05:50",GILMAR DE OLIVEIRA,"2026-01-23 03:04:51",2026-01-22 20:00:00.000,2026-01-23 06:18:00.000
CÂNDIDO MOTA,2026-01-22,"1",EYU3360,"1000189444",10,9,1,EYU3360,EYU3360E3,37,MISTO,"62",E3,,LUCAS,"2026-01-23 02:04:54","2026-01-23 02:17:17",12.38,CONFERENTE / SUPERVISOR ,"2026-01-23 03:06:29","2026-01-23 03:06:32",GILMAR DE OLIVEIRA,"2026-01-23 03:04:36",2026-01-22 20:00:00.000,2026-01-23 06:18:00.000
CÂNDIDO MOTA,2026-01-22,"1",EYU3360,"1000189444",10,9,1,EYU3360,EYU3360D3,32,MISTO,"64",D3,,LUCAS,"2026-01-23 02:18:09","2026-01-23 02:26:53",8.73,CONFERENTE / SUPERVISOR ,"2026-01-23 03:06:43","2026-01-23 03:06:47",GILMAR DE OLIVEIRA,"2026-01-23 03:04:28",2026-01-22 20:00:00.000,2026-01-23 06:18:00.000
CÂNDIDO MOTA,2026-01-22,"1",EYU3360,"1000189444",10,9,1,EYU3360,EYU3360D1,100,COMPLETO,,D1,,,,,,CONFERENTE / SUPERVISOR ,"2026-01-23 03:05:54","2026-01-23 03:05:58",GILMAR DE OLIVEIRA,"2026-01-23 03:04:24",2026-01-22 20:00:00.000,2026-01-23 06:18:00.000
CÂNDIDO MOTA,2026-01-22,"1",EYU3360,"1000189444",10,9,1,EYU3360,EYU3360E1,81,MISTO,"59",E1,,LEONARDO,"2026-01-23 01:44:46","2026-01-23 02:03:24",18.63,CONFERENTE / SUPERVISOR ,"2026-01-23 03:06:02","2026-01-23 03:06:05",GILMAR DE OLIVEIRA,"2026-01-23 03:04:47",2026-01-22 20:00:00.000,2026-01-23 06:18:00.000
CÂNDIDO MOTA,2026-01-22,"1",EYU3360,"1000189444",10,9,1,EYU3360,EYU3360D2,193,MISTO,"56",D2,,LUCAS,"2026-01-23 01:23:23","2026-01-23 01:47:15",23.87,CONFERENTE / SUPERVISOR ,"2026-01-23 03:05:30","2026-01-23 03:05:33",GILMAR DE OLIVEIRA,"2026-01-23 03:04:59",2026-01-22 20:00:00.000,2026-01-23 06:18:00.000
CÂNDIDO MOTA,2026-01-22,"1",EYU3360,"1000189444",10,9,1,EYU3360,EYU3360D4,139,MISTO,"57",D4,,PAULO,"2026-01-23 01:33:14","2026-01-23 02:14:36",41.37,CONFERENTE / SUPERVISOR ,"2026-01-23 03:05:36","2026-01-23 03:05:40",GILMAR DE OLIVEIRA,"2026-01-23 03:04:55",2026-01-22 20:00:00.000,2026-01-23 06:18:00.000
CÂNDIDO MOTA,2026-01-22,"1",EYU3360,"1000189444",10,9,1,EYU3360,EYU3360E5,44,MISTO,"60",E5,,LUCAS,"2026-01-23 01:48:33","2026-01-23 02:02:35",14.03,CONFERENTE / SUPERVISOR ,"2026-01-23 03:06:10","2026-01-23 03:06:14",GILMAR DE OLIVEIRA,"2026-01-23 03:04:43",2026-01-22 20:00:00.000,2026-01-23 06:18:00.000
CÂNDIDO MOTA,2026-01-22,"1",EYU3360,"1000189444",10,9,1,EYU3360,EYU3360E4,42,MISTO,"61",E4,,LEONARDO,"2026-01-23 02:04:18","2026-01-23 02:24:23",20.08,CONFERENTE / SUPERVISOR ,"2026-01-23 03:06:19","2026-01-23 03:06:23",GILMAR DE OLIVEIRA,"2026-01-23 03:04:39",2026-01-22 20:00:00.000,2026-01-23 06:18:00.000
CÂNDIDO MOTA,2026-01-22,"1",EYU3360,"1000189444",10,9,1,EYU3360,EYU3360D5,37,MISTO,"63",D5,,JOSÉ,"2026-01-23 02:13:18","2026-01-23 02:43:29",30.18,CONFERENTE / SUPERVISOR ,"2026-01-23 03:06:36","2026-01-23 03:06:39",GILMAR DE OLIVEIRA,"2026-01-23 03:04:32",2026-01-22 20:00:00.000,2026-01-23 06:18:00.000
CÂNDIDO MOTA,2026-01-22,"1",EYU3370,"1000189447",9,7,2,EYU3370,EYU3370D1,198,COMPLETO,,D1,,,,,,CONFERENTE / SUPERVISOR ,"2026-01-23 01:50:03","2026-01-23 01:50:07",GILMAR DE OLIVEIRA,"2026-01-23 01:48:43",2026-01-22 20:00:00.000,2026-01-23 06:18:00.000
CÂNDIDO MOTA,2026-01-22,"1",EYU3370,"1000189447",9,7,2,EYU3370,EYU3370D5,92,MISTO,"51",D5,,JOSÉ,"2026-01-23 00:48:45","2026-01-23 01:13:58",25.22,CONFERENTE / SUPERVISOR ,"2026-01-23 01:50:38","2026-01-23 01:50:41",GILMAR DE OLIVEIRA,"2026-01-23 01:49:12",2026-01-22 20:00:00.000,2026-01-23 06:18:00.000
CÂNDIDO MOTA,2026-01-22,"1",EYU3370,"1000189447",9,7,2,EYU3370,EYU3370E1,180,COMPLETO,,E1,,,,,,CONFERENTE / SUPERVISOR ,"2026-01-23 01:50:12","2026-01-23 01:50:18",GILMAR DE OLIVEIRA,"2026-01-23 01:48:47",2026-01-22 20:00:00.000,2026-01-23 06:18:00.000
CÂNDIDO MOTA,2026-01-22,"1",EYU3370,"1000189447",9,7,2,EYU3370,EYU3370D2,95,MISTO,"50",D2,,LEONARDO,"2026-01-23 00:48:28","2026-01-23 01:22:16",33.80,CONFERENTE / SUPERVISOR ,"2026-01-23 01:50:30","2026-01-23 01:50:33",GILMAR DE OLIVEIRA,"2026-01-23 01:49:15",2026-01-22 20:00:00.000,2026-01-23 06:18:00.000
CÂNDIDO MOTA,2026-01-22,"1",EYU3370,"1000189447",9,7,2,EYU3370,EYU3370D3,145,MISTO,"49",D3,,LUCAS,"2026-01-23 00:42:18","2026-01-23 01:18:43",36.42,CONFERENTE / SUPERVISOR ,"2026-01-23 01:50:21","2026-01-23 01:50:26",GILMAR DE OLIVEIRA,"2026-01-23 01:49:19",2026-01-22 20:00:00.000,2026-01-23 06:18:00.000
CÂNDIDO MOTA,2026-01-22,"1",EYU3370,"1000189447",9,7,2,EYU3370,EYU3370E3,23,MISTO,"55",E3,,LEONARDO,"2026-01-23 01:22:55","2026-01-23 01:43:53",20.97,CONFERENTE / SUPERVISOR ,"2026-01-23 01:51:15","2026-01-23 01:51:19",GILMAR DE OLIVEIRA,"2026-01-23 01:48:51",2026-01-22 20:00:00.000,2026-01-23 06:18:00.000
CÂNDIDO MOTA,2026-01-22,"1",EYU3370,"1000189447",9,7,2,EYU3370,EYU3370E4,43,MISTO,"54",E4,,JOSÉ,"2026-01-23 01:14:19","2026-01-23 01:35:57",21.63,CONFERENTE / SUPERVISOR ,"2026-01-23 01:51:08","2026-01-23 01:51:11",GILMAR DE OLIVEIRA,"2026-01-23 01:49:00",2026-01-22 20:00:00.000,2026-01-23 06:18:00.000
CÂNDIDO MOTA,2026-01-22,"1",EYU3370,"1000189447",9,7,2,EYU3370,EYU3370D4,74,MISTO,"53",D4,,PAULO,"2026-01-23 01:11:52","2026-01-23 01:31:46",19.90,CONFERENTE / SUPERVISOR ,"2026-01-23 01:50:59","2026-01-23 01:51:03",GILMAR DE OLIVEIRA,"2026-01-23 01:49:04",2026-01-22 20:00:00.000,2026-01-23 06:18:00.000
CÂNDIDO MOTA,2026-01-22,"1",EYU3370,"1000189447",9,7,2,EYU3370,EYU3370E2,81,MISTO,"52",E2,,PAULO,"2026-01-23 01:01:21","2026-01-23 01:11:30",10.15,CONFERENTE / SUPERVISOR ,"2026-01-23 01:50:46","2026-01-23 01:50:49",GILMAR DE OLIVEIRA,"2026-01-23 01:49:08",2026-01-22 20:00:00.000,2026-01-23 06:18:00.000
CÂNDIDO MOTA,2026-01-22,"1",FUX8622,"1000189451",7,6,1,FUX8622,FUX8622D1,198,COMPLETO,,D1,,,,,,CONFERENTE / SUPERVISOR ,"2026-01-23 05:18:58","2026-01-23 05:19:02",GILMAR DE OLIVEIRA,"2026-01-23 05:17:50",2026-01-22 20:00:00.000,2026-01-23 06:18:00.000
CÂNDIDO MOTA,2026-01-22,"1",FUX8622,"1000189451",7,6,1,FUX8622,FUX8622D3,18,MISTO,"83",D3,,LEONARDO,"2026-01-23 04:36:53","2026-01-23 05:04:23",27.50,CONFERENTE / SUPERVISOR ,"2026-01-23 05:12:42","2026-01-23 05:13:14",GILMAR DE OLIVEIRA,"2026-01-23 05:17:55",2026-01-22 20:00:00.000,2026-01-23 06:18:00.000
CÂNDIDO MOTA,2026-01-22,"1",FUX8622,"1000189451",7,6,1,FUX8622,FUX8622D4,21,MISTO,"82",D4,,LUCAS,"2026-01-23 04:28:02","2026-01-23 04:37:51",9.82,CONFERENTE / SUPERVISOR ,"2026-01-23 05:16:34","2026-01-23 05:17:17",GILMAR DE OLIVEIRA,"2026-01-23 05:17:59",2026-01-22 20:00:00.000,2026-01-23 06:18:00.000
CÂNDIDO MOTA,2026-01-22,"1",FUX8622,"1000189451",7,6,1,FUX8622,FUX8622E2,65,MISTO,"79",E2,,LEONARDO,"2026-01-23 04:08:12","2026-01-23 04:34:44",26.53,CONFERENTE / SUPERVISOR ,"2026-01-23 05:14:54","2026-01-23 05:16:31",GILMAR DE OLIVEIRA,"2026-01-23 05:18:07",2026-01-22 20:00:00.000,2026-01-23 06:18:00.000
CÂNDIDO MOTA,2026-01-22,"1",FUX8622,"1000189451",7,6,1,FUX8622,FUX8622E3,47,MISTO,"81",E3,,PAULO,"2026-01-23 04:18:31","2026-01-23 04:56:54",38.38,CONFERENTE / SUPERVISOR ,"2026-01-23 05:07:43","2026-01-23 05:10:00",GILMAR DE OLIVEIRA,"2026-01-23 05:18:03",2026-01-22 20:00:00.000,2026-01-23 06:18:00.000
CÂNDIDO MOTA,2026-01-22,"1",FUX8622,"1000189451",7,6,1,FUX8622,FUX8622E1,115,MISTO,"80",E1,,JOSÉ,"2026-01-23 04:08:11","2026-01-23 04:47:44",39.55,CONFERENTE / SUPERVISOR ,"2026-01-23 05:01:27","2026-01-23 05:04:01",GILMAR DE OLIVEIRA,"2026-01-23 05:18:10",2026-01-22 20:00:00.000,2026-01-23 06:18:00.000
CÂNDIDO MOTA,2026-01-22,"1",FUX8622,"1000189451",7,6,1,FUX8622,FUX8622D2,144,MISTO,"78",D2,,LUCAS,"2026-01-23 04:01:15","2026-01-23 04:27:27",26.20,CONFERENTE / SUPERVISOR ,"2026-01-23 05:06:00","2026-01-23 05:07:33",GILMAR DE OLIVEIRA,"2026-01-23 05:18:14",2026-01-22 20:00:00.000,2026-01-23 06:18:00.000
CÂNDIDO MOTA,2026-01-22,"1",EYU3371,"1000189448",9,7,2,EYU3371,EYU3371D5,38,MISTO,"71",D5,,LUCAS,"2026-01-23 03:13:56","2026-01-23 03:27:29",13.55,CONFERENTE / SUPERVISOR ,"2026-01-23 03:41:51","2026-01-23 03:42:02",GILMAR DE OLIVEIRA,"2026-01-23 03:47:48",2026-01-22 20:00:00.000,2026-01-23 06:18:00.000
CÂNDIDO MOTA,2026-01-22,"1",EYU3371,"1000189448",9,7,2,EYU3371,EYU3371E4,49,MISTO,"70",E4,,LUCAS,"2026-01-23 02:56:54","2026-01-23 03:09:41",12.78,CONFERENTE / SUPERVISOR ,"2026-01-23 03:30:03","2026-01-23 03:31:10",GILMAR DE OLIVEIRA,"2026-01-23 03:47:52",2026-01-22 20:00:00.000,2026-01-23 06:18:00.000
CÂNDIDO MOTA,2026-01-22,"1",EYU3371,"1000189448",9,7,2,EYU3371,EYU3371D4,54,MISTO,"69",D4,,PAULO,"2026-01-23 02:47:15","2026-01-23 03:45:30",58.25,CONFERENTE / SUPERVISOR ,"2026-01-23 03:45:37","2026-01-23 03:46:48",GILMAR DE OLIVEIRA,"2026-01-23 03:47:58",2026-01-22 20:00:00.000,2026-01-23 06:18:00.000
CÂNDIDO MOTA,2026-01-22,"1",EYU3371,"1000189448",9,7,2,EYU3371,EYU3371E3,59,MISTO,"68",E3,,JOSÉ,"2026-01-23 02:45:14","2026-01-23 03:25:47",40.55,CONFERENTE / SUPERVISOR ,"2026-01-23 03:37:00","2026-01-23 03:38:30",GILMAR DE OLIVEIRA,"2026-01-23 03:48:01",2026-01-22 20:00:00.000,2026-01-23 06:18:00.000
CÂNDIDO MOTA,2026-01-22,"1",EYU3371,"1000189448",9,7,2,EYU3371,EYU3371D3,209,MISTO,"65",D3,,LEONARDO,"2026-01-23 02:25:28","2026-01-23 03:21:44",56.27,CONFERENTE / SUPERVISOR ,"2026-01-23 03:48:42","2026-01-23 03:48:46",GILMAR DE OLIVEIRA,"2026-01-23 03:48:13",2026-01-22 20:00:00.000,2026-01-23 06:18:00.000
CÂNDIDO MOTA,2026-01-22,"1",EYU3371,"1000189448",9,7,2,EYU3371,EYU3371D1,180,COMPLETO,,D1,,,,,,CONFERENTE / SUPERVISOR ,"2026-01-23 03:48:49","2026-01-23 03:48:53",GILMAR DE OLIVEIRA,"2026-01-23 03:47:40",2026-01-22 20:00:00.000,2026-01-23 06:18:00.000
CÂNDIDO MOTA,2026-01-22,"1",EYU3371,"1000189448",9,7,2,EYU3371,EYU3371D2,100,MISTO,"66",D2,,LUCAS,"2026-01-23 02:27:40","2026-01-23 02:54:36",26.93,CONFERENTE / SUPERVISOR ,"2026-01-23 03:48:57","2026-01-23 03:49:00",GILMAR DE OLIVEIRA,"2026-01-23 03:48:09",2026-01-22 20:00:00.000,2026-01-23 06:18:00.000
CÂNDIDO MOTA,2026-01-22,"1",EYU3371,"1000189448",9,7,2,EYU3371,EYU3371E1,100,COMPLETO,,E1,,,,,,CONFERENTE / SUPERVISOR ,"2026-01-23 03:49:17","2026-01-23 03:49:20",GILMAR DE OLIVEIRA,"2026-01-23 03:47:44",2026-01-22 20:00:00.000,2026-01-23 06:18:00.000
CÂNDIDO MOTA,2026-01-22,"1",EYU3371,"1000189448",9,7,2,EYU3371,EYU3371E2,64,MISTO,"67",E2,,PAULO,"2026-01-23 02:34:32","2026-01-23 02:46:51",12.32,CONFERENTE / SUPERVISOR ,"2026-01-23 03:49:31","2026-01-23 03:49:34",GILMAR DE OLIVEIRA,"2026-01-23 03:48:05",2026-01-22 20:00:00.000,2026-01-23 06:18:00.000
CÂNDIDO MOTA,2026-01-23,"1",FCX9994,"1000188868",10,6,4,FCX9994,FCX9994D1,252,COMPLETO,,D1,,,,,,CONFERENTE / SUPERVISOR ,"2026-01-23 23:20:53","2026-01-23 23:20:58",GILMAR DE OLIVEIRA,"2026-01-23 23:16:56",2026-01-23 17:48:00.000,2026-01-23 23:35:00.000
CÂNDIDO MOTA,2026-01-23,"1",FCX9994,"1000188868",10,6,4,FCX9994,FCX9994D3,94,MISTO,"1",D3,,PAULO,"2026-01-23 18:28:22","2026-01-23 19:02:22",34.00,CONFERENTE / SUPERVISOR ,"2026-01-23 22:56:46","2026-01-23 22:57:43",GILMAR DE OLIVEIRA,"2026-01-23 23:22:21",2026-01-23 17:48:00.000,2026-01-23 23:35:00.000
CÂNDIDO MOTA,2026-01-23,"1",FCX9994,"1000188868",10,6,4,FCX9994,FCX9994E1,252,COMPLETO,,E1,,,,,,CONFERENTE / SUPERVISOR ,"2026-01-23 23:24:17","2026-01-23 23:24:21",GILMAR DE OLIVEIRA,"2026-01-23 23:21:56",2026-01-23 17:48:00.000,2026-01-23 23:35:00.000
CÂNDIDO MOTA,2026-01-23,"1",FCX9994,"1000188868",10,6,4,FCX9994,FCX9994E3,250,MISTO,"2",E3,,JOSÉ,"2026-01-23 18:29:04","2026-01-23 19:39:52",70.80,CONFERENTE / SUPERVISOR ,"2026-01-23 23:24:27","2026-01-23 22:55:08",GILMAR DE OLIVEIRA,"2026-01-23 23:22:41",2026-01-23 17:48:00.000,2026-01-23 23:35:00.000
CÂNDIDO MOTA,2026-01-23,"1",FCX9994,"1000188868",10,6,4,FCX9994,FCX9994D2,100,COMPLETO,,D2,,,,,,CONFERENTE / SUPERVISOR ,"2026-01-23 23:24:33","2026-01-23 23:24:37",GILMAR DE OLIVEIRA,"2026-01-23 23:22:00",2026-01-23 17:48:00.000,2026-01-23 23:35:00.000
CÂNDIDO MOTA,2026-01-23,"1",FCX9994,"1000188868",10,6,4,FCX9994,FCX9994D5,74,MISTO,"5",D5,,PAULO,"2026-01-23 19:02:43","2026-01-23 19:42:39",39.93,CONFERENTE / SUPERVISOR ,"2026-01-23 22:57:48","2026-01-23 22:59:09",GILMAR DE OLIVEIRA,"2026-01-23 23:22:13",2026-01-23 17:48:00.000,2026-01-23 23:35:00.000
CÂNDIDO MOTA,2026-01-23,"1",FCX9994,"1000188868",10,6,4,FCX9994,FCX9994E4,111,MISTO,"4",E4,,LUCAS,"2026-01-23 18:59:05","2026-01-23 19:20:39",21.57,CONFERENTE / SUPERVISOR ,"2026-01-23 22:49:46","2026-01-23 22:50:38",GILMAR DE OLIVEIRA,"2026-01-23 23:22:30",2026-01-23 17:48:00.000,2026-01-23 23:35:00.000
CÂNDIDO MOTA,2026-01-23,"1",FCX9994,"1000188868",10,6,4,FCX9994,FCX9994E2,100,COMPLETO,,E2,,,,,,CONFERENTE / SUPERVISOR ,"2026-01-23 23:24:41","2026-01-23 23:24:46",GILMAR DE OLIVEIRA,"2026-01-23 23:22:04",2026-01-23 17:48:00.000,2026-01-23 23:35:00.000
CÂNDIDO MOTA,2026-01-23,"1",FCX9994,"1000188868",10,6,4,FCX9994,FCX9994E5,98,MISTO,"6",E5,,LUCAS,"2026-01-23 19:21:11","2026-01-23 19:42:13",21.03,CONFERENTE / SUPERVISOR ,"2026-01-23 22:48:06","2026-01-23 22:49:42",GILMAR DE OLIVEIRA,"2026-01-23 23:22:09",2026-01-23 17:48:00.000,2026-01-23 23:35:00.000
CÂNDIDO MOTA,2026-01-23,"1",FCX9994,"1000188868",10,6,4,FCX9994,FCX9994D4,87,MISTO,"3",D4,,LEONARDO,"2026-01-23 18:33:18","2026-01-23 19:27:43",54.42,CONFERENTE / SUPERVISOR ,"2026-01-23 22:55:15","2026-01-23 22:56:41",GILMAR DE OLIVEIRA,"2026-01-23 23:22:17",2026-01-23 17:48:00.000,2026-01-23 23:35:00.000
CÂNDIDO MOTA,2026-01-23,"1",FUX8622,"1000189439",9,7,2,FUX8622,FUX8622D3,48,MISTO,"12",D3,,LUCAS,"2026-01-23 20:03:45","2026-01-23 20:16:37",12.87,CONFERENTE / SUPERVISOR ,"2026-01-23 23:34:37","2026-01-23 23:34:40",GILMAR DE OLIVEIRA,"2026-01-23 23:23:26",2026-01-23 17:48:00.000,2026-01-23 23:35:00.000
CÂNDIDO MOTA,2026-01-23,"1",FUX8622,"1000189439",9,7,2,FUX8622,FUX8622E3,50,MISTO,"13",E3,,PAULO,"2026-01-23 20:17:48","2026-01-23 20:32:59",15.18,CONFERENTE / SUPERVISOR ,"2026-01-23 23:34:44","2026-01-23 23:34:48",GILMAR DE OLIVEIRA,"2026-01-23 23:23:21",2026-01-23 17:48:00.000,2026-01-23 23:35:00.000
CÂNDIDO MOTA,2026-01-23,"1",FUX8622,"1000189439",9,7,2,FUX8622,FUX8622E4,181,MISTO,"7",E4,,LEONARDO,"2026-01-23 19:31:40","2026-01-23 20:03:03",31.38,CONFERENTE / SUPERVISOR ,"2026-01-23 23:33:49","2026-01-23 23:33:53",GILMAR DE OLIVEIRA,"2026-01-23 23:23:43",2026-01-23 17:48:00.000,2026-01-23 23:35:00.000
CÂNDIDO MOTA,2026-01-23,"1",FUX8622,"1000189439",9,7,2,FUX8622,FUX8622E2,149,MISTO,"8",E2,,LUCAS,"2026-01-23 19:43:02","2026-01-23 20:03:05",20.05,CONFERENTE / SUPERVISOR ,"2026-01-23 23:33:56","2026-01-23 23:34:00",GILMAR DE OLIVEIRA,"2026-01-23 23:23:38",2026-01-23 17:48:00.000,2026-01-23 23:35:00.000
CÂNDIDO MOTA,2026-01-23,"1",FUX8622,"1000189439",9,7,2,FUX8622,FUX8622D2,78,MISTO,"10",D2,,JOSÉ,"2026-01-23 19:43:48","2026-01-23 20:14:45",30.95,CONFERENTE / SUPERVISOR ,"2026-01-23 23:33:29","2026-01-23 23:33:39",GILMAR DE OLIVEIRA,"2026-01-23 23:40:29",2026-01-23 17:48:00.000,2026-01-23 23:35:00.000
CÂNDIDO MOTA,2026-01-23,"1",FUX8622,"1000189439",9,7,2,FUX8622,FUX8622D4,86,MISTO,"9",D4,,PAULO,"2026-01-23 19:43:01","2026-01-23 20:13:21",30.33,CONFERENTE / SUPERVISOR ,"2026-01-23 23:34:04","2026-01-23 23:34:07",GILMAR DE OLIVEIRA,"2026-01-23 23:23:34",2026-01-23 17:48:00.000,2026-01-23 23:35:00.000
CÂNDIDO MOTA,2026-01-23,"1",FUX8622,"1000189439",9,7,2,FUX8622,FUX8622D5,77,MISTO,"11",D5,,LEONARDO,"2026-01-23 20:03:26","2026-01-23 20:34:32",31.10,CONFERENTE / SUPERVISOR ,"2026-01-23 23:34:14","2026-01-23 23:34:18",GILMAR DE OLIVEIRA,"2026-01-23 23:23:29",2026-01-23 17:48:00.000,2026-01-23 23:35:00.000
CÂNDIDO MOTA,2026-01-23,"1",FUX8622,"1000189439",9,7,2,FUX8622,FUX8622D1,100,COMPLETO,,D1,,,,,,CONFERENTE / SUPERVISOR ,"2026-01-23 23:25:01","2026-01-23 23:25:04",GILMAR DE OLIVEIRA,"2026-01-23 23:23:12",2026-01-23 17:48:00.000,2026-01-23 23:35:00.000
CÂNDIDO MOTA,2026-01-23,"1",FUX8622,"1000189439",9,7,2,FUX8622,FUX8622E1,81,COMPLETO,,E1,,,,,,CONFERENTE / SUPERVISOR ,"2026-01-23 23:25:09","2026-01-23 23:25:13",GILMAR DE OLIVEIRA,"2026-01-23 23:23:18",2026-01-23 17:48:00.000,2026-01-23 23:35:00.000
CÂNDIDO MOTA,2026-01-23,"1",CPJ1398,CPJ1398,7,7,0,CPJ1398,CPJ1398D2,146,MISTO,"14",D2,,LUCAS,"2026-01-23 20:17:50","2026-01-23 20:47:41",29.85,CONFERENTE / SUPERVISOR ,"2026-01-23 23:17:52","2026-01-23 22:38:15",GILMAR DE OLIVEIRA,"2026-01-23 23:17:25",2026-01-23 17:48:00.000,2026-01-23 23:35:00.000
CÂNDIDO MOTA,2026-01-23,"1",CPJ1398,CPJ1398,7,7,0,CPJ1398,CPJ1398E1,65,MISTO,"18",E1,,PAULO,"2026-01-23 20:43:51","2026-01-23 20:54:38",10.78,,"2026-01-23 23:18:14","2026-01-23 22:44:17",GILMAR DE OLIVEIRA,"2026-01-23 23:17:12",2026-01-23 17:48:00.000,2026-01-23 23:35:00.000
CÂNDIDO MOTA,2026-01-23,"1",CPJ1398,CPJ1398,7,7,0,CPJ1398,CPJ1398E4,1,MISTO,"20",E4,,LUCAS,"2026-01-23 20:48:36","2026-01-23 20:54:11",5.58,CONFERENTE / SUPERVISOR ,"2026-01-23 22:46:09","2026-01-23 22:47:06",GILMAR DE OLIVEIRA,"2026-01-23 23:17:05",2026-01-23 17:48:00.000,2026-01-23 23:35:00.000
CÂNDIDO MOTA,2026-01-23,"1",CPJ1398,CPJ1398,7,7,0,CPJ1398,CPJ1398E2,17,MISTO,"19",E2,,JOSÉ,"2026-01-23 20:44:26","2026-01-23 20:56:16",11.83,,"2026-01-23 23:18:48","2026-01-23 22:45:47",GILMAR DE OLIVEIRA,"2026-01-23 23:17:09",2026-01-23 17:48:00.000,2026-01-23 23:35:00.000
CÂNDIDO MOTA,2026-01-23,"1",CPJ1398,CPJ1398,7,7,0,CPJ1398,CPJ1398E3,109,MISTO,"15",E3,,JOSÉ,"2026-01-23 20:17:59","2026-01-23 20:39:07",21.13,,"2026-01-23 23:17:58","2026-01-23 22:39:56",GILMAR DE OLIVEIRA,"2026-01-23 23:17:22",2026-01-23 17:48:00.000,2026-01-23 23:35:00.000
CÂNDIDO MOTA,2026-01-23,"1",CPJ1398,CPJ1398,7,7,0,CPJ1398,CPJ1398D3,70,MISTO,"17",D3,,LEONARDO,"2026-01-23 20:34:55","2026-01-23 20:56:22",21.45,CONFERENTE / SUPERVISOR ,"2026-01-23 23:18:08","2026-01-23 22:41:40",GILMAR DE OLIVEIRA,"2026-01-23 23:17:15",2026-01-23 17:48:00.000,2026-01-23 23:35:00.000
CÂNDIDO MOTA,2026-01-23,"1",CPJ1398,CPJ1398,7,7,0,CPJ1398,CPJ1398D1,70,MISTO,"16",D1,,PAULO,"2026-01-23 20:34:30","2026-01-23 20:42:17",7.78,CONFERENTE / SUPERVISOR ,"2026-01-23 23:18:04","2026-01-23 22:40:19",GILMAR DE OLIVEIRA,"2026-01-23 23:17:18",2026-01-23 17:48:00.000,2026-01-23 23:35:00.000
CÂNDIDO MOTA,2026-01-27,"1",EYU3703,"1000190132",9,9,0,EYU3703,EYU3703D3,5,MISTO,"17",D3,,LEONARDO,"2026-01-27 22:24:30","2026-01-27 22:25:21",0.85,,"2026-01-28 00:21:05","2026-01-28 00:21:19",OP. EMPILHADEIRA 01,"2026-01-28 01:13:43",2026-01-27 19:10:00.000,2026-01-28 02:00:00.000
CÂNDIDO MOTA,2026-01-27,"1",EYU3703,"1000190132",9,9,0,EYU3703,EYU3703E3,62,MISTO,"16",E3,,PAULO,"2026-01-27 22:08:46","2026-01-27 22:34:34",25.80,CONFERENTE / SUPERVISOR ,"2026-01-27 23:33:46","2026-01-27 23:34:42",OP. EMPILHADEIRA 01,"2026-01-28 01:13:50",2026-01-27 19:10:00.000,2026-01-28 02:00:00.000
CÂNDIDO MOTA,2026-01-27,"1",EYU3703,"1000190132",9,9,0,EYU3703,EYU3703E4,146,MISTO,"9",E4,,PAULO,"2026-01-27 20:38:45","2026-01-27 21:04:09",25.40,CONFERENTE / SUPERVISOR ,"2026-01-27 23:26:23","2026-01-27 23:28:54",OP. EMPILHADEIRA 01,"2026-01-28 01:14:09",2026-01-27 19:10:00.000,2026-01-28 02:00:00.000
CÂNDIDO MOTA,2026-01-27,"1",EYU3703,"1000190132",9,9,0,EYU3703,EYU3703E1,74,MISTO,"14",E1,,LUCAS,"2026-01-27 21:46:51","2026-01-27 21:56:38",9.78,CONFERENTE / SUPERVISOR ,"2026-01-27 23:36:38","2026-01-27 23:40:02",OP. EMPILHADEIRA 01,"2026-01-28 01:13:53",2026-01-27 19:10:00.000,2026-01-28 02:00:00.000
CÂNDIDO MOTA,2026-01-27,"1",EYU3703,"1000190132",9,9,0,EYU3703,EYU3703D2,93,MISTO,"13",D2,,LUCAS,"2026-01-27 21:33:21","2026-01-27 21:46:25",13.07,CONFERENTE / SUPERVISOR ,"2026-01-27 23:29:03","2026-01-27 23:29:29",OP. EMPILHADEIRA 01,"2026-01-28 01:13:56",2026-01-27 19:10:00.000,2026-01-28 02:00:00.000
CÂNDIDO MOTA,2026-01-27,"1",EYU3703,"1000190132",9,9,0,EYU3703,EYU3703D4,46,MISTO,"15",D4,,LEONARDO,"2026-01-27 22:03:25","2026-01-27 22:23:12",19.78,CONFERENTE / SUPERVISOR ,"2026-01-27 23:35:26","2026-01-27 23:36:33",OP. EMPILHADEIRA 01,"2026-01-28 01:13:47",2026-01-27 19:10:00.000,2026-01-28 02:00:00.000
CÂNDIDO MOTA,2026-01-27,"1",EYU3703,"1000190132",9,9,0,EYU3703,EYU3703D1,94,MISTO,"12",D1,,LEONARDO,"2026-01-27 20:55:17","2026-01-27 21:03:44",8.45,CONFERENTE / SUPERVISOR ,"2026-01-27 23:32:36","2026-01-27 23:32:56",OP. EMPILHADEIRA 01,"2026-01-28 01:13:59",2026-01-27 19:10:00.000,2026-01-28 02:00:00.000
CÂNDIDO MOTA,2026-01-27,"1",EYU3703,"1000190132",9,9,0,EYU3703,EYU3703E2,144,MISTO,"11",E2,,LUCAS,"2026-01-27 20:48:20","2026-01-27 21:32:11",43.85,CONFERENTE / SUPERVISOR ,"2026-01-27 23:59:13","2026-01-28 00:03:05",OP. EMPILHADEIRA 01,"2026-01-28 01:14:03",2026-01-27 19:10:00.000,2026-01-28 02:00:00.000
CÂNDIDO MOTA,2026-01-27,"1",EYU3703,"1000190132",9,9,0,EYU3703,EYU3703D5,119,MISTO,"10",D5,,LEONARDO,"2026-01-27 20:41:11","2026-01-27 20:54:13",13.03,CONFERENTE / SUPERVISOR ,"2026-01-27 23:29:36","2026-01-27 23:31:33",OP. EMPILHADEIRA 01,"2026-01-28 01:14:06",2026-01-27 19:10:00.000,2026-01-28 02:00:00.000
CÂNDIDO MOTA,2026-01-27,"1",EYU3363,"1000190128",10,8,2,EYU3363,EYU3363D3,156,MISTO,"1",D3,,PAULO,"2026-01-27 19:31:30","2026-01-27 19:59:36",28.10,CONFERENTE / SUPERVISOR ,"2026-01-28 00:09:51","2026-01-28 00:11:07",OP. EMPILHADEIRA 01,"2026-01-28 01:17:09",2026-01-27 19:10:00.000,2026-01-28 02:00:00.000
CÂNDIDO MOTA,2026-01-27,"1",EYU3363,"1000190128",10,8,2,EYU3363,EYU3363E3,47,MISTO,"7",E3,,LUCAS,"2026-01-27 20:31:41","2026-01-27 20:47:08",15.45,CONFERENTE / SUPERVISOR ,"2026-01-28 00:08:17","2026-01-28 00:08:56",OP. EMPILHADEIRA 01,"2026-01-28 01:16:50",2026-01-27 19:10:00.000,2026-01-28 02:00:00.000
CÂNDIDO MOTA,2026-01-27,"1",EYU3363,"1000190128",10,8,2,EYU3363,EYU3363D5,80,MISTO,"3",D5,,PAULO,"2026-01-27 20:01:51","2026-01-27 20:24:34",22.72,CONFERENTE / SUPERVISOR ,"2026-01-28 00:20:09","2026-01-28 00:20:41",OP. EMPILHADEIRA 01,"2026-01-28 01:17:03",2026-01-27 19:10:00.000,2026-01-28 02:00:00.000
CÂNDIDO MOTA,2026-01-27,"1",EYU3363,"1000190128",10,8,2,EYU3363,EYU3363D1,81,COMPLETO,,D1,,,,,,CONFERENTE / SUPERVISOR ,"2026-01-28 01:32:14","2026-01-28 01:32:17",OP. EMPILHADEIRA 01,"2026-01-28 01:16:39",2026-01-27 19:10:00.000,2026-01-28 02:00:00.000
CÂNDIDO MOTA,2026-01-27,"1",EYU3363,"1000190128",10,8,2,EYU3363,EYU3363E4,71,MISTO,"4",E4,,LEONARDO,"2026-01-27 20:10:43","2026-01-27 20:40:28",29.75,CONFERENTE / SUPERVISOR ,"2026-01-28 00:06:30","2026-01-28 00:08:11",OP. EMPILHADEIRA 01,"2026-01-28 01:17:00",2026-01-27 19:10:00.000,2026-01-28 02:00:00.000
CÂNDIDO MOTA,2026-01-27,"1",EYU3363,"1000190128",10,8,2,EYU3363,EYU3363E2,28,MISTO,"6",E2,,PAULO,"2026-01-27 20:25:30","2026-01-27 20:34:04",8.57,CONFERENTE / SUPERVISOR ,"2026-01-28 00:15:18","2026-01-28 00:15:26",OP. EMPILHADEIRA 01,"2026-01-28 01:16:53",2026-01-27 19:10:00.000,2026-01-28 02:00:00.000
CÂNDIDO MOTA,2026-01-27,"1",EYU3363,"1000190128",10,8,2,EYU3363,EYU3363E5,62,MISTO,"5",E5,,LUCAS,"2026-01-27 20:24:04","2026-01-27 20:30:51",6.78,CONFERENTE / SUPERVISOR ,"2026-01-28 00:15:30","2026-01-28 00:15:43",OP. EMPILHADEIRA 01,"2026-01-28 01:16:56",2026-01-27 19:10:00.000,2026-01-28 02:00:00.000
CÂNDIDO MOTA,2026-01-27,"1",EYU3363,"1000190128",10,8,2,EYU3363,EYU3363D2,82,MISTO,"2",D2,,LUCAS,"2026-01-27 20:01:09","2026-01-27 20:23:07",21.97,CONFERENTE / SUPERVISOR ,"2026-01-28 00:09:01","2026-01-28 00:09:41",OP. EMPILHADEIRA 01,"2026-01-28 01:17:06",2026-01-27 19:10:00.000,2026-01-28 02:00:00.000
CÂNDIDO MOTA,2026-01-27,"1",EYU3363,"1000190128",10,8,2,EYU3363,EYU3363E1,100,COMPLETO,,E1,,,,,,CONFERENTE / SUPERVISOR ,"2026-01-28 01:32:06","2026-01-28 01:32:09",OP. EMPILHADEIRA 01,"2026-01-28 01:16:47",2026-01-27 19:10:00.000,2026-01-28 02:00:00.000
CÂNDIDO MOTA,2026-01-27,"1",EYU3363,"1000190128",10,8,2,EYU3363,EYU3363D4,15,MISTO,"8",D4,,PAULO,"2026-01-27 20:34:30","2026-01-27 20:38:18",3.80,,"2026-01-28 00:14:45","2026-01-28 00:15:13",OP. EMPILHADEIRA 01,"2026-01-28 01:16:43",2026-01-27 19:10:00.000,2026-01-28 02:00:00.000
CÂNDIDO MOTA,2026-01-27,"1",EYU3705,"1000190133",10,9,1,EYU3705,EYU3705E1,90,MISTO,"37",E1,,LEONARDO,"2026-01-28 00:01:03","2026-01-28 00:04:44",3.68,CONFERENTE / SUPERVISOR ,"2026-01-28 01:11:28","2026-01-28 01:11:40",OP. EMPILHADEIRA 01,"2026-01-28 01:13:16",2026-01-27 19:10:00.000,2026-01-28 02:00:00.000
CÂNDIDO MOTA,2026-01-27,"1",EYU3705,"1000190133",10,9,1,EYU3705,EYU3705D1,81,COMPLETO,,D1,,,,,,CONFERENTE / SUPERVISOR ,"2026-01-28 01:41:32","2026-01-28 01:41:35",OP. EMPILHADEIRA 01,"2026-01-28 01:12:34",2026-01-27 19:10:00.000,2026-01-28 02:00:00.000
CÂNDIDO MOTA,2026-01-27,"1",EYU3705,"1000190133",10,9,1,EYU3705,EYU3705E2,66,MISTO,"40",E2,,LEONARDO,"2026-01-28 00:16:48","2026-01-28 00:30:10",13.37,CONFERENTE / SUPERVISOR ,"2026-01-28 01:07:17","2026-01-28 01:08:02",OP. EMPILHADEIRA 01,"2026-01-28 01:12:52",2026-01-27 19:10:00.000,2026-01-28 02:00:00.000
CÂNDIDO MOTA,2026-01-27,"1",EYU3705,"1000190133",10,9,1,EYU3705,EYU3705E5,67,MISTO,"39",E5,,LEONARDO,"2026-01-28 00:05:03","2026-01-28 00:15:01",9.97,CONFERENTE / SUPERVISOR ,"2026-01-28 01:08:19","2026-01-28 01:08:30",OP. EMPILHADEIRA 01,"2026-01-28 01:13:06",2026-01-27 19:10:00.000,2026-01-28 02:00:00.000
CÂNDIDO MOTA,2026-01-27,"1",EYU3705,"1000190133",10,9,1,EYU3705,EYU3705E3,88,MISTO,"38",E3,,JOSÉ,"2026-01-28 00:04:29","2026-01-28 00:28:21",23.87,CONFERENTE / SUPERVISOR ,"2026-01-28 00:28:37","2026-01-28 00:31:28",OP. EMPILHADEIRA 01,"2026-01-28 01:13:10",2026-01-27 19:10:00.000,2026-01-28 02:00:00.000
CÂNDIDO MOTA,2026-01-27,"1",EYU3705,"1000190133",10,9,1,EYU3705,EYU3705D2,163,MISTO,"35",D2,,PAULO,"2026-01-27 23:57:13","2026-01-28 00:14:33",17.33,CONFERENTE / SUPERVISOR ,"2026-01-28 01:08:44","2026-01-28 01:09:35",OP. EMPILHADEIRA 01,"2026-01-28 01:13:23",2026-01-27 19:10:00.000,2026-01-28 02:00:00.000
CÂNDIDO MOTA,2026-01-27,"1",EYU3705,"1000190133",10,9,1,EYU3705,EYU3705E4,236,MISTO,"36",E4,,LUCAS,"2026-01-27 23:57:08","2026-01-28 00:18:25",21.28,CONFERENTE / SUPERVISOR ,"2026-01-28 01:10:41","2026-01-28 01:11:25",OP. EMPILHADEIRA 01,"2026-01-28 01:13:26",2026-01-27 19:10:00.000,2026-01-28 02:00:00.000
CÂNDIDO MOTA,2026-01-27,"1",EYU3705,"1000190133",10,9,1,EYU3705,EYU3705D3,58,MISTO,"42",D3,,LUCAS,"2026-01-28 00:18:59","2026-01-28 00:37:47",18.80,CONFERENTE / SUPERVISOR ,"2026-01-28 01:39:57","2026-01-28 01:41:27",OP. EMPILHADEIRA 01,"2026-01-28 01:43:16",2026-01-27 19:10:00.000,2026-01-28 02:00:00.000
CÂNDIDO MOTA,2026-01-27,"1",EYU3705,"1000190133",10,9,1,EYU3705,EYU3705D5,21,MISTO,"43",D5,,LEONARDO,"2026-01-28 00:31:15","2026-01-28 00:41:05",9.83,CONFERENTE / SUPERVISOR ,"2026-01-28 01:09:43","2026-01-28 01:10:30",OP. EMPILHADEIRA 01,"2026-01-28 01:12:41",2026-01-27 19:10:00.000,2026-01-28 02:00:00.000
CÂNDIDO MOTA,2026-01-27,"1",EYU3705,"1000190133",10,9,1,EYU3705,EYU3705D4,55,MISTO,"41",D4,,PAULO,"2026-01-28 00:17:21","2026-01-28 00:32:11",14.83,CONFERENTE / SUPERVISOR ,"2026-01-28 00:32:42","2026-01-28 00:36:04",OP. EMPILHADEIRA 01,"2026-01-28 01:12:45",2026-01-27 19:10:00.000,2026-01-28 02:00:00.000
CÂNDIDO MOTA,2026-01-27,"1",EYU3362,"1000190127",10,8,2,EYU3362,EYU3362D5,118,MISTO,"19",D5,,PAULO,"2026-01-27 22:40:45","2026-01-27 23:14:10",33.42,CONFERENTE / SUPERVISOR ,"2026-01-27 23:18:01","2026-01-27 23:19:45",OP. EMPILHADEIRA 01,"2026-01-28 01:16:21",2026-01-27 19:10:00.000,2026-01-28 02:00:00.000
CÂNDIDO MOTA,2026-01-27,"1",EYU3362,"1000190127",10,8,2,EYU3362,EYU3362E2,184,MISTO,"18",E2,,LEONARDO,"2026-01-27 22:26:02","2026-01-27 22:42:03",16.02,CONFERENTE / SUPERVISOR ,"2026-01-27 23:15:54","2026-01-27 23:16:21",OP. EMPILHADEIRA 01,"2026-01-28 01:16:25",2026-01-27 19:10:00.000,2026-01-28 02:00:00.000
CÂNDIDO MOTA,2026-01-27,"1",EYU3362,"1000190127",10,8,2,EYU3362,EYU3362D3,77,MISTO,"22",D3,,LEONARDO,"2026-01-27 23:00:58","2026-01-27 23:09:40",8.70,,"2026-01-27 23:21:01","2026-01-27 23:23:41",OP. EMPILHADEIRA 01,"2026-01-28 01:16:11",2026-01-27 19:10:00.000,2026-01-28 02:00:00.000
CÂNDIDO MOTA,2026-01-27,"1",EYU3362,"1000190127",10,8,2,EYU3362,EYU3362D1,180,COMPLETO,,D1,,,,,,CONFERENTE / SUPERVISOR ,"2026-01-28 01:47:42","2026-01-28 01:47:45",OP. EMPILHADEIRA 01,"2026-01-28 01:16:03",2026-01-27 19:10:00.000,2026-01-28 02:00:00.000
CÂNDIDO MOTA,2026-01-27,"1",EYU3362,"1000190127",10,8,2,EYU3362,EYU3362E1,100,COMPLETO,,E1,,,,,,CONFERENTE / SUPERVISOR ,"2026-01-28 01:17:52","2026-01-28 01:17:56",OP. EMPILHADEIRA 01,"2026-01-28 01:16:07",2026-01-27 19:10:00.000,2026-01-28 02:00:00.000
CÂNDIDO MOTA,2026-01-27,"1",EYU3362,"1000190127",10,8,2,EYU3362,EYU3362E5,15,MISTO,"25",E5,,LUCAS,"2026-01-27 23:18:17","2026-01-27 23:23:58",5.68,,"2026-01-28 01:19:31","2026-01-28 01:21:00",OP. EMPILHADEIRA 01,"2026-01-28 01:42:45",2026-01-27 19:10:00.000,2026-01-28 02:00:00.000
CÂNDIDO MOTA,2026-01-27,"1",EYU3362,"1000190127",10,8,2,EYU3362,EYU3362D4,48,MISTO,"23",D4,,LEONARDO,"2026-01-27 23:10:32","2026-01-27 23:27:33",17.02,CONFERENTE / SUPERVISOR ,"2026-01-28 01:18:11","2026-01-28 01:19:27",OP. EMPILHADEIRA 01,"2026-01-28 01:42:49",2026-01-27 19:10:00.000,2026-01-28 02:00:00.000
CÂNDIDO MOTA,2026-01-27,"1",EYU3362,"1000190127",10,8,2,EYU3362,EYU3362D2,80,MISTO,"21",D2,,LUCAS,"2026-01-27 23:00:08","2026-01-27 23:17:33",17.42,CONFERENTE / SUPERVISOR ,"2026-01-27 23:19:50","2026-01-27 23:20:54",OP. EMPILHADEIRA 01,"2026-01-28 01:16:15",2026-01-27 19:10:00.000,2026-01-28 02:00:00.000
CÂNDIDO MOTA,2026-01-27,"1",EYU3362,"1000190127",10,8,2,EYU3362,EYU3362E4,105,MISTO,"20",E4,,LEONARDO,"2026-01-27 22:42:25","2026-01-27 23:00:17",17.87,CONFERENTE / SUPERVISOR ,"2026-01-27 23:16:28","2026-01-27 23:17:44",OP. EMPILHADEIRA 01,"2026-01-28 01:16:18",2026-01-27 19:10:00.000,2026-01-28 02:00:00.000
CÂNDIDO MOTA,2026-01-27,"1",EYU3362,"1000190127",10,8,2,EYU3362,EYU3362E3,78,MISTO,"24",E3,,PAULO,"2026-01-27 23:17:20","2026-01-27 23:32:30",15.17,CONFERENTE / SUPERVISOR ,"2026-01-28 01:44:07","2026-01-28 01:45:25",OP. EMPILHADEIRA 01,"2026-01-28 01:47:03",2026-01-27 19:10:00.000,2026-01-28 02:00:00.000
CÂNDIDO MOTA,2026-01-27,"1",FUX8622,"1000190137",10,9,1,FUX8622,FUX8622D2,47,MISTO,"30",D2,,PAULO,"2026-01-27 23:37:50","2026-01-27 23:52:32",14.70,,"2026-01-28 01:28:20","2026-01-28 01:29:42",OP. EMPILHADEIRA 01,"2026-01-28 01:43:07",2026-01-27 19:10:00.000,2026-01-28 02:00:00.000
CÂNDIDO MOTA,2026-01-27,"1",FUX8622,"1000190137",10,9,1,FUX8622,FUX8622E1,171,MISTO,"26",E1,,LUCAS,"2026-01-27 23:25:09","2026-01-27 23:32:43",7.57,CONFERENTE / SUPERVISOR ,"2026-01-27 23:50:36","2026-01-27 23:50:49",OP. EMPILHADEIRA 01,"2026-01-28 01:15:32",2026-01-27 19:10:00.000,2026-01-28 02:00:00.000
CÂNDIDO MOTA,2026-01-27,"1",FUX8622,"1000190137",10,9,1,FUX8622,FUX8622E5,17,MISTO,"33",E5,,LUCAS,"2026-01-27 23:48:40","2026-01-27 23:55:23",6.72,CONFERENTE / SUPERVISOR ,"2026-01-28 01:28:05","2026-01-28 01:28:13",OP. EMPILHADEIRA 01,"2026-01-28 01:42:57",2026-01-27 19:10:00.000,2026-01-28 02:00:00.000
CÂNDIDO MOTA,2026-01-27,"1",FUX8622,"1000190137",10,9,1,FUX8622,FUX8622E4,33,MISTO,"32",E4,,JOSÉ,"2026-01-27 23:49:32","2026-01-28 00:02:49",13.28,CONFERENTE / SUPERVISOR ,"2026-01-28 01:29:46","2026-01-28 01:30:19",OP. EMPILHADEIRA 01,"2026-01-28 01:43:01",2026-01-27 19:10:00.000,2026-01-28 02:00:00.000
CÂNDIDO MOTA,2026-01-27,"1",FUX8622,"1000190137",10,9,1,FUX8622,FUX8622D3,23,MISTO,"34",D3,,PAULO,"2026-01-27 23:53:02","2026-01-27 23:56:42",3.67,CONFERENTE / SUPERVISOR ,"2026-01-28 00:24:30","2026-01-28 00:25:18",OP. EMPILHADEIRA 01,"2026-01-28 01:15:20",2026-01-27 19:10:00.000,2026-01-28 02:00:00.000
CÂNDIDO MOTA,2026-01-27,"1",FUX8622,"1000190137",10,9,1,FUX8622,FUX8622D5,45,MISTO,"31",D5,,LEONARDO,"2026-01-27 23:49:22","2026-01-28 00:00:23",11.02,CONFERENTE / SUPERVISOR ,"2026-01-28 01:26:36","2026-01-28 01:27:51",OP. EMPILHADEIRA 01,"2026-01-28 01:43:04",2026-01-27 19:10:00.000,2026-01-28 02:00:00.000
CÂNDIDO MOTA,2026-01-27,"1",FUX8622,"1000190137",10,9,1,FUX8622,FUX8622E2,68,MISTO,"28",E2,,LUCAS,"2026-01-27 23:33:23","2026-01-27 23:47:49",14.43,CONFERENTE / SUPERVISOR ,"2026-01-27 23:47:51","2026-01-27 23:49:02",OP. EMPILHADEIRA 01,"2026-01-28 01:15:26",2026-01-27 19:10:00.000,2026-01-28 02:00:00.000
CÂNDIDO MOTA,2026-01-27,"1",FUX8622,"1000190137",10,9,1,FUX8622,FUX8622D4,143,MISTO,"27",D4,,LEONARDO,"2026-01-27 23:27:54","2026-01-27 23:35:56",8.03,CONFERENTE / SUPERVISOR ,"2026-01-27 23:50:14","2026-01-27 23:50:31",OP. EMPILHADEIRA 01,"2026-01-28 01:15:29",2026-01-27 19:10:00.000,2026-01-28 02:00:00.000
CÂNDIDO MOTA,2026-01-27,"1",FUX8622,"1000190137",10,9,1,FUX8622,FUX8622E3,55,MISTO,"29",E3,,LEONARDO,"2026-01-27 23:37:34","2026-01-27 23:45:23",7.82,CONFERENTE / SUPERVISOR ,"2026-01-28 01:30:35","2026-01-27 23:50:04",OP. EMPILHADEIRA 01,"2026-01-28 01:15:23",2026-01-27 19:10:00.000,2026-01-28 02:00:00.000
CÂNDIDO MOTA,2026-01-27,"1",FUX8622,"1000190137",10,9,1,FUX8622,FUX8622D1,180,COMPLETO,,D1,,,,,,CONFERENTE / SUPERVISOR ,"2026-01-28 01:30:23","2026-01-28 01:30:28",OP. EMPILHADEIRA 01,"2026-01-28 01:15:15",2026-01-27 19:10:00.000,2026-01-28 02:00:00.000
CÂNDIDO MOTA,2026-01-27,"1",EYU3372,"1000190131",8,7,1,EYU3372,EYU3372D2,189,MISTO,"44",D2,,JOSÉ,"2026-01-28 00:32:38","2026-01-28 00:39:53",7.25,CONFERENTE / SUPERVISOR ,"2026-01-28 01:04:32","2026-01-28 01:05:11",OP. EMPILHADEIRA 01,"2026-01-28 01:14:49",2026-01-27 19:10:00.000,2026-01-28 02:00:00.000
CÂNDIDO MOTA,2026-01-27,"1",EYU3372,"1000190131",8,7,1,EYU3372,EYU3372D1,180,COMPLETO,,D1,,,,,,CONFERENTE / SUPERVISOR ,"2026-01-28 01:39:37","2026-01-28 01:39:41",OP. EMPILHADEIRA 01,"2026-01-28 01:14:36",2026-01-27 19:10:00.000,2026-01-28 02:00:00.000
CÂNDIDO MOTA,2026-01-27,"1",EYU3372,"1000190131",8,7,1,EYU3372,EYU3372D3,32,MISTO,"50",D3,,LEONARDO,"2026-01-28 00:57:07","2026-01-28 01:06:14",9.12,CONFERENTE / SUPERVISOR ,"2026-01-28 01:38:20","2026-01-28 01:39:33",OP. EMPILHADEIRA 01,"2026-01-28 01:43:24",2026-01-27 19:10:00.000,2026-01-28 02:00:00.000
CÂNDIDO MOTA,2026-01-27,"1",EYU3372,"1000190131",8,7,1,EYU3372,EYU3372D5,56,MISTO,"47",D5,,LEONARDO,"2026-01-28 00:41:34","2026-01-28 00:50:53",9.32,CONFERENTE / SUPERVISOR ,"2026-01-28 01:03:30","2026-01-28 01:04:01",OP. EMPILHADEIRA 01,"2026-01-28 01:14:43",2026-01-27 19:10:00.000,2026-01-28 02:00:00.000
CÂNDIDO MOTA,2026-01-27,"1",EYU3372,"1000190131",8,7,1,EYU3372,EYU3372E1,54,MISTO,"48",E1,,JOSÉ,"2026-01-28 00:42:06","2026-01-28 00:58:04",15.97,CONFERENTE / SUPERVISOR ,"2026-01-28 01:02:25","2026-01-28 01:03:01",OP. EMPILHADEIRA 01,"2026-01-28 01:14:39",2026-01-27 19:10:00.000,2026-01-28 02:00:00.000
CÂNDIDO MOTA,2026-01-27,"1",EYU3372,"1000190131",8,7,1,EYU3372,EYU3372E2,53,MISTO,"49",E2,,LUCAS,"2026-01-28 00:56:04","2026-01-28 01:11:20",15.27,CONFERENTE / SUPERVISOR ,"2026-01-28 01:32:46","2026-01-28 01:34:20",OP. EMPILHADEIRA 01,"2026-01-28 01:43:27",2026-01-27 19:10:00.000,2026-01-28 02:00:00.000
CÂNDIDO MOTA,2026-01-27,"1",EYU3372,"1000190131",8,7,1,EYU3372,EYU3372D4,123,MISTO,"45",D4,,PAULO,"2026-01-28 00:34:16","2026-01-28 00:58:01",23.75,CONFERENTE / SUPERVISOR ,"2026-01-28 01:36:16","2026-01-28 01:37:45",OP. EMPILHADEIRA 01,"2026-01-28 01:43:31",2026-01-27 19:10:00.000,2026-01-28 02:00:00.000
CÂNDIDO MOTA,2026-01-27,"1",EYU3372,"1000190131",8,7,1,EYU3372,EYU3372E3,61,MISTO,"46",E3,,LUCAS,"2026-01-28 00:38:57","2026-01-28 00:54:47",15.83,CONFERENTE / SUPERVISOR ,"2026-01-28 01:05:33","2026-01-28 01:06:33",OP. EMPILHADEIRA 01,"2026-01-28 01:14:46",2026-01-27 19:10:00.000,2026-01-28 02:00:00.000
CÂNDIDO MOTA,2026-01-28,"1",EYU3370,"1000190371",10,10,0,EYU3370,EYU3370D2,206,MISTO,"111",D2,,JOSÉ,"2026-01-28 23:00:02","2026-01-28 23:29:55",29.88,CONFERENTE / SUPERVISOR ,"2026-01-29 01:02:33","2026-01-29 01:03:42",OP. EMPILHADEIRA 02,"2026-01-29 01:58:41",2026-01-28 19:11:00.000,2026-01-29 01:30:00.000
CÂNDIDO MOTA,2026-01-28,"1",EYU3370,"1000190371",10,10,0,EYU3370,EYU3370D3,50,MISTO,"406",D3,,PEDRO,"2026-01-28 23:20:36","2026-01-28 23:43:33",22.95,CONFERENTE / SUPERVISOR ,"2026-01-29 00:58:50","2026-01-29 00:59:51",OP. EMPILHADEIRA 02,"2026-01-29 01:58:18",2026-01-28 19:11:00.000,2026-01-29 01:30:00.000
CÂNDIDO MOTA,2026-01-28,"1",EYU3370,"1000190371",10,10,0,EYU3370,EYU3370E3,61,MISTO,"210",E3,,LEONARDO,"2026-01-28 23:19:40","2026-01-28 23:38:52",19.20,CONFERENTE / SUPERVISOR ,"2026-01-29 00:58:12","2026-01-29 00:58:37",OP. EMPILHADEIRA 02,"2026-01-29 01:58:21",2026-01-28 19:11:00.000,2026-01-29 01:30:00.000
CÂNDIDO MOTA,2026-01-28,"1",EYU3370,"1000190371",10,10,0,EYU3370,EYU3370E2,160,MISTO,"312",E2,,PAULO,"2026-01-28 23:17:07","2026-01-28 23:39:19",22.20,CONFERENTE / SUPERVISOR ,"2026-01-29 00:20:19","2026-01-29 00:23:13",OP. EMPILHADEIRA 02,"2026-01-29 01:58:28",2026-01-28 19:11:00.000,2026-01-29 01:30:00.000
CÂNDIDO MOTA,2026-01-28,"1",EYU3370,"1000190371",10,10,0,EYU3370,EYU3370D1,74,MISTO,"208",D1,,LEONARDO,"2026-01-28 23:11:25","2026-01-28 23:16:49",5.40,CONFERENTE / SUPERVISOR ,"2026-01-29 01:06:46","2026-01-29 01:06:53",OP. EMPILHADEIRA 02,"2026-01-29 01:58:31",2026-01-28 19:11:00.000,2026-01-29 01:30:00.000
CÂNDIDO MOTA,2026-01-28,"1",EYU3370,"1000190371",10,10,0,EYU3370,EYU3370E1,98,MISTO,"405",E1,,PEDRO,"2026-01-28 23:09:04","2026-01-28 23:20:17",11.22,CONFERENTE / SUPERVISOR ,"2026-01-29 01:05:25","2026-01-29 01:05:43",OP. EMPILHADEIRA 02,"2026-01-29 01:58:34",2026-01-28 19:11:00.000,2026-01-29 01:30:00.000
CÂNDIDO MOTA,2026-01-28,"1",EYU3370,"1000190371",10,10,0,EYU3370,EYU3370E4,33,MISTO,"112",E4,,JOSÉ,"2026-01-28 23:34:50","2026-01-28 23:47:45",12.92,CONFERENTE / SUPERVISOR ,"2026-01-29 01:07:26","2026-01-29 01:08:05",OP. EMPILHADEIRA 02,"2026-01-29 01:58:11",2026-01-28 19:11:00.000,2026-01-29 01:30:00.000
CÂNDIDO MOTA,2026-01-28,"1",EYU3370,"1000190371",10,10,0,EYU3370,EYU3370D5,46,MISTO,"10",D5,,LUCAS,"2026-01-28 23:27:25","2026-01-28 23:39:19",11.90,CONFERENTE / SUPERVISOR ,"2026-01-29 01:04:08","2026-01-29 01:05:10",OP. EMPILHADEIRA 02,"2026-01-29 01:58:15",2026-01-28 19:11:00.000,2026-01-29 01:30:00.000
CÂNDIDO MOTA,2026-01-28,"1",EYU3370,"1000190371",10,10,0,EYU3370,EYU3370E5,64,MISTO,"209",E5,,LEONARDO,"2026-01-28 23:17:15","2026-01-28 23:19:16",2.02,CONFERENTE / SUPERVISOR ,"2026-01-29 01:06:56","2026-01-29 01:07:23",OP. EMPILHADEIRA 02,"2026-01-29 01:58:25",2026-01-28 19:11:00.000,2026-01-29 01:30:00.000
CÂNDIDO MOTA,2026-01-28,"1",EYU3370,"1000190371",10,10,0,EYU3370,EYU3370D4,148,MISTO,"9",D4,,LUCAS,"2026-01-28 23:04:07","2026-01-28 23:27:00",22.88,CONFERENTE / SUPERVISOR ,"2026-01-29 01:00:53","2026-01-29 01:02:26",OP. EMPILHADEIRA 02,"2026-01-29 01:58:38",2026-01-28 19:11:00.000,2026-01-29 01:30:00.000
CÂNDIDO MOTA,2026-01-28,"1",EYU3371,"1000190372",10,10,0,EYU3371,EYU3371E1,79,MISTO,"303",E1,,PAULO,"2026-01-28 20:06:51","2026-01-28 20:16:55",10.07,CONFERENTE / SUPERVISOR ,"2026-01-29 00:28:32","2026-01-29 00:28:49",OP. EMPILHADEIRA 02,"2026-01-29 01:53:04",2026-01-28 19:11:00.000,2026-01-29 01:30:00.000
CÂNDIDO MOTA,2026-01-28,"1",EYU3371,"1000190372",10,10,0,EYU3371,EYU3371D2,114,MISTO,"302",D2,,PAULO,"2026-01-28 20:00:01","2026-01-28 20:06:34",6.55,CONFERENTE / SUPERVISOR ,"2026-01-29 00:28:09","2026-01-29 00:28:23",OP. EMPILHADEIRA 02,"2026-01-29 01:53:10",2026-01-28 19:11:00.000,2026-01-29 01:30:00.000
CÂNDIDO MOTA,2026-01-28,"1",EYU3371,"1000190372",10,10,0,EYU3371,EYU3371E5,36,MISTO,"500",E5,,PAULO,"2026-01-29 02:09:42","2026-01-29 02:18:44",9.03,CONFERENTE / SUPERVISOR ,"2026-01-29 02:19:43","2026-01-29 02:20:03",OP. EMPILHADEIRA 02,"2026-01-29 02:20:26",2026-01-28 19:11:00.000,2026-01-29 01:30:00.000
CÂNDIDO MOTA,2026-01-28,"1",EYU3371,"1000190372",10,10,0,EYU3371,EYU3371D4,51,MISTO,"304",D4,,PAULO,"2026-01-28 20:17:15","2026-01-28 20:21:13",3.97,CONFERENTE / SUPERVISOR ,"2026-01-29 00:31:13","2026-01-29 00:32:04",OP. EMPILHADEIRA 02,"2026-01-29 01:52:56",2026-01-28 19:11:00.000,2026-01-29 01:30:00.000
CÂNDIDO MOTA,2026-01-28,"1",EYU3371,"1000190372",10,10,0,EYU3371,EYU3371E2,88,MISTO,"4",E2,,LUCAS,"2026-01-28 20:24:02","2026-01-28 20:37:31",13.48,CONFERENTE / SUPERVISOR ,"2026-01-29 00:13:10","2026-01-29 00:14:06",OP. EMPILHADEIRA 02,"2026-01-29 01:52:47",2026-01-28 19:11:00.000,2026-01-29 01:30:00.000
CÂNDIDO MOTA,2026-01-28,"1",EYU3371,"1000190372",10,10,0,EYU3371,EYU3371D5,83,MISTO,"3",D5,,LUCAS,"2026-01-28 20:07:01","2026-01-28 20:23:34",16.55,CONFERENTE / SUPERVISOR ,"2026-01-29 00:30:01","2026-01-29 00:31:02",OP. EMPILHADEIRA 02,"2026-01-29 01:53:07",2026-01-28 19:11:00.000,2026-01-29 01:30:00.000
CÂNDIDO MOTA,2026-01-28,"1",EYU3371,"1000190372",10,10,0,EYU3371,EYU3371D3,45,MISTO,"104",D3,,JOSÉ,"2026-01-28 20:21:27","2026-01-28 20:34:18",12.85,CONFERENTE / SUPERVISOR ,"2026-01-29 00:24:05","2026-01-29 00:26:19",OP. EMPILHADEIRA 02,"2026-01-29 01:52:53",2026-01-28 19:11:00.000,2026-01-29 01:30:00.000
CÂNDIDO MOTA,2026-01-28,"1",EYU3371,"1000190372",10,10,0,EYU3371,EYU3371E3,51,MISTO,"203",E3,,LEONARDO,"2026-01-28 20:11:26","2026-01-28 20:26:00",14.57,,"2026-01-29 00:27:23","2026-01-29 00:27:58",OP. EMPILHADEIRA 02,"2026-01-29 01:52:59",2026-01-28 19:11:00.000,2026-01-29 01:30:00.000
CÂNDIDO MOTA,2026-01-28,"1",EYU3371,"1000190372",10,10,0,EYU3371,EYU3371D1,59,MISTO,"103",D1,,JOSÉ,"2026-01-28 20:08:09","2026-01-28 20:21:05",12.93,CONFERENTE / SUPERVISOR ,"2026-01-29 00:32:07","2026-01-29 00:32:48",OP. EMPILHADEIRA 02,"2026-01-29 01:53:01",2026-01-28 19:11:00.000,2026-01-29 01:30:00.000
CÂNDIDO MOTA,2026-01-28,"1",EYU3371,"1000190372",10,10,0,EYU3371,EYU3371E4,37,MISTO,"305",E4,,PAULO,"2026-01-28 20:21:34","2026-01-28 20:31:55",10.35,CONFERENTE / SUPERVISOR ,"2026-01-29 00:26:37","2026-01-29 00:27:16",OP. EMPILHADEIRA 02,"2026-01-29 01:52:50",2026-01-28 19:11:00.000,2026-01-29 01:30:00.000
CÂNDIDO MOTA,2026-01-28,"1",EYU3372,"1000190373",9,7,2,EYU3372,EYU3372E1,81,COMPLETO,,E1,,,,,,CONFERENTE / SUPERVISOR ,"2026-01-29 02:01:04","2026-01-29 02:01:08",OP. EMPILHADEIRA 02,"2026-01-29 01:55:34",2026-01-28 19:11:00.000,2026-01-29 01:30:00.000
CÂNDIDO MOTA,2026-01-28,"1",EYU3372,"1000190373",9,7,2,EYU3372,EYU3372D1,81,COMPLETO,,D1,,,,,,CONFERENTE / SUPERVISOR ,"2026-01-29 02:00:57","2026-01-29 02:01:00",OP. EMPILHADEIRA 02,"2026-01-29 01:55:28",2026-01-28 19:11:00.000,2026-01-29 01:30:00.000
CÂNDIDO MOTA,2026-01-28,"1",EYU3372,"1000190373",9,7,2,EYU3372,EYU3372E5,15,MISTO,"2",E5,,LUCAS,"2026-01-28 19:55:06","2026-01-28 20:05:32",10.43,CONFERENTE / SUPERVISOR ,"2026-01-29 00:46:39","2026-01-29 00:47:37",OP. EMPILHADEIRA 02,"2026-01-29 01:55:37",2026-01-28 19:11:00.000,2026-01-29 01:30:00.000
CÂNDIDO MOTA,2026-01-28,"1",EYU3372,"1000190373",9,7,2,EYU3372,EYU3372E3,53,MISTO,"102",E3,,JOSÉ,"2026-01-28 19:53:30","2026-01-28 20:07:49",14.32,CONFERENTE / SUPERVISOR ,"2026-01-29 00:11:09","2026-01-29 00:12:52",OP. EMPILHADEIRA 02,"2026-01-29 01:55:43",2026-01-28 19:11:00.000,2026-01-29 01:30:00.000
CÂNDIDO MOTA,2026-01-28,"1",EYU3372,"1000190373",9,7,2,EYU3372,EYU3372E2,55,MISTO,"202",E2,,LEONARDO,"2026-01-28 19:48:29","2026-01-28 20:11:05",22.60,CONFERENTE / SUPERVISOR ,"2026-01-29 00:48:11","2026-01-29 00:49:13",OP. EMPILHADEIRA 02,"2026-01-29 01:55:48",2026-01-28 19:11:00.000,2026-01-29 01:30:00.000
CÂNDIDO MOTA,2026-01-28,"1",EYU3372,"1000190373",9,7,2,EYU3372,EYU3372D2,72,MISTO,"101",D2,,LEONARDO,"2026-01-28 19:37:16","2026-01-28 19:40:41",3.42,CONFERENTE / SUPERVISOR ,"2026-01-29 00:49:32","2026-01-29 00:49:38",OP. EMPILHADEIRA 02,"2026-01-29 01:55:54",2026-01-28 19:11:00.000,2026-01-29 01:30:00.000
CÂNDIDO MOTA,2026-01-28,"1",EYU3372,"1000190373",9,7,2,EYU3372,EYU3372D5,80,MISTO,"201",D5,,LEONARDO,"2026-01-28 19:31:28","2026-01-28 20:46:58",75.50,CONFERENTE / SUPERVISOR ,"2026-01-29 00:49:43","2026-01-29 00:51:43",OP. EMPILHADEIRA 02,"2026-01-29 01:55:58",2026-01-28 19:11:00.000,2026-01-29 01:30:00.000
CÂNDIDO MOTA,2026-01-28,"1",EYU3372,"1000190373",9,7,2,EYU3372,EYU3372D3,89,MISTO,"301",D3,,PAULO,"2026-01-28 19:31:52","2026-01-28 19:59:38",27.77,,"2026-01-29 00:52:17","2026-01-29 00:55:47",OP. EMPILHADEIRA 02,"2026-01-29 01:56:02",2026-01-28 19:11:00.000,2026-01-29 01:30:00.000
CÂNDIDO MOTA,2026-01-28,"1",EYU3372,"1000190373",9,7,2,EYU3372,EYU3372D4,105,MISTO,"1",D4,,LUCAS,"2026-01-28 19:31:47","2026-01-28 19:54:40",22.88,CONFERENTE / SUPERVISOR ,"2026-01-29 00:55:58","2026-01-29 00:57:34",OP. EMPILHADEIRA 02,"2026-01-29 01:56:06",2026-01-28 19:11:00.000,2026-01-29 01:30:00.000
CÂNDIDO MOTA,2026-01-28,"1",EYU3703,"1000190375",9,8,1,EYU3703,EYU3703D1,100,COMPLETO,,D1,,,,,,CONFERENTE / SUPERVISOR ,"2026-01-29 02:01:18","2026-01-29 02:01:21",OP. EMPILHADEIRA 02,"2026-01-29 01:59:32",2026-01-28 19:11:00.000,2026-01-29 01:30:00.000
CÂNDIDO MOTA,2026-01-28,"1",EYU3703,"1000190375",9,8,1,EYU3703,EYU3703D3,43,MISTO,"308",D3,,PAULO,"2026-01-28 22:08:36","2026-01-28 22:24:40",16.07,CONFERENTE / SUPERVISOR ,"2026-01-29 01:13:20","2026-01-29 01:15:00",OP. EMPILHADEIRA 02,"2026-01-29 01:59:36",2026-01-28 19:11:00.000,2026-01-29 01:30:00.000
CÂNDIDO MOTA,2026-01-28,"1",EYU3703,"1000190375",9,8,1,EYU3703,EYU3703D5,28,MISTO,"107",D5,,JOSÉ,"2026-01-28 22:07:39","2026-01-28 22:15:04",7.42,CONFERENTE / SUPERVISOR ,"2026-01-29 01:21:23","2026-01-29 01:21:47",OP. EMPILHADEIRA 02,"2026-01-29 01:59:39",2026-01-28 19:11:00.000,2026-01-29 01:30:00.000
CÂNDIDO MOTA,2026-01-28,"1",EYU3703,"1000190375",9,8,1,EYU3703,EYU3703D4,44,MISTO,"207",D4,,LEONARDO,"2026-01-28 21:51:36","2026-01-28 22:02:23",10.78,CONFERENTE / SUPERVISOR ,"2026-01-29 01:19:38","2026-01-29 01:20:06",OP. EMPILHADEIRA 02,"2026-01-29 01:59:42",2026-01-28 19:11:00.000,2026-01-29 01:30:00.000
CÂNDIDO MOTA,2026-01-28,"1",EYU3703,"1000190375",9,8,1,EYU3703,EYU3703E5,63,MISTO,"8",E5,,LUCAS,"2026-01-28 21:46:19","2026-01-28 22:02:20",16.02,CONFERENTE / SUPERVISOR ,"2026-01-29 01:21:51","2026-01-29 01:22:49",OP. EMPILHADEIRA 02,"2026-01-29 01:59:45",2026-01-28 19:11:00.000,2026-01-29 01:30:00.000
CÂNDIDO MOTA,2026-01-28,"1",EYU3703,"1000190375",9,8,1,EYU3703,EYU3703E2,68,MISTO,"206",E2,,LEONARDO,"2026-01-28 21:35:18","2026-01-28 21:51:09",15.85,CONFERENTE / SUPERVISOR ,"2026-01-29 01:23:26","2026-01-29 01:24:37",OP. EMPILHADEIRA 02,"2026-01-29 01:59:48",2026-01-28 19:11:00.000,2026-01-29 01:30:00.000
CÂNDIDO MOTA,2026-01-28,"1",EYU3703,"1000190375",9,8,1,EYU3703,EYU3703E1,80,MISTO,"7",E1,,LUCAS,"2026-01-28 21:26:54","2026-01-28 21:45:51",18.95,CONFERENTE / SUPERVISOR ,"2026-01-29 01:18:37","2026-01-29 01:19:29",OP. EMPILHADEIRA 02,"2026-01-29 01:59:52",2026-01-28 19:11:00.000,2026-01-29 01:30:00.000
CÂNDIDO MOTA,2026-01-28,"1",EYU3703,"1000190375",9,8,1,EYU3703,EYU3703E4,149,MISTO,"205",E4,,LEONARDO,"2026-01-28 21:00:35","2026-01-28 21:34:58",34.38,,"2026-01-29 01:15:20","2026-01-29 01:18:29",OP. EMPILHADEIRA 02,"2026-01-29 01:59:55",2026-01-28 19:11:00.000,2026-01-29 01:30:00.000
CÂNDIDO MOTA,2026-01-28,"1",EYU3703,"1000190375",9,8,1,EYU3703,EYU3703D2,189,MISTO,"6",D2,,LUCAS,"2026-01-28 20:58:11","2026-01-28 21:26:28",28.28,CONFERENTE / SUPERVISOR ,"2026-01-29 01:20:32","2026-01-29 01:21:12",OP. EMPILHADEIRA 02,"2026-01-29 01:59:59",2026-01-28 19:11:00.000,2026-01-29 01:30:00.000
CÂNDIDO MOTA,2026-01-28,"1",EYU3363,"1000190370",8,7,1,EYU3363,EYU3363D2,65,MISTO,"105",D2,,JOSÉ,"2026-01-28 20:34:58","2026-01-28 20:47:22",12.40,,"2026-01-29 01:45:57","2026-01-29 01:48:32",OP. EMPILHADEIRA 02,"2026-01-29 01:59:09",2026-01-28 19:11:00.000,2026-01-29 01:30:00.000
CÂNDIDO MOTA,2026-01-28,"1",EYU3363,"1000190370",8,7,1,EYU3363,EYU3363E1,93,MISTO,"306",E1,,PAULO,"2026-01-28 20:33:05","2026-01-28 20:53:37",20.53,CONFERENTE / SUPERVISOR ,"2026-01-29 01:39:08","2026-01-29 01:41:34",OP. EMPILHADEIRA 02,"2026-01-29 01:59:12",2026-01-28 19:11:00.000,2026-01-29 01:30:00.000
CÂNDIDO MOTA,2026-01-28,"1",EYU3363,"1000190370",8,7,1,EYU3363,EYU3363E2,209,MISTO,"401",E2,,PEDRO,"2026-01-28 20:30:35","2026-01-28 21:04:06",33.52,CONFERENTE / SUPERVISOR ,"2026-01-29 01:43:06","2026-01-29 01:44:48",OP. EMPILHADEIRA 02,"2026-01-29 01:59:15",2026-01-28 19:11:00.000,2026-01-29 01:30:00.000
CÂNDIDO MOTA,2026-01-28,"1",EYU3363,"1000190370",8,7,1,EYU3363,EYU3363E3,60,MISTO,"5",E3,,LUCAS,"2026-01-28 20:38:02","2026-01-28 20:57:49",19.78,CONFERENTE / SUPERVISOR ,"2026-01-29 01:41:50","2026-01-29 01:42:58",OP. EMPILHADEIRA 02,"2026-01-29 01:59:06",2026-01-28 19:11:00.000,2026-01-29 01:30:00.000
CÂNDIDO MOTA,2026-01-28,"1",EYU3363,"1000190370",8,7,1,EYU3363,EYU3363D3,78,MISTO,"106",D3,,JOSÉ,"2026-01-28 20:47:53","2026-01-28 21:02:01",14.13,CONFERENTE / SUPERVISOR ,"2026-01-29 01:34:55","2026-01-29 01:38:08",OP. EMPILHADEIRA 02,"2026-01-29 01:59:00",2026-01-28 19:11:00.000,2026-01-29 01:30:00.000
CÂNDIDO MOTA,2026-01-28,"1",EYU3363,"1000190370",8,7,1,EYU3363,EYU3363D1,100,COMPLETO,,D1,,,,,,CONFERENTE / SUPERVISOR ,"2026-01-29 02:01:30","2026-01-29 02:01:34",OP. EMPILHADEIRA 02,"2026-01-29 01:58:53",2026-01-28 19:11:00.000,2026-01-29 01:30:00.000
CÂNDIDO MOTA,2026-01-28,"1",EYU3363,"1000190370",8,7,1,EYU3363,EYU3363D4,19,MISTO,"307",D4,,PAULO,"2026-01-28 20:54:00","2026-01-28 20:59:11",5.18,CONFERENTE / SUPERVISOR ,"2026-01-29 01:44:59","2026-01-29 01:45:53",OP. EMPILHADEIRA 02,"2026-01-29 01:58:57",2026-01-28 19:11:00.000,2026-01-29 01:30:00.000
CÂNDIDO MOTA,2026-01-28,"1",EYU3363,"1000190370",8,7,1,EYU3363,EYU3363E4,55,MISTO,"204",E4,,LEONARDO,"2026-01-28 20:47:17","2026-01-28 21:00:01",12.73,CONFERENTE / SUPERVISOR ,"2026-01-29 01:38:29","2026-01-29 01:39:04",OP. EMPILHADEIRA 02,"2026-01-29 01:59:03",2026-01-28 19:11:00.000,2026-01-29 01:30:00.000
CÂNDIDO MOTA,2026-01-28,"1",EYU3702,"1000190374",9,9,0,EYU3702,EYU3702D5,21,MISTO,"404",D5,,PEDRO,"2026-01-28 22:48:30","2026-01-28 23:08:16",19.77,CONFERENTE / SUPERVISOR ,"2026-01-29 00:44:39","2026-01-29 00:44:55",OP. EMPILHADEIRA 02,"2026-01-29 01:54:42",2026-01-28 19:11:00.000,2026-01-29 01:30:00.000
CÂNDIDO MOTA,2026-01-28,"1",EYU3702,"1000190374",9,9,0,EYU3702,EYU3702D2,480,MISTO,"311",D2,,PAULO,"2026-01-28 22:45:39","2026-01-28 23:16:14",30.58,,"2026-01-29 00:14:27","2026-01-29 00:19:41",OP. EMPILHADEIRA 02,"2026-01-29 01:54:46",2026-01-28 19:11:00.000,2026-01-29 01:30:00.000
CÂNDIDO MOTA,2026-01-28,"1",EYU3702,"1000190374",9,9,0,EYU3702,EYU3702D3,36,MISTO,"110",D3,,JOSÉ,"2026-01-28 22:40:35","2026-01-28 22:57:57",17.37,CONFERENTE / SUPERVISOR ,"2026-01-29 00:39:59","2026-01-29 00:41:38",OP. EMPILHADEIRA 02,"2026-01-29 01:54:51",2026-01-28 19:11:00.000,2026-01-29 01:30:00.000
CÂNDIDO MOTA,2026-01-28,"1",EYU3702,"1000190374",9,9,0,EYU3702,EYU3702E3,38,MISTO,"310",E3,,PAULO,"2026-01-28 22:38:36","2026-01-28 22:45:18",6.70,,"2026-01-29 00:42:42","2026-01-29 00:44:35",OP. EMPILHADEIRA 02,"2026-01-29 01:54:55",2026-01-28 19:11:00.000,2026-01-29 01:30:00.000
CÂNDIDO MOTA,2026-01-28,"1",EYU3702,"1000190374",9,9,0,EYU3702,EYU3702D1,59,MISTO,"109",D1,,JOSÉ,"2026-01-28 22:37:03","2026-01-28 22:39:08",2.08,CONFERENTE / SUPERVISOR ,"2026-01-29 00:42:14","2026-01-29 00:42:30",OP. EMPILHADEIRA 02,"2026-01-29 01:54:58",2026-01-28 19:11:00.000,2026-01-29 01:30:00.000
CÂNDIDO MOTA,2026-01-28,"1",EYU3702,"1000190374",9,9,0,EYU3702,EYU3702E4,60,MISTO,"403",E4,,PEDRO,"2026-01-28 22:36:26","2026-01-28 22:47:57",11.52,CONFERENTE / SUPERVISOR ,"2026-01-29 00:41:50","2026-01-29 00:42:08",OP. EMPILHADEIRA 02,"2026-01-29 01:55:02",2026-01-28 19:11:00.000,2026-01-29 01:30:00.000
CÂNDIDO MOTA,2026-01-28,"1",EYU3702,"1000190374",9,9,0,EYU3702,EYU3702D4,75,MISTO,"309",D4,,PAULO,"2026-01-28 22:25:04","2026-01-28 22:38:10",13.10,CONFERENTE / SUPERVISOR ,"2026-01-29 00:36:11","2026-01-29 00:37:27",OP. EMPILHADEIRA 02,"2026-01-29 01:55:05",2026-01-28 19:11:00.000,2026-01-29 01:30:00.000
CÂNDIDO MOTA,2026-01-28,"1",EYU3702,"1000190374",9,9,0,EYU3702,EYU3702E1,84,MISTO,"108",E1,,JOSÉ,"2026-01-28 22:15:33","2026-01-28 22:36:42",21.15,CONFERENTE / SUPERVISOR ,"2026-01-29 00:35:21","2026-01-29 00:36:01",OP. EMPILHADEIRA 02,"2026-01-29 01:55:09",2026-01-28 19:11:00.000,2026-01-29 01:30:00.000
CÂNDIDO MOTA,2026-01-28,"1",EYU3702,"1000190374",9,9,0,EYU3702,EYU3702E2,95,MISTO,"402",E2,,PEDRO,"2026-01-28 22:08:30","2026-01-28 22:35:28",26.97,CONFERENTE / SUPERVISOR ,"2026-01-29 00:37:36","2026-01-29 00:39:47",OP. EMPILHADEIRA 02,"2026-01-29 01:55:12",2026-01-28 19:11:00.000,2026-01-29 01:30:00.000
CÂNDIDO MOTA,2026-01-29,"1",EYU3361,"190592",10,9,1,EYU3361,EYU3361E5,23,MISTO,"106",E5,,JOSÉ,"2026-01-29 20:31:30","2026-01-29 20:38:56",7.43,CONFERENTE / SUPERVISOR ,"2026-01-29 23:48:51","2026-01-29 23:49:00",OP. EMPILHADEIRA 02,"2026-01-30 00:20:51",2026-01-29 19:00:00.000,2026-01-30 00:30:00.000
CÂNDIDO MOTA,2026-01-29,"1",EYU3361,"190592",10,9,1,EYU3361,EYU3361D1,42,COMPLETO,,D1,,,,,,CONFERENTE / SUPERVISOR ,"2026-01-30 00:19:42","2026-01-30 00:19:45",OP. EMPILHADEIRA 02,"2026-01-29 23:47:49",2026-01-29 19:00:00.000,2026-01-30 00:30:00.000
CÂNDIDO MOTA,2026-01-29,"1",EYU3361,"190592",10,9,1,EYU3361,EYU3361E3,57,MISTO,"204",E3,,LEONARDO,"2026-01-29 20:25:46","2026-01-29 20:50:39",24.88,CONFERENTE / SUPERVISOR ,"2026-01-30 00:04:02","2026-01-30 00:05:35",OP. EMPILHADEIRA 02,"2026-01-30 00:20:56",2026-01-29 19:00:00.000,2026-01-30 00:30:00.000
CÂNDIDO MOTA,2026-01-29,"1",EYU3361,"190592",10,9,1,EYU3361,EYU3361D4,30,MISTO,"3",D4,,LUCAS,"2026-01-29 20:21:01","2026-01-29 20:37:09",16.13,,"2026-01-29 23:49:07","2026-01-29 23:54:15",OP. EMPILHADEIRA 02,"2026-01-30 00:20:59",2026-01-29 19:00:00.000,2026-01-30 00:30:00.000
CÂNDIDO MOTA,2026-01-29,"1",EYU3361,"190592",10,9,1,EYU3361,EYU3361E1,32,MISTO,"304",E1,,PAULO,"2026-01-29 20:20:08","2026-01-29 20:33:01",12.88,CONFERENTE / SUPERVISOR ,"2026-01-29 23:54:41","2026-01-29 23:55:53",OP. EMPILHADEIRA 02,"2026-01-30 00:21:04",2026-01-29 19:00:00.000,2026-01-30 00:30:00.000
CÂNDIDO MOTA,2026-01-29,"1",EYU3361,"190592",10,9,1,EYU3361,EYU3361D5,34,MISTO,"203",D5,,LEONARDO,"2026-01-29 20:18:01","2026-01-29 20:25:26",7.42,CONFERENTE / SUPERVISOR ,"2026-01-29 23:56:13","2026-01-29 23:56:24",OP. EMPILHADEIRA 02,"2026-01-30 00:21:09",2026-01-29 19:00:00.000,2026-01-30 00:30:00.000
CÂNDIDO MOTA,2026-01-29,"1",EYU3361,"190592",10,9,1,EYU3361,EYU3361E4,72,MISTO,"303",E4,,PAULO,"2026-01-29 20:06:40","2026-01-29 20:19:52",13.20,CONFERENTE / SUPERVISOR ,"2026-01-30 00:02:11","2026-01-30 00:03:40",OP. EMPILHADEIRA 02,"2026-01-30 00:21:12",2026-01-29 19:00:00.000,2026-01-30 00:30:00.000
CÂNDIDO MOTA,2026-01-29,"1",EYU3361,"190592",10,9,1,EYU3361,EYU3361D2,84,MISTO,"105",D2,,JOSÉ,"2026-01-29 19:57:33","2026-01-29 20:21:30",23.95,CONFERENTE / SUPERVISOR ,"2026-01-29 23:56:36","2026-01-29 23:59:25",OP. EMPILHADEIRA 02,"2026-01-30 00:21:16",2026-01-29 19:00:00.000,2026-01-30 00:30:00.000
CÂNDIDO MOTA,2026-01-29,"1",EYU3361,"190592",10,9,1,EYU3361,EYU3361D3,104,MISTO,"202",D3,,LEONARDO,"2026-01-29 19:57:20","2026-01-29 20:17:40",20.33,CONFERENTE / SUPERVISOR ,"2026-01-30 00:01:20","2026-01-30 00:02:06",OP. EMPILHADEIRA 02,"2026-01-30 00:21:19",2026-01-29 19:00:00.000,2026-01-30 00:30:00.000
CÂNDIDO MOTA,2026-01-29,"1",EYU3361,"190592",10,9,1,EYU3361,EYU3361E2,135,MISTO,"2",E2,,LUCAS,"2026-01-29 19:51:28","2026-01-29 20:20:40",29.20,CONFERENTE / SUPERVISOR ,"2026-01-29 23:59:32","2026-01-30 00:01:11",OP. EMPILHADEIRA 02,"2026-01-30 00:21:23",2026-01-29 19:00:00.000,2026-01-30 00:30:00.000
CÂNDIDO MOTA,2026-01-29,"1",EYU3363,"190594",10,7,3,EYU3363,EYU3363D1,180,COMPLETO,,D1,,,,,,CONFERENTE / SUPERVISOR ,"2026-01-29 23:20:58","2026-01-29 23:21:02",OP. EMPILHADEIRA 02,"2026-01-29 23:19:55",2026-01-29 19:00:00.000,2026-01-30 00:30:00.000
CÂNDIDO MOTA,2026-01-29,"1",EYU3363,"190594",10,7,3,EYU3363,EYU3363E1,100,COMPLETO,,E1,,,,,,CONFERENTE / SUPERVISOR ,"2026-01-29 23:21:09","2026-01-29 23:21:12",OP. EMPILHADEIRA 02,"2026-01-29 23:19:59",2026-01-29 19:00:00.000,2026-01-30 00:30:00.000
CÂNDIDO MOTA,2026-01-29,"1",EYU3363,"190594",10,7,3,EYU3363,EYU3363E5,21,MISTO,"207",E5,,LEONARDO,"2026-01-29 22:49:52","2026-01-29 22:58:23",8.52,CONFERENTE / SUPERVISOR ,"2026-01-29 23:00:50","2026-01-29 23:01:08",OP. EMPILHADEIRA 02,"2026-01-29 23:20:09",2026-01-29 19:00:00.000,2026-01-30 00:30:00.000
CÂNDIDO MOTA,2026-01-29,"1",EYU3363,"190594",10,7,3,EYU3363,EYU3363D2,81,COMPLETO,,D2,,,,,,CONFERENTE / SUPERVISOR ,"2026-01-29 23:21:36","2026-01-29 23:21:39",OP. EMPILHADEIRA 02,"2026-01-29 23:20:05",2026-01-29 19:00:00.000,2026-01-30 00:30:00.000
CÂNDIDO MOTA,2026-01-29,"1",EYU3363,"190594",10,7,3,EYU3363,EYU3363D5,25,MISTO,"109",D5,,JOSÉ,"2026-01-29 22:35:25","2026-01-29 22:50:32",15.12,CONFERENTE / SUPERVISOR ,"2026-01-29 23:04:44","2026-01-29 23:05:40",OP. EMPILHADEIRA 02,"2026-01-29 23:20:13",2026-01-29 19:00:00.000,2026-01-30 00:30:00.000
CÂNDIDO MOTA,2026-01-29,"1",EYU3363,"190594",10,7,3,EYU3363,EYU3363D4,73,MISTO,"307",D4,,PAULO,"2026-01-29 22:32:27","2026-01-29 22:51:23",18.93,CONFERENTE / SUPERVISOR ,"2026-01-29 23:17:49","2026-01-29 23:18:18",OP. EMPILHADEIRA 02,"2026-01-29 23:20:16",2026-01-29 19:00:00.000,2026-01-30 00:30:00.000
CÂNDIDO MOTA,2026-01-29,"1",EYU3363,"190594",10,7,3,EYU3363,EYU3363E4,33,MISTO,"206",E4,,LEONARDO,"2026-01-29 22:25:24","2026-01-29 22:49:31",24.12,CONFERENTE / SUPERVISOR ,"2026-01-29 22:58:17","2026-01-29 22:59:01",OP. EMPILHADEIRA 02,"2026-01-29 23:20:20",2026-01-29 19:00:00.000,2026-01-30 00:30:00.000
CÂNDIDO MOTA,2026-01-29,"1",EYU3363,"190594",10,7,3,EYU3363,EYU3363E2,50,MISTO,"205",E2,,LEONARDO,"2026-01-29 22:08:57","2026-01-29 22:25:01",16.07,CONFERENTE / SUPERVISOR ,"2026-01-29 23:14:58","2026-01-29 23:15:59",OP. EMPILHADEIRA 02,"2026-01-29 23:20:23",2026-01-29 19:00:00.000,2026-01-30 00:30:00.000
CÂNDIDO MOTA,2026-01-29,"1",EYU3363,"190594",10,7,3,EYU3363,EYU3363D3,85,MISTO,"306",D3,,PAULO,"2026-01-29 22:05:18","2026-01-29 22:32:09",26.85,CONFERENTE / SUPERVISOR ,"2026-01-29 23:10:24","2026-01-29 23:10:31",OP. EMPILHADEIRA 02,"2026-01-29 23:20:26",2026-01-29 19:00:00.000,2026-01-30 00:30:00.000
CÂNDIDO MOTA,2026-01-29,"1",EYU3363,"190594",10,7,3,EYU3363,EYU3363E3,151,MISTO,"108",E3,,JOSÉ,"2026-01-29 22:02:55","2026-01-29 22:29:13",26.30,CONFERENTE / SUPERVISOR ,"2026-01-29 22:59:22","2026-01-29 23:00:41",OP. EMPILHADEIRA 02,"2026-01-29 23:20:29",2026-01-29 19:00:00.000,2026-01-30 00:30:00.000
CÂNDIDO MOTA,2026-01-29,"1",EYU3370,"190595",9,7,2,EYU3370,EYU3370D3,106,MISTO,"110",D3,,JOSÉ,"2026-01-29 22:51:05","2026-01-29 23:16:30",25.42,,"2026-01-30 00:10:05","2026-01-30 00:12:26",OP. EMPILHADEIRA 02,"2026-01-30 00:19:12",2026-01-29 19:00:00.000,2026-01-30 00:30:00.000
CÂNDIDO MOTA,2026-01-29,"1",EYU3370,"190595",9,7,2,EYU3370,EYU3370E1,100,COMPLETO,,E1,,,,,,CONFERENTE / SUPERVISOR ,"2026-01-30 00:17:24","2026-01-30 00:17:27",OP. EMPILHADEIRA 02,"2026-01-30 00:15:49",2026-01-29 19:00:00.000,2026-01-30 00:30:00.000
CÂNDIDO MOTA,2026-01-29,"1",EYU3370,"190595",9,7,2,EYU3370,EYU3370D1,180,COMPLETO,,D1,,,,,,CONFERENTE / SUPERVISOR ,"2026-01-30 00:17:15","2026-01-30 00:17:19",OP. EMPILHADEIRA 02,"2026-01-30 00:15:46",2026-01-29 19:00:00.000,2026-01-30 00:30:00.000
CÂNDIDO MOTA,2026-01-29,"1",EYU3370,"190595",9,7,2,EYU3370,EYU3370D2,71,MISTO,"8",D2,,LUCAS,"2026-01-29 22:59:45","2026-01-29 23:18:14",18.48,CONFERENTE / SUPERVISOR ,"2026-01-30 00:18:33","2026-01-30 00:18:37",OP. EMPILHADEIRA 02,"2026-01-30 00:16:04",2026-01-29 19:00:00.000,2026-01-30 00:30:00.000
CÂNDIDO MOTA,2026-01-29,"1",EYU3370,"190595",9,7,2,EYU3370,EYU3370E2,74,MISTO,"208",E2,,LEONARDO,"2026-01-29 22:58:40","2026-01-29 23:38:05",39.42,CONFERENTE / SUPERVISOR ,"2026-01-30 00:18:24","2026-01-30 00:18:29",OP. EMPILHADEIRA 02,"2026-01-30 00:16:30",2026-01-29 19:00:00.000,2026-01-30 00:30:00.000
CÂNDIDO MOTA,2026-01-29,"1",EYU3370,"190595",9,7,2,EYU3370,EYU3370D4,13,MISTO,"111",D4,,JOSÉ,"2026-01-29 23:16:51","2026-01-29 23:20:27",3.60,CONFERENTE / SUPERVISOR ,"2026-01-30 00:12:46","2026-01-30 00:13:06",OP. EMPILHADEIRA 02,"2026-01-30 00:15:57",2026-01-29 19:00:00.000,2026-01-30 00:30:00.000
CÂNDIDO MOTA,2026-01-29,"1",EYU3370,"190595",9,7,2,EYU3370,EYU3370E4,41,MISTO,"309",E4,,PAULO,"2026-01-29 23:06:32","2026-01-29 23:22:08",15.60,CONFERENTE / SUPERVISOR ,"2026-01-30 00:18:45","2026-01-30 00:18:48",OP. EMPILHADEIRA 02,"2026-01-30 00:16:00",2026-01-29 19:00:00.000,2026-01-30 00:30:00.000
CÂNDIDO MOTA,2026-01-29,"1",EYU3370,"190595",9,7,2,EYU3370,EYU3370D5,6,MISTO,"9",D5,,LUCAS,"2026-01-29 23:18:42","2026-01-29 23:27:32",8.83,CONFERENTE / SUPERVISOR ,"2026-01-30 00:14:45","2026-01-30 00:15:10",OP. EMPILHADEIRA 02,"2026-01-30 00:15:54",2026-01-29 19:00:00.000,2026-01-30 00:30:00.000
CÂNDIDO MOTA,2026-01-29,"1",EYU3370,"190595",9,7,2,EYU3370,EYU3370E3,103,MISTO,"308",E3,,PAULO,"2026-01-29 22:51:55","2026-01-29 23:06:14",14.32,CONFERENTE / SUPERVISOR ,"2026-01-30 00:18:13","2026-01-30 00:18:16",OP. EMPILHADEIRA 02,"2026-01-30 00:16:34",2026-01-29 19:00:00.000,2026-01-30 00:30:00.000
CÂNDIDO MOTA,2026-01-29,"1",EYU3705,"190598",8,5,3,EYU3705,EYU3705D1,180,COMPLETO,,D1,,,,,,CONFERENTE / SUPERVISOR ,"2026-01-30 00:53:42","2026-01-30 00:53:45",OP. EMPILHADEIRA 02,"2026-01-30 00:52:11",2026-01-29 19:00:00.000,2026-01-30 00:30:00.000
CÂNDIDO MOTA,2026-01-29,"1",EYU3705,"190598",8,5,3,EYU3705,EYU3705D2,100,COMPLETO,,D2,,,,,,CONFERENTE / SUPERVISOR ,"2026-01-30 00:53:56","2026-01-30 00:54:00",OP. EMPILHADEIRA 02,"2026-01-30 00:52:17",2026-01-29 19:00:00.000,2026-01-30 00:30:00.000
CÂNDIDO MOTA,2026-01-29,"1",EYU3705,"190598",8,5,3,EYU3705,EYU3705E1,180,COMPLETO,,E1,,,,,,CONFERENTE / SUPERVISOR ,"2026-01-30 00:53:49","2026-01-30 00:53:52",OP. EMPILHADEIRA 02,"2026-01-30 00:52:14",2026-01-29 19:00:00.000,2026-01-30 00:30:00.000
CÂNDIDO MOTA,2026-01-29,"1",EYU3705,"190598",8,5,3,EYU3705,EYU3705E3,218,MISTO,"310",E3,,PAULO,"2026-01-29 23:22:29","2026-01-29 23:49:28",26.98,CONFERENTE / SUPERVISOR ,"2026-01-30 00:38:07","2026-01-30 00:42:26",OP. EMPILHADEIRA 02,"2026-01-30 00:52:43",2026-01-29 19:00:00.000,2026-01-30 00:30:00.000
CÂNDIDO MOTA,2026-01-29,"1",EYU3705,"190598",8,5,3,EYU3705,EYU3705D4,45,MISTO,"11",D4,,LUCAS,"2026-01-29 23:43:12","2026-01-30 00:00:38",17.43,CONFERENTE / SUPERVISOR ,"2026-01-30 00:24:06","2026-01-30 00:25:33",OP. EMPILHADEIRA 02,"2026-01-30 00:52:27",2026-01-29 19:00:00.000,2026-01-30 00:30:00.000
CÂNDIDO MOTA,2026-01-29,"1",EYU3705,"190598",8,5,3,EYU3705,EYU3705E2,61,MISTO,"209",E2,,LEONARDO,"2026-01-29 23:38:26","2026-01-30 00:00:49",22.38,CONFERENTE / SUPERVISOR ,"2026-01-30 00:30:54","2026-01-30 00:38:02",OP. EMPILHADEIRA 02,"2026-01-30 00:52:33",2026-01-29 19:00:00.000,2026-01-30 00:30:00.000
CÂNDIDO MOTA,2026-01-29,"1",EYU3705,"190598",8,5,3,EYU3705,EYU3705E4,67,MISTO,"10",E4,,LUCAS,"2026-01-29 23:27:56","2026-01-29 23:42:44",14.80,CONFERENTE / SUPERVISOR ,"2026-01-30 00:23:30","2026-01-30 00:23:58",OP. EMPILHADEIRA 02,"2026-01-30 00:52:37",2026-01-29 19:00:00.000,2026-01-30 00:30:00.000
CÂNDIDO MOTA,2026-01-29,"1",EYU3705,"190598",8,5,3,EYU3705,EYU3705D3,219,MISTO,"112",D3,,JOSÉ,"2026-01-29 23:20:58","2026-01-30 00:07:58",47.00,,"2026-01-30 00:25:47","2026-01-30 00:30:43",OP. EMPILHADEIRA 02,"2026-01-30 00:52:48",2026-01-29 19:00:00.000,2026-01-30 00:30:00.000
CÂNDIDO MOTA,2026-01-29,"1",EYU3371,"190596",9,8,1,EYU3371,EYU3371D1,180,COMPLETO,,D1,,,,,,CONFERENTE / SUPERVISOR ,"2026-01-29 23:48:21","2026-01-29 23:48:25",OP. EMPILHADEIRA 02,"2026-01-29 23:46:53",2026-01-29 19:00:00.000,2026-01-30 00:30:00.000
CÂNDIDO MOTA,2026-01-29,"1",EYU3371,"190596",9,8,1,EYU3371,EYU3371E3,34,MISTO,"104",E3,,JOSÉ,"2026-01-29 19:45:14","2026-01-29 19:53:51",8.62,CONFERENTE / SUPERVISOR ,"2026-01-29 23:26:13","2026-01-29 23:26:52",OP. EMPILHADEIRA 02,"2026-01-29 23:46:58",2026-01-29 19:00:00.000,2026-01-30 00:30:00.000
CÂNDIDO MOTA,2026-01-29,"1",EYU3371,"190596",9,8,1,EYU3371,EYU3371E2,153,MISTO,"302",E2,,PAULO,"2026-01-29 19:40:20","2026-01-29 20:06:12",25.87,CONFERENTE / SUPERVISOR ,"2026-01-29 23:41:47","2026-01-29 23:45:31",OP. EMPILHADEIRA 02,"2026-01-29 23:47:03",2026-01-29 19:00:00.000,2026-01-30 00:30:00.000
CÂNDIDO MOTA,2026-01-29,"1",EYU3371,"190596",9,8,1,EYU3371,EYU3371D4,45,MISTO,"103",D4,,JOSÉ,"2026-01-29 19:39:59","2026-01-29 19:44:48",4.82,CONFERENTE / SUPERVISOR ,"2026-01-29 23:27:42","2026-01-29 23:29:45",OP. EMPILHADEIRA 02,"2026-01-29 23:47:06",2026-01-29 19:00:00.000,2026-01-30 00:30:00.000
CÂNDIDO MOTA,2026-01-29,"1",EYU3371,"190596",9,8,1,EYU3371,EYU3371E1,53,MISTO,"102",E1,,JOSÉ,"2026-01-29 19:37:03","2026-01-29 19:39:30",2.45,CONFERENTE / SUPERVISOR ,"2026-01-29 23:29:49","2026-01-29 23:30:37",OP. EMPILHADEIRA 02,"2026-01-29 23:47:11",2026-01-29 19:00:00.000,2026-01-30 00:30:00.000
CÂNDIDO MOTA,2026-01-29,"1",EYU3371,"190596",9,8,1,EYU3371,EYU3371D2,56,MISTO,"201",D2,,LEONARDO,"2026-01-29 19:22:47","2026-01-29 19:56:58",34.18,CONFERENTE / SUPERVISOR ,"2026-01-29 23:24:04","2026-01-29 23:24:46",OP. EMPILHADEIRA 02,"2026-01-29 23:47:16",2026-01-29 19:00:00.000,2026-01-30 00:30:00.000
CÂNDIDO MOTA,2026-01-29,"1",EYU3371,"190596",9,8,1,EYU3371,EYU3371D5,63,MISTO,"101",D5,,JOSÉ,"2026-01-29 19:21:55","2026-01-29 19:36:43",14.80,CONFERENTE / SUPERVISOR ,"2026-01-29 23:41:38","2026-01-29 23:41:44",OP. EMPILHADEIRA 02,"2026-01-29 23:47:19",2026-01-29 19:00:00.000,2026-01-30 00:30:00.000
CÂNDIDO MOTA,2026-01-29,"1",EYU3371,"190596",9,8,1,EYU3371,EYU3371E4,76,MISTO,"301",E4,,PAULO,"2026-01-29 19:24:27","2026-01-29 19:39:57",15.50,CONFERENTE / SUPERVISOR ,"2026-01-29 23:24:55","2026-01-29 23:26:01",OP. EMPILHADEIRA 02,"2026-01-29 23:47:23",2026-01-29 19:00:00.000,2026-01-30 00:30:00.000
CÂNDIDO MOTA,2026-01-29,"1",EYU3371,"190596",9,8,1,EYU3371,EYU3371D3,147,MISTO,"1",D3,,LUCAS,"2026-01-29 19:22:00","2026-01-29 19:51:03",29.05,CONFERENTE / SUPERVISOR ,"2026-01-29 23:22:07","2026-01-29 23:24:00",OP. EMPILHADEIRA 02,"2026-01-29 23:47:26",2026-01-29 19:00:00.000,2026-01-30 00:30:00.000
CÂNDIDO MOTA,2026-01-29,"1",TLJ3H13,"190599",6,6,0,TLJ3H13,TLJ3H13D2,43,MISTO,"6",D2,,LUCAS,"2026-01-29 21:27:42","2026-01-29 21:38:26",10.73,CONFERENTE / SUPERVISOR ,"2026-01-29 22:57:17","2026-01-29 22:57:58",OP. EMPILHADEIRA 02,"2026-01-29 23:19:29",2026-01-29 19:00:00.000,2026-01-30 00:30:00.000
CÂNDIDO MOTA,2026-01-29,"1",TLJ3H13,"190599",6,6,0,TLJ3H13,TLJ3H13E2,111,MISTO,"4",E2,,LUCAS,"2026-01-29 20:37:40","2026-01-29 21:02:30",24.83,CONFERENTE / SUPERVISOR ,"2026-01-29 22:54:22","2026-01-29 22:55:55",OP. EMPILHADEIRA 02,"2026-01-29 23:19:39",2026-01-29 19:00:00.000,2026-01-30 00:30:00.000
CÂNDIDO MOTA,2026-01-29,"1",TLJ3H13,"190599",6,6,0,TLJ3H13,TLJ3H13E1,155,MISTO,"305",E1,,PAULO,"2026-01-29 20:34:11","2026-01-29 20:55:17",21.10,CONFERENTE / SUPERVISOR ,"2026-01-29 22:51:38","2026-01-29 22:52:48",OP. EMPILHADEIRA 02,"2026-01-29 23:19:42",2026-01-29 19:00:00.000,2026-01-30 00:30:00.000
CÂNDIDO MOTA,2026-01-29,"1",TLJ3H13,"190599",6,6,0,TLJ3H13,TLJ3H13D3,49,MISTO,"7",D3,,LUCAS,"2026-01-29 21:38:54","2026-01-29 21:55:28",16.57,CONFERENTE / SUPERVISOR ,"2026-01-29 22:50:02","2026-01-29 22:51:27",OP. EMPILHADEIRA 02,"2026-01-29 23:19:26",2026-01-29 19:00:00.000,2026-01-30 00:30:00.000
CÂNDIDO MOTA,2026-01-29,"1",TLJ3H13,"190599",6,6,0,TLJ3H13,TLJ3H13E3,93,MISTO,"107",E3,,JOSÉ,"2026-01-29 20:39:15","2026-01-29 20:51:28",12.22,CONFERENTE / SUPERVISOR ,"2026-01-29 22:52:59","2026-01-29 22:54:13",OP. EMPILHADEIRA 02,"2026-01-29 23:19:36",2026-01-29 19:00:00.000,2026-01-30 00:30:00.000
CÂNDIDO MOTA,2026-01-29,"1",TLJ3H13,"190599",6,6,0,TLJ3H13,TLJ3H13D1,83,MISTO,"5",D1,,LUCAS,"2026-01-29 21:03:08","2026-01-29 21:27:17",24.15,CONFERENTE / SUPERVISOR ,"2026-01-29 22:56:05","2026-01-29 22:57:09",OP. EMPILHADEIRA 02,"2026-01-29 23:19:33",2026-01-29 19:00:00.000,2026-01-30 00:30:00.000
CÂNDIDO MOTA,2026-01-30,"1",CMT0001,"1000190350",8,7,1,CMT0001,CMT0001D4,41,MISTO,"201",D4,,JOSÉ,"2026-01-30 18:35:59","2026-01-30 18:57:22",21.38,,"2026-01-30 20:58:56","2026-01-30 21:02:18",OP. EMPILHADEIRA 02,"2026-01-30 21:07:27",2026-01-30 18:00:00.000,2026-01-30 22:00:00.000
CÂNDIDO MOTA,2026-01-30,"1",CMT0001,"1000190350",8,7,1,CMT0001,CMT0001D2,199,MISTO,"2",D2,,LUCAS,"2026-01-30 18:44:35","2026-01-30 19:15:20",30.75,CONFERENTE / SUPERVISOR ,"2026-01-30 21:02:25","2026-01-30 21:02:45",OP. EMPILHADEIRA 02,"2026-01-30 21:04:54",2026-01-30 18:00:00.000,2026-01-30 22:00:00.000
CÂNDIDO MOTA,2026-01-30,"1",CMT0001,"1000190350",8,7,1,CMT0001,CMT0001D3,72,MISTO,"302",D3,,PAULO,"2026-01-30 18:41:39","2026-01-30 19:00:37",18.97,CONFERENTE / SUPERVISOR ,"2026-01-30 20:57:08","2026-01-30 20:58:18",OP. EMPILHADEIRA 02,"2026-01-30 21:05:04",2026-01-30 18:00:00.000,2026-01-30 22:00:00.000
CÂNDIDO MOTA,2026-01-30,"1",CMT0001,"1000190350",8,7,1,CMT0001,CMT0001E1,70,MISTO,"101",E1,,SEBASTIÃO,"2026-01-30 18:41:59","2026-01-30 19:06:57",24.97,CONFERENTE / SUPERVISOR ,"2026-01-30 21:02:52","2026-01-30 21:03:11",OP. EMPILHADEIRA 02,"2026-01-30 21:05:08",2026-01-30 18:00:00.000,2026-01-30 22:00:00.000
CÂNDIDO MOTA,2026-01-30,"1",CMT0001,"1000190350",8,7,1,CMT0001,CMT0001E2,32,MISTO,"1",E2,,LUCAS,"2026-01-30 18:34:29","2026-01-30 18:44:04",9.58,CONFERENTE / SUPERVISOR ,"2026-01-30 20:56:19","2026-01-30 20:56:25",OP. EMPILHADEIRA 02,"2026-01-30 21:05:11",2026-01-30 18:00:00.000,2026-01-30 22:00:00.000
CÂNDIDO MOTA,2026-01-30,"1",CMT0001,"1000190350",8,7,1,CMT0001,CMT0001D1,100,COMPLETO,,D1,,,,,,CONFERENTE / SUPERVISOR ,"2026-01-30 21:06:59","2026-01-30 21:07:02",OP. EMPILHADEIRA 02,"2026-01-30 21:04:50",2026-01-30 18:00:00.000,2026-01-30 22:00:00.000
CÂNDIDO MOTA,2026-01-30,"1",CMT0001,"1000190350",8,7,1,CMT0001,CMT0001E4,25,MISTO,"301",E4,,PAULO,"2026-01-30 18:35:24","2026-01-30 18:41:05",5.68,CONFERENTE / SUPERVISOR ,"2026-01-30 21:03:25","2026-01-30 21:03:50",OP. EMPILHADEIRA 02,"2026-01-30 21:05:14",2026-01-30 18:00:00.000,2026-01-30 22:00:00.000
CÂNDIDO MOTA,2026-01-30,"1",CMT0001,"1000190350",8,7,1,CMT0001,CMT0001E3,11,MISTO,"401",E3,,LEONARDO,"2026-01-30 18:34:40","2026-01-30 18:49:45",15.08,CONFERENTE / SUPERVISOR ,"2026-01-30 21:03:54","2026-01-30 21:04:11",OP. EMPILHADEIRA 02,"2026-01-30 21:05:17",2026-01-30 18:00:00.000,2026-01-30 22:00:00.000
CÂNDIDO MOTA,2026-01-30,"1",OUR1005,"1000190366",8,6,2,OUR1003,OUR1003D1,264,COMPLETO,,D1,,,,,,CONFERENTE / SUPERVISOR ,"2026-01-30 21:21:41","2026-01-30 21:21:44",OP. EMPILHADEIRA 02,"2026-01-30 21:21:02",2026-01-30 18:00:00.000,2026-01-30 22:00:00.000
CÂNDIDO MOTA,2026-01-30,"1",OUR1005,"1000190366",8,6,2,OUR1003,OUR1003D2,225,MISTO,"102",D2,,SEBASTIÃO,"2026-01-30 19:07:33","2026-01-30 20:24:18",76.75,CONFERENTE / SUPERVISOR ,"2026-01-30 21:15:29","2026-01-30 21:16:05",OP. EMPILHADEIRA 02,"2026-01-30 21:21:05",2026-01-30 18:00:00.000,2026-01-30 22:00:00.000
CÂNDIDO MOTA,2026-01-30,"1",OUR1005,"1000190366",8,6,2,OUR1003,OUR1003E4,96,MISTO,"202",E4,,JOSÉ,"2026-01-30 19:05:21","2026-01-30 19:28:07",22.77,CONFERENTE / SUPERVISOR ,"2026-01-30 21:17:48","2026-01-30 21:18:29",OP. EMPILHADEIRA 02,"2026-01-30 21:21:08",2026-01-30 18:00:00.000,2026-01-30 22:00:00.000
CÂNDIDO MOTA,2026-01-30,"1",OUR1005,"1000190366",8,6,2,OUR1003,OUR1003D3,72,MISTO,"404",D3,,LEONARDO,"2026-01-30 19:02:40","2026-01-30 19:21:18",18.63,CONFERENTE / SUPERVISOR ,"2026-01-30 21:16:16","2026-01-30 21:17:13",OP. EMPILHADEIRA 02,"2026-01-30 21:21:11",2026-01-30 18:00:00.000,2026-01-30 22:00:00.000
CÂNDIDO MOTA,2026-01-30,"1",OUR1005,"1000190366",8,6,2,OUR1003,OUR1003E2,47,MISTO,"303",E2,,PAULO,"2026-01-30 19:00:57","2026-01-30 19:19:43",18.77,CONFERENTE / SUPERVISOR ,"2026-01-30 21:18:35","2026-01-30 21:19:22",OP. EMPILHADEIRA 02,"2026-01-30 21:21:14",2026-01-30 18:00:00.000,2026-01-30 22:00:00.000
CÂNDIDO MOTA,2026-01-30,"1",OUR1005,"1000190366",8,6,2,OUR1003,OUR1003E1,252,COMPLETO,,E1,,,,,,CONFERENTE / SUPERVISOR ,"2026-01-30 21:21:32","2026-01-30 21:21:35",OP. EMPILHADEIRA 02,"2026-01-30 21:20:59",2026-01-30 18:00:00.000,2026-01-30 22:00:00.000
CÂNDIDO MOTA,2026-01-30,"1",OUR1005,"1000190366",8,6,2,OUR1003,OUR1003E3,10,MISTO,"403",E3,,LEONARDO,"2026-01-30 18:56:52","2026-01-30 19:02:24",5.53,CONFERENTE / SUPERVISOR ,"2026-01-30 21:17:17","2026-01-30 21:17:22",OP. EMPILHADEIRA 02,"2026-01-30 21:21:18",2026-01-30 18:00:00.000,2026-01-30 22:00:00.000
CÂNDIDO MOTA,2026-01-30,"1",OUR1005,"1000190366",8,6,2,OUR1003,OUR1003D4,6,MISTO,"402",D4,,LEONARDO,"2026-01-30 18:50:03","2026-01-30 18:56:32",6.48,CONFERENTE / SUPERVISOR ,"2026-01-30 21:19:25","2026-01-30 21:20:37",OP. EMPILHADEIRA 02,"2026-01-30 21:21:21",2026-01-30 18:00:00.000,2026-01-30 22:00:00.000
CÂNDIDO MOTA,2026-01-30,"1",CMT0004,"1000190353",9,6,3,CMT0004,CMT0004E1,100,COMPLETO,,E1,,,,,,CONFERENTE / SUPERVISOR ,"2026-01-31 00:22:44","2026-01-31 00:22:47",OP. EMPILHADEIRA 02,"2026-01-30 21:33:13",2026-01-30 18:00:00.000,2026-01-30 22:00:00.000
CÂNDIDO MOTA,2026-01-30,"1",CMT0004,"1000190353",9,6,3,CMT0004,CMT0004D2,100,COMPLETO,,D2,,,,,,CONFERENTE / SUPERVISOR ,"2026-01-31 00:22:52","2026-01-31 00:22:55",OP. EMPILHADEIRA 02,"2026-01-30 21:33:17",2026-01-30 18:00:00.000,2026-01-30 22:00:00.000
CÂNDIDO MOTA,2026-01-30,"1",CMT0004,"1000190353",9,6,3,CMT0004,CMT0004D3,270,MISTO,"203",D3,,JOSÉ,"2026-01-30 19:29:40","2026-01-30 20:26:47",57.12,,"2026-01-30 21:22:54","2026-01-30 21:26:54",OP. EMPILHADEIRA 02,"2026-01-31 00:22:00",2026-01-30 18:00:00.000,2026-01-30 22:00:00.000
CÂNDIDO MOTA,2026-01-30,"1",CMT0004,"1000190353",9,6,3,CMT0004,CMT0004D1,100,COMPLETO,,D1,,,,,,CONFERENTE / SUPERVISOR ,"2026-01-31 00:22:37","2026-01-31 00:22:40",OP. EMPILHADEIRA 02,"2026-01-30 21:33:09",2026-01-30 18:00:00.000,2026-01-30 22:00:00.000
CÂNDIDO MOTA,2026-01-30,"1",CMT0004,"1000190353",9,6,3,CMT0004,CMT0004D5,111,MISTO,"4",D5,,LUCAS,"2026-01-30 19:21:51","2026-01-30 19:38:00",16.15,CONFERENTE / SUPERVISOR ,"2026-01-30 21:22:26","2026-01-30 21:22:48",OP. EMPILHADEIRA 02,"2026-01-31 00:22:03",2026-01-30 18:00:00.000,2026-01-30 22:00:00.000
CÂNDIDO MOTA,2026-01-30,"1",CMT0004,"1000190353",9,6,3,CMT0004,CMT0004E3,77,MISTO,"405",E3,,LEONARDO,"2026-01-30 19:21:46","2026-01-30 19:58:59",37.22,CONFERENTE / SUPERVISOR ,"2026-01-30 21:27:33","2026-01-30 21:30:12",OP. EMPILHADEIRA 02,"2026-01-31 00:22:06",2026-01-30 18:00:00.000,2026-01-30 22:00:00.000
CÂNDIDO MOTA,2026-01-30,"1",CMT0004,"1000190353",9,6,3,CMT0004,CMT0004D4,30,MISTO,"304",D4,,PAULO,"2026-01-30 19:20:18","2026-01-30 19:25:42",5.40,CONFERENTE / SUPERVISOR ,"2026-01-30 21:30:28","2026-01-30 21:30:38",OP. EMPILHADEIRA 02,"2026-01-31 00:22:10",2026-01-30 18:00:00.000,2026-01-30 22:00:00.000
CÂNDIDO MOTA,2026-01-30,"1",CMT0004,"1000190353",9,6,3,CMT0004,CMT0004E4,12,MISTO,"3",E4,,LUCAS,"2026-01-30 19:15:52","2026-01-30 19:21:23",5.52,CONFERENTE / SUPERVISOR ,"2026-01-30 21:30:16","2026-01-30 21:30:25",OP. EMPILHADEIRA 02,"2026-01-31 00:22:14",2026-01-30 18:00:00.000,2026-01-30 22:00:00.000
CÂNDIDO MOTA,2026-01-30,"1",CMT0004,"1000190353",9,6,3,CMT0004,CMT0004E2,243,MISTO,"305",E2,,PAULO,"2026-01-30 19:26:05","2026-01-30 19:59:58",33.88,CONFERENTE / SUPERVISOR ,"2026-01-30 21:27:02","2026-01-30 21:27:24",OP. EMPILHADEIRA 02,"2026-01-30 21:33:30",2026-01-30 18:00:00.000,2026-01-30 22:00:00.000
CÂNDIDO MOTA,2026-01-30,"1",CMT0009,"1000190358",11,6,5,CMT0008,CMT0008E3,100,MISTO,"406",E3,,LEONARDO,"2026-01-30 19:59:19","2026-01-30 20:26:08",26.82,CONFERENTE / SUPERVISOR ,"2026-01-30 21:08:02","2026-01-30 21:08:09",OP. EMPILHADEIRA 02,"2026-01-30 21:14:09",2026-01-30 18:00:00.000,2026-01-30 22:00:00.000
CÂNDIDO MOTA,2026-01-30,"1",CMT0009,"1000190358",11,6,5,CMT0008,CMT0008D3,100,COMPLETO,,D3,,,,,,CONFERENTE / SUPERVISOR ,"2026-01-30 21:14:32","2026-01-30 21:14:35",OP. EMPILHADEIRA 02,"2026-01-30 21:13:46",2026-01-30 18:00:00.000,2026-01-30 22:00:00.000
CÂNDIDO MOTA,2026-01-30,"1",CMT0009,"1000190358",11,6,5,CMT0008,CMT0008D1,100,COMPLETO,,D1,,,,,,CONFERENTE / SUPERVISOR ,"2026-01-30 21:15:10","2026-01-30 21:15:13",OP. EMPILHADEIRA 02,"2026-01-30 21:13:56",2026-01-30 18:00:00.000,2026-01-30 22:00:00.000
CÂNDIDO MOTA,2026-01-30,"1",CMT0009,"1000190358",11,6,5,CMT0008,CMT0008E2,180,COMPLETO,,E2,,,,,,CONFERENTE / SUPERVISOR ,"2026-01-30 21:14:43","2026-01-30 21:14:47",OP. EMPILHADEIRA 02,"2026-01-30 21:14:00",2026-01-30 18:00:00.000,2026-01-30 22:00:00.000
CÂNDIDO MOTA,2026-01-30,"1",CMT0009,"1000190358",11,6,5,CMT0008,CMT0008D4,125,MISTO,"8",D4,,LUCAS,"2026-01-30 20:19:46","2026-01-30 20:33:30",13.73,CONFERENTE / SUPERVISOR ,"2026-01-30 20:49:34","2026-01-30 20:49:54",OP. EMPILHADEIRA 02,"2026-01-30 21:14:03",2026-01-30 18:00:00.000,2026-01-30 22:00:00.000
CÂNDIDO MOTA,2026-01-30,"1",CMT0009,"1000190358",11,6,5,CMT0008,CMT0008E4,117,MISTO,"306",E4,,PAULO,"2026-01-30 20:00:18","2026-01-30 20:29:09",28.85,CONFERENTE / SUPERVISOR ,"2026-01-30 20:50:05","2026-01-30 20:53:21",OP. EMPILHADEIRA 02,"2026-01-30 21:14:06",2026-01-30 18:00:00.000,2026-01-30 22:00:00.000
CÂNDIDO MOTA,2026-01-30,"1",CMT0009,"1000190358",11,6,5,CMT0008,CMT0008E1,100,COMPLETO,,E1,,,,,,CONFERENTE / SUPERVISOR ,"2026-01-30 21:14:52","2026-01-30 21:14:55",OP. EMPILHADEIRA 02,"2026-01-30 21:13:50",2026-01-30 18:00:00.000,2026-01-30 22:00:00.000
CÂNDIDO MOTA,2026-01-30,"1",CMT0009,"1000190358",11,6,5,CMT0008,CMT0008D6,77,MISTO,"7",D6,,LUCAS,"2026-01-30 19:53:10","2026-01-30 20:19:22",26.20,CONFERENTE / SUPERVISOR ,"2026-01-30 20:53:29","2026-01-30 20:54:26",OP. EMPILHADEIRA 02,"2026-01-30 21:14:13",2026-01-30 18:00:00.000,2026-01-30 22:00:00.000
CÂNDIDO MOTA,2026-01-30,"1",CMT0009,"1000190358",11,6,5,CMT0008,CMT0008D2,100,COMPLETO,,D2,,,,,,CONFERENTE / SUPERVISOR ,"2026-01-30 21:14:59","2026-01-30 21:15:02",OP. EMPILHADEIRA 02,"2026-01-30 21:13:53",2026-01-30 18:00:00.000,2026-01-30 22:00:00.000
CÂNDIDO MOTA,2026-01-30,"1",CMT0009,"1000190358",11,6,5,CMT0008,CMT0008D5,10,MISTO,"6",D5,,LUCAS,"2026-01-30 19:47:16","2026-01-30 19:52:24",5.13,CONFERENTE / SUPERVISOR ,"2026-01-30 20:55:47","2026-01-30 20:55:54",OP. EMPILHADEIRA 02,"2026-01-30 21:14:16",2026-01-30 18:00:00.000,2026-01-30 22:00:00.000
CÂNDIDO MOTA,2026-01-30,"1",CMT0009,"1000190358",11,6,5,CMT0008,CMT0008E5,82,MISTO,"5",E5,,LUCAS,"2026-01-30 19:38:23","2026-01-30 19:46:56",8.55,CONFERENTE / SUPERVISOR ,"2026-01-30 20:55:34","2026-01-30 20:55:44",OP. EMPILHADEIRA 02,"2026-01-30 21:14:19",2026-01-30 18:00:00.000,2026-01-30 22:00:00.000
CÂNDIDO MOTA,2026-02-02,"1",JUH1150,"1000191025",13,1,12,JUH1150,JUH1150E1,100,COMPLETO,,E1,,,,,,CONFERENTE / SUPERVISOR ,"2026-02-02 20:19:16","2026-02-02 20:19:20",GILMAR DE OLIVEIRA,"2026-02-02 20:10:03",2026-02-02 18:42:00.000,2026-02-02 21:55:00.000
CÂNDIDO MOTA,2026-02-02,"1",JUH1150,"1000191025",13,1,12,JUH1150,JUH1150E3,100,COMPLETO,,E3,,,,,,CONFERENTE / SUPERVISOR ,"2026-02-02 20:18:05","2026-02-02 20:19:02",GILMAR DE OLIVEIRA,"2026-02-02 20:09:54",2026-02-02 18:42:00.000,2026-02-02 21:55:00.000
CÂNDIDO MOTA,2026-02-02,"1",JUH1150,"1000191025",13,1,12,JUH1150,JUH1150D1,100,COMPLETO,,D1,,,,,,CONFERENTE / SUPERVISOR ,"2026-02-02 20:19:07","2026-02-02 20:19:11",GILMAR DE OLIVEIRA,"2026-02-02 20:09:59",2026-02-02 18:42:00.000,2026-02-02 21:55:00.000
CÂNDIDO MOTA,2026-02-02,"1",JUH1150,"1000191025",13,1,12,JUH1150,JUH1150D2,100,COMPLETO,,D2,,,,,,CONFERENTE / SUPERVISOR ,"2026-02-02 20:19:26","2026-02-02 20:19:29",GILMAR DE OLIVEIRA,"2026-02-02 20:10:07",2026-02-02 18:42:00.000,2026-02-02 21:55:00.000
CÂNDIDO MOTA,2026-02-02,"1",JUH1150,"1000191025",13,1,12,JUH1150,JUH1150E2,100,COMPLETO,,E2,,,,,,CONFERENTE / SUPERVISOR ,"2026-02-02 20:19:34","2026-02-02 20:19:38",GILMAR DE OLIVEIRA,"2026-02-02 20:10:12",2026-02-02 18:42:00.000,2026-02-02 21:55:00.000
CÂNDIDO MOTA,2026-02-02,"1",JUH1150,"1000191025",13,1,12,JUH1150,JUH1150D3,100,COMPLETO,,D3,,,,,,CONFERENTE / SUPERVISOR ,"2026-02-02 20:19:47","2026-02-02 20:19:51",GILMAR DE OLIVEIRA,"2026-02-02 20:10:16",2026-02-02 18:42:00.000,2026-02-02 21:55:00.000
CÂNDIDO MOTA,2026-02-02,"1",JUH1150,"1000191025",13,1,12,JUH1150,JUH1150D4,100,COMPLETO,,D4,,,,,,CONFERENTE / SUPERVISOR ,"2026-02-02 20:19:56","2026-02-02 20:20:00",GILMAR DE OLIVEIRA,"2026-02-02 20:10:20",2026-02-02 18:42:00.000,2026-02-02 21:55:00.000
CÂNDIDO MOTA,2026-02-02,"1",JUH1150,"1000191025",13,1,12,JUH1150,JUH1150E5,100,COMPLETO,,E5,,,,,,CONFERENTE / SUPERVISOR ,"2026-02-02 20:20:25","2026-02-02 20:20:29",GILMAR DE OLIVEIRA,"2026-02-02 20:10:32",2026-02-02 18:42:00.000,2026-02-02 21:55:00.000
CÂNDIDO MOTA,2026-02-02,"1",JUH1150,"1000191025",13,1,12,JUH1150,JUH1150E4,100,COMPLETO,,E4,,,,,,CONFERENTE / SUPERVISOR ,"2026-02-02 20:20:08","2026-02-02 20:20:12",GILMAR DE OLIVEIRA,"2026-02-02 20:10:24",2026-02-02 18:42:00.000,2026-02-02 21:55:00.000
CÂNDIDO MOTA,2026-02-02,"1",JUH1150,"1000191025",13,1,12,JUH1150,JUH1150D5,100,COMPLETO,,D5,,,,,,CONFERENTE / SUPERVISOR ,"2026-02-02 20:20:17","2026-02-02 20:20:21",GILMAR DE OLIVEIRA,"2026-02-02 20:10:28",2026-02-02 18:42:00.000,2026-02-02 21:55:00.000
CÂNDIDO MOTA,2026-02-02,"1",JUH1150,"1000191025",13,1,12,JUH1150,JUH1150D7,211,MISTO,"001",D7,,JOSÉ,"2026-02-02 21:20:05","2026-02-02 21:48:43",28.63,CONFERENTE / SUPERVISOR ,"2026-02-02 21:49:19","2026-02-02 21:51:23",GILMAR DE OLIVEIRA,"2026-02-02 21:52:09",2026-02-02 18:42:00.000,2026-02-02 21:55:00.000
CÂNDIDO MOTA,2026-02-02,"1",JUH1150,"1000191025",13,1,12,JUH1150,JUH1150D6,100,COMPLETO,,D6,,,,,,CONFERENTE / SUPERVISOR ,"2026-02-02 20:20:34","2026-02-02 20:20:38",GILMAR DE OLIVEIRA,"2026-02-02 20:10:36",2026-02-02 18:42:00.000,2026-02-02 21:55:00.000
CÂNDIDO MOTA,2026-02-02,"1",JUH1150,"1000191025",13,1,12,JUH1150,JUH1150E6,100,COMPLETO,,E6,,,,,,CONFERENTE / SUPERVISOR ,"2026-02-02 20:20:44","2026-02-02 20:20:48",GILMAR DE OLIVEIRA,"2026-02-02 20:10:41",2026-02-02 18:42:00.000,2026-02-02 21:55:00.000
CÂNDIDO MOTA,2026-02-02,"1",EYU3370,"1000190931",9,6,3,EYU3370,EYU3370E4,194,MISTO,"2",E4,,LUCAS,"2026-02-02 18:59:19","2026-02-02 19:20:46",21.45,,"2026-02-02 20:28:59","2026-02-02 20:32:03",GILMAR DE OLIVEIRA,"2026-02-02 21:13:11",2026-02-02 18:42:00.000,2026-02-02 21:55:00.000
CÂNDIDO MOTA,2026-02-02,"1",EYU3370,"1000190931",9,6,3,EYU3370,EYU3370D2,180,COMPLETO,,D2,,,,,,CONFERENTE / SUPERVISOR ,"2026-02-02 20:44:56","2026-02-02 20:45:05",GILMAR DE OLIVEIRA,"2026-02-02 20:09:35",2026-02-02 18:42:00.000,2026-02-02 21:55:00.000
CÂNDIDO MOTA,2026-02-02,"1",EYU3370,"1000190931",9,6,3,EYU3370,EYU3370D5,160,MISTO,"102",D5,,JOSÉ,"2026-02-02 18:58:10","2026-02-02 19:16:25",18.25,,"2026-02-02 20:32:14","2026-02-02 20:34:37",GILMAR DE OLIVEIRA,"2026-02-02 21:13:15",2026-02-02 18:42:00.000,2026-02-02 21:55:00.000
CÂNDIDO MOTA,2026-02-02,"1",EYU3370,"1000190931",9,6,3,EYU3370,EYU3370E1,180,COMPLETO,,E1,,,,,,CONFERENTE / SUPERVISOR ,"2026-02-02 20:45:10","2026-02-02 20:45:14",GILMAR DE OLIVEIRA,"2026-02-02 20:09:39",2026-02-02 18:42:00.000,2026-02-02 21:55:00.000
CÂNDIDO MOTA,2026-02-02,"1",EYU3370,"1000190931",9,6,3,EYU3370,EYU3370E2,149,MISTO,"301",E2,,PAULO,"2026-02-02 18:53:46","2026-02-02 19:05:26",11.67,CONFERENTE / SUPERVISOR ,"2026-02-02 20:27:28","2026-02-02 20:28:52",GILMAR DE OLIVEIRA,"2026-02-02 21:13:19",2026-02-02 18:42:00.000,2026-02-02 21:55:00.000
CÂNDIDO MOTA,2026-02-02,"1",EYU3370,"1000190931",9,6,3,EYU3370,EYU3370D3,49,MISTO,"201",D3,,LEONARDO,"2026-02-02 18:52:33","2026-02-02 19:11:12",18.65,CONFERENTE / SUPERVISOR ,"2026-02-02 20:34:48","2026-02-02 20:35:15",GILMAR DE OLIVEIRA,"2026-02-02 21:13:22",2026-02-02 18:42:00.000,2026-02-02 21:55:00.000
CÂNDIDO MOTA,2026-02-02,"1",EYU3370,"1000190931",9,6,3,EYU3370,EYU3370D1,198,COMPLETO,,D1,,,,,,CONFERENTE / SUPERVISOR ,"2026-02-02 20:45:18","2026-02-02 20:45:21",GILMAR DE OLIVEIRA,"2026-02-02 20:09:43",2026-02-02 18:42:00.000,2026-02-02 21:55:00.000
CÂNDIDO MOTA,2026-02-02,"1",EYU3370,"1000190931",9,6,3,EYU3370,EYU3370E3,21,MISTO,"1",E3,,LUCAS,"2026-02-02 18:50:36","2026-02-02 18:58:54",8.30,CONFERENTE / SUPERVISOR ,"2026-02-02 20:35:25","2026-02-02 20:35:37",GILMAR DE OLIVEIRA,"2026-02-02 21:13:27",2026-02-02 18:42:00.000,2026-02-02 21:55:00.000
CÂNDIDO MOTA,2026-02-02,"1",EYU3370,"1000190931",9,6,3,EYU3370,EYU3370D4,7,MISTO,"101",D4,,JOSÉ,"2026-02-02 18:50:06","2026-02-02 18:57:51",7.75,CONFERENTE / SUPERVISOR ,"2026-02-02 20:35:42","2026-02-02 20:37:53",GILMAR DE OLIVEIRA,"2026-02-02 21:13:31",2026-02-02 18:42:00.000,2026-02-02 21:55:00.000
CÂNDIDO MOTA,2026-02-02,"1",KBP7A79,"1000191026",14,3,11,KBP7A79,KBP7A79D1,264,COMPLETO,,D1,,,,,,CONFERENTE / SUPERVISOR ,"2026-02-02 20:25:18","2026-02-02 20:25:22",GILMAR DE OLIVEIRA,"2026-02-02 20:11:29",2026-02-02 18:42:00.000,2026-02-02 21:55:00.000
CÂNDIDO MOTA,2026-02-02,"1",KBP7A79,"1000191026",14,3,11,KBP7A79,KBP7A79E1,264,COMPLETO,,E1,,,,,,CONFERENTE / SUPERVISOR ,"2026-02-02 20:25:51","2026-02-02 20:25:56",GILMAR DE OLIVEIRA,"2026-02-02 20:11:25",2026-02-02 18:42:00.000,2026-02-02 21:55:00.000
CÂNDIDO MOTA,2026-02-02,"1",KBP7A79,"1000191026",14,3,11,KBP7A79,KBP7A79D7,100,MISTO,"303",D7,,PAULO,"2026-02-02 19:13:13","2026-02-02 19:23:06",9.88,CONFERENTE / SUPERVISOR ,"2026-02-02 20:21:54","2026-02-02 20:22:35",GILMAR DE OLIVEIRA,"2026-02-02 21:13:41",2026-02-02 18:42:00.000,2026-02-02 21:55:00.000
CÂNDIDO MOTA,2026-02-02,"1",KBP7A79,"1000191026",14,3,11,KBP7A79,KBP7A79E2,100,COMPLETO,,E2,,,,,,CONFERENTE / SUPERVISOR ,"2026-02-02 20:26:49","2026-02-02 20:26:55",GILMAR DE OLIVEIRA,"2026-02-02 20:11:01",2026-02-02 18:42:00.000,2026-02-02 21:55:00.000
CÂNDIDO MOTA,2026-02-02,"1",KBP7A79,"1000191026",14,3,11,KBP7A79,KBP7A79E5,100,COMPLETO,,E5,,,,,,CONFERENTE / SUPERVISOR ,"2026-02-02 20:26:01","2026-02-02 20:26:06",GILMAR DE OLIVEIRA,"2026-02-02 20:11:21",2026-02-02 18:42:00.000,2026-02-02 21:55:00.000
CÂNDIDO MOTA,2026-02-02,"1",KBP7A79,"1000191026",14,3,11,KBP7A79,KBP7A79D4,100,COMPLETO,,D4,,,,,,CONFERENTE / SUPERVISOR ,"2026-02-02 20:22:44","2026-02-02 20:22:48",GILMAR DE OLIVEIRA,"2026-02-02 20:10:49",2026-02-02 18:42:00.000,2026-02-02 21:55:00.000
CÂNDIDO MOTA,2026-02-02,"1",KBP7A79,"1000191026",14,3,11,KBP7A79,KBP7A79D5,100,COMPLETO,,D5,,,,,,CONFERENTE / SUPERVISOR ,"2026-02-02 20:26:12","2026-02-02 20:26:17",GILMAR DE OLIVEIRA,"2026-02-02 20:11:17",2026-02-02 18:42:00.000,2026-02-02 21:55:00.000
CÂNDIDO MOTA,2026-02-02,"1",KBP7A79,"1000191026",14,3,11,KBP7A79,KBP7A79D6,100,COMPLETO,,D6,,,,,,CONFERENTE / SUPERVISOR ,"2026-02-02 20:22:52","2026-02-02 20:22:55",GILMAR DE OLIVEIRA,"2026-02-02 20:10:53",2026-02-02 18:42:00.000,2026-02-02 21:55:00.000
CÂNDIDO MOTA,2026-02-02,"1",KBP7A79,"1000191026",14,3,11,KBP7A79,KBP7A79E4,100,COMPLETO,,E4,,,,,,CONFERENTE / SUPERVISOR ,"2026-02-02 20:26:23","2026-02-02 20:26:28",GILMAR DE OLIVEIRA,"2026-02-02 20:11:13",2026-02-02 18:42:00.000,2026-02-02 21:55:00.000
CÂNDIDO MOTA,2026-02-02,"1",KBP7A79,"1000191026",14,3,11,KBP7A79,KBP7A79D2,100,COMPLETO,,D2,,,,,,CONFERENTE / SUPERVISOR ,"2026-02-02 20:25:08","2026-02-02 20:25:13",GILMAR DE OLIVEIRA,"2026-02-02 20:10:57",2026-02-02 18:42:00.000,2026-02-02 21:55:00.000
CÂNDIDO MOTA,2026-02-02,"1",KBP7A79,"1000191026",14,3,11,KBP7A79,KBP7A79E6,100,MISTO,"202",E6,,LEONARDO,"2026-02-02 19:11:31","2026-02-02 19:26:04",14.55,CONFERENTE / SUPERVISOR ,"2026-02-02 20:21:12","2026-02-02 20:21:49",GILMAR DE OLIVEIRA,"2026-02-02 21:13:46",2026-02-02 18:42:00.000,2026-02-02 21:55:00.000
CÂNDIDO MOTA,2026-02-02,"1",KBP7A79,"1000191026",14,3,11,KBP7A79,KBP7A79E3,100,COMPLETO,,E3,,,,,,CONFERENTE / SUPERVISOR ,"2026-02-02 20:26:33","2026-02-02 20:26:36",GILMAR DE OLIVEIRA,"2026-02-02 20:11:10",2026-02-02 18:42:00.000,2026-02-02 21:55:00.000
CÂNDIDO MOTA,2026-02-02,"1",KBP7A79,"1000191026",14,3,11,KBP7A79,KBP7A79E7,9,MISTO,"302",E7,,PAULO,"2026-02-02 19:06:19","2026-02-02 19:12:50",6.52,CONFERENTE / SUPERVISOR ,"2026-02-02 20:24:00","2026-02-02 20:24:59",GILMAR DE OLIVEIRA,"2026-02-02 21:13:50",2026-02-02 18:42:00.000,2026-02-02 21:55:00.000
CÂNDIDO MOTA,2026-02-02,"1",KBP7A79,"1000191026",14,3,11,KBP7A79,KBP7A79D3,100,COMPLETO,,D3,,,,,,CONFERENTE / SUPERVISOR ,"2026-02-02 20:26:40","2026-02-02 20:26:43",GILMAR DE OLIVEIRA,"2026-02-02 20:11:05",2026-02-02 18:42:00.000,2026-02-02 21:55:00.000
CÂNDIDO MOTA,2026-02-02,"1",FUX8622,"1000191034",8,6,2,FUX8622,FUX8622D1,180,COMPLETO,,D1,,,,,,CONFERENTE / SUPERVISOR ,"2026-02-02 20:45:47","2026-02-02 20:45:59",GILMAR DE OLIVEIRA,"2026-02-02 20:16:12",2026-02-02 18:42:00.000,2026-02-02 21:55:00.000
CÂNDIDO MOTA,2026-02-02,"1",FUX8622,"1000191034",8,6,2,FUX8622,FUX8622E1,180,COMPLETO,,E1,,,,,,CONFERENTE / SUPERVISOR ,"2026-02-02 20:46:08","2026-02-02 20:46:12",GILMAR DE OLIVEIRA,"2026-02-02 20:16:16",2026-02-02 18:42:00.000,2026-02-02 21:55:00.000
CÂNDIDO MOTA,2026-02-02,"1",FUX8622,"1000191034",8,6,2,FUX8622,FUX8622D5,184,MISTO,"104",D5,,JOSÉ,"2026-02-02 19:43:09","2026-02-02 20:05:42",22.55,,"2026-02-02 20:46:25","2026-02-02 20:49:41",GILMAR DE OLIVEIRA,"2026-02-02 21:14:13",2026-02-02 18:42:00.000,2026-02-02 21:55:00.000
CÂNDIDO MOTA,2026-02-02,"1",FUX8622,"1000191034",8,6,2,FUX8622,FUX8622E3,88,MISTO,"3",E3,,LUCAS,"2026-02-02 19:21:14","2026-02-02 19:47:19",26.08,CONFERENTE / SUPERVISOR ,"2026-02-02 21:04:11","2026-02-02 21:07:14",GILMAR DE OLIVEIRA,"2026-02-02 21:14:25",2026-02-02 18:42:00.000,2026-02-02 21:55:00.000
CÂNDIDO MOTA,2026-02-02,"1",FUX8622,"1000191034",8,6,2,FUX8622,FUX8622E4,243,MISTO,"204",E4,,LEONARDO,"2026-02-02 19:40:46","2026-02-02 20:00:47",20.02,CONFERENTE / SUPERVISOR ,"2026-02-02 20:55:13","2026-02-02 20:57:38",GILMAR DE OLIVEIRA,"2026-02-02 21:14:09",2026-02-02 18:42:00.000,2026-02-02 21:55:00.000
CÂNDIDO MOTA,2026-02-02,"1",FUX8622,"1000191034",8,6,2,FUX8622,FUX8622D3,37,MISTO,"103",D3,,JOSÉ,"2026-02-02 19:16:55","2026-02-02 19:36:47",19.87,,"2026-02-02 20:57:46","2026-02-02 21:03:45",GILMAR DE OLIVEIRA,"2026-02-02 21:14:28",2026-02-02 18:42:00.000,2026-02-02 21:55:00.000
CÂNDIDO MOTA,2026-02-02,"1",FUX8622,"1000191034",8,6,2,FUX8622,FUX8622D2,183,MISTO,"203",D2,,LEONARDO,"2026-02-02 19:26:26","2026-02-02 19:40:29",14.05,CONFERENTE / SUPERVISOR ,"2026-02-02 20:53:41","2026-02-02 20:55:00",GILMAR DE OLIVEIRA,"2026-02-02 21:14:17",2026-02-02 18:42:00.000,2026-02-02 21:55:00.000
CÂNDIDO MOTA,2026-02-02,"1",FUX8622,"1000191034",8,6,2,FUX8622,FUX8622E2,96,MISTO,"304",E2,,PAULO,"2026-02-02 19:23:43","2026-02-02 19:49:31",25.80,CONFERENTE / SUPERVISOR ,"2026-02-02 20:50:00","2026-02-02 20:53:29",GILMAR DE OLIVEIRA,"2026-02-02 21:14:21",2026-02-02 18:42:00.000,2026-02-02 21:55:00.000
CÂNDIDO MOTA,2026-02-03,"1",EYU3703,"1000191299",9,8,1,EYU3703,EYU3703E3,66,MISTO,"6",E3,,LUCAS,"2026-02-03 22:28:39","2026-02-03 22:58:37",29.97,CONFERENTE / SUPERVISOR ,"2026-02-04 00:09:19","2026-02-04 00:09:24",GILMAR DE OLIVEIRA,"2026-02-04 00:03:34",2026-02-03 19:30:00.000,2026-02-04 02:15:00.000
CÂNDIDO MOTA,2026-02-03,"1",EYU3703,"1000191299",9,8,1,EYU3703,EYU3703E4,58,MISTO,"310",E4,,PAULO,"2026-02-03 22:45:12","2026-02-03 22:48:48",3.60,CONFERENTE / SUPERVISOR ,"2026-02-04 00:09:52","2026-02-04 00:09:57",GILMAR DE OLIVEIRA,"2026-02-04 00:03:23",2026-02-03 19:30:00.000,2026-02-04 02:15:00.000
CÂNDIDO MOTA,2026-02-03,"1",EYU3703,"1000191299",9,8,1,EYU3703,EYU3703D5,24,MISTO,"307",D5,,PAULO,"2026-02-03 22:27:17","2026-02-03 22:31:39",4.37,CONFERENTE / SUPERVISOR ,"2026-02-04 00:09:27","2026-02-04 00:09:31",GILMAR DE OLIVEIRA,"2026-02-04 00:03:38",2026-02-03 19:30:00.000,2026-02-04 02:15:00.000
CÂNDIDO MOTA,2026-02-03,"1",EYU3703,"1000191299",9,8,1,EYU3703,EYU3703D2,34,MISTO,"308",D2,,PAULO,"2026-02-03 22:31:58","2026-02-03 22:41:48",9.83,CONFERENTE / SUPERVISOR ,"2026-02-04 00:09:35","2026-02-04 00:09:39",GILMAR DE OLIVEIRA,"2026-02-04 00:03:30",2026-02-03 19:30:00.000,2026-02-04 02:15:00.000
CÂNDIDO MOTA,2026-02-03,"1",EYU3703,"1000191299",9,8,1,EYU3703,EYU3703D4,71,MISTO,"311",D4,,PAULO,"2026-02-03 22:52:26","2026-02-03 22:58:13",5.78,CONFERENTE / SUPERVISOR ,"2026-02-04 00:10:02","2026-02-04 00:10:07",GILMAR DE OLIVEIRA,"2026-02-04 00:03:19",2026-02-03 19:30:00.000,2026-02-04 02:15:00.000
CÂNDIDO MOTA,2026-02-03,"1",EYU3703,"1000191299",9,8,1,EYU3703,EYU3703E1,45,MISTO,"309",E1,,PAULO,"2026-02-03 22:44:17","2026-02-03 22:44:57",0.67,CONFERENTE / SUPERVISOR ,"2026-02-04 00:09:43","2026-02-04 00:09:47",GILMAR DE OLIVEIRA,"2026-02-04 00:03:27",2026-02-03 19:30:00.000,2026-02-04 02:15:00.000
CÂNDIDO MOTA,2026-02-03,"1",EYU3703,"1000191299",9,8,1,EYU3703,EYU3703D1,180,COMPLETO,,D1,,,,,,CONFERENTE / SUPERVISOR ,"2026-02-04 00:10:32","2026-02-04 00:10:37",GILMAR DE OLIVEIRA,"2026-02-04 00:03:07",2026-02-03 19:30:00.000,2026-02-04 02:15:00.000
CÂNDIDO MOTA,2026-02-03,"1",EYU3703,"1000191299",9,8,1,EYU3703,EYU3703E2,131,MISTO,"107",E2,,JOSÉ,"2026-02-03 22:55:58","2026-02-03 23:23:25",27.45,CONFERENTE / SUPERVISOR ,"2026-02-04 00:10:13","2026-02-04 00:10:19",GILMAR DE OLIVEIRA,"2026-02-04 00:03:15",2026-02-03 19:30:00.000,2026-02-04 02:15:00.000
CÂNDIDO MOTA,2026-02-03,"1",EYU3703,"1000191299",9,8,1,EYU3703,EYU3703D3,147,MISTO,"312",D3,,PAULO,"2026-02-03 22:58:32","2026-02-03 23:39:33",41.02,CONFERENTE / SUPERVISOR ,"2026-02-04 00:10:23","2026-02-04 00:10:28",GILMAR DE OLIVEIRA,"2026-02-04 00:03:11",2026-02-03 19:30:00.000,2026-02-04 02:15:00.000
CÂNDIDO MOTA,2026-02-03,"1",EYU3705,"1000191295",9,8,1,EYU3705,EYU3705E4,34,MISTO,"9",E4,,LUCAS,"2026-02-03 23:26:21","2026-02-03 23:39:55",13.57,CONFERENTE / SUPERVISOR ,"2026-02-04 00:44:34","2026-02-04 00:44:37",GILMAR DE OLIVEIRA,"2026-02-04 00:41:36",2026-02-03 19:30:00.000,2026-02-04 02:15:00.000
CÂNDIDO MOTA,2026-02-03,"1",EYU3705,"1000191295",9,8,1,EYU3705,EYU3705D5,25,MISTO,"7",D5,,LUCAS,"2026-02-03 22:59:23","2026-02-03 23:05:27",6.07,CONFERENTE / SUPERVISOR ,"2026-02-04 00:44:17","2026-02-04 00:44:21",GILMAR DE OLIVEIRA,"2026-02-04 00:41:46",2026-02-03 19:30:00.000,2026-02-04 02:15:00.000
CÂNDIDO MOTA,2026-02-03,"1",EYU3705,"1000191295",9,8,1,EYU3705,EYU3705D1,81,COMPLETO,,D1,,,,,,CONFERENTE / SUPERVISOR ,"2026-02-04 00:45:07","2026-02-04 00:45:12",GILMAR DE OLIVEIRA,"2026-02-04 00:41:10",2026-02-03 19:30:00.000,2026-02-04 02:15:00.000
CÂNDIDO MOTA,2026-02-03,"1",EYU3705,"1000191295",9,8,1,EYU3705,EYU3705D2,62,MISTO,"108",D2,,JOSÉ,"2026-02-03 23:38:34","2026-02-03 23:48:17",9.72,CONFERENTE / SUPERVISOR ,"2026-02-04 00:44:42","2026-02-04 00:44:54",GILMAR DE OLIVEIRA,"2026-02-04 00:41:32",2026-02-03 19:30:00.000,2026-02-04 02:15:00.000
CÂNDIDO MOTA,2026-02-03,"1",EYU3705,"1000191295",9,8,1,EYU3705,EYU3705E1,98,MISTO,"10",E1,,LUCAS,"2026-02-03 23:40:32","2026-02-03 23:46:49",6.28,CONFERENTE / SUPERVISOR ,"2026-02-04 00:45:18","2026-02-04 00:45:21",GILMAR DE OLIVEIRA,"2026-02-04 00:41:24",2026-02-03 19:30:00.000,2026-02-04 02:15:00.000
CÂNDIDO MOTA,2026-02-03,"1",EYU3705,"1000191295",9,8,1,EYU3705,EYU3705D4,99,MISTO,"11",D4,,LUCAS,"2026-02-03 23:48:15","2026-02-04 00:13:01",24.77,CONFERENTE / SUPERVISOR ,"2026-02-04 00:45:26","2026-02-04 00:45:29",GILMAR DE OLIVEIRA,"2026-02-04 00:41:19",2026-02-03 19:30:00.000,2026-02-04 02:15:00.000
CÂNDIDO MOTA,2026-02-03,"1",EYU3705,"1000191295",9,8,1,EYU3705,EYU3705E3,80,MISTO,"8",E3,,LUCAS,"2026-02-03 23:05:57","2026-02-03 23:25:49",19.87,CONFERENTE / SUPERVISOR ,"2026-02-04 00:44:25","2026-02-04 00:44:30",GILMAR DE OLIVEIRA,"2026-02-04 00:41:39",2026-02-03 19:30:00.000,2026-02-04 02:15:00.000
CÂNDIDO MOTA,2026-02-03,"1",EYU3705,"1000191295",9,8,1,EYU3705,EYU3705D3,68,MISTO,"313",D3,,PAULO,"2026-02-03 23:39:53","2026-02-03 23:58:07",18.23,CONFERENTE / SUPERVISOR ,"2026-02-04 00:44:59","2026-02-04 00:45:02",GILMAR DE OLIVEIRA,"2026-02-04 00:41:28",2026-02-03 19:30:00.000,2026-02-04 02:15:00.000
CÂNDIDO MOTA,2026-02-03,"1",EYU3705,"1000191295",9,8,1,EYU3705,EYU3705E2,208,MISTO,"109",E2,,JOSÉ,"2026-02-03 23:48:46","2026-02-04 00:16:59",28.22,CONFERENTE / SUPERVISOR ,"2026-02-04 00:30:23","2026-02-04 00:35:57",GILMAR DE OLIVEIRA,"2026-02-04 00:41:15",2026-02-03 19:30:00.000,2026-02-04 02:15:00.000
CÂNDIDO MOTA,2026-02-03,"1",EYU3361,"1000191523",9,9,0,EYU3361,EYU3361D5,228,MISTO,"106",D5,,JOSÉ,"2026-02-03 20:54:18","2026-02-03 22:55:35",121.28,CONFERENTE / SUPERVISOR ,"2026-02-04 00:07:27","2026-02-04 00:07:45",GILMAR DE OLIVEIRA,"2026-02-04 00:12:09",2026-02-03 19:30:00.000,2026-02-04 02:15:00.000
CÂNDIDO MOTA,2026-02-03,"1",EYU3361,"1000191523",9,9,0,EYU3361,EYU3361E4,56,MISTO,"103",E4,,JOSÉ,"2026-02-03 20:28:25","2026-02-03 20:41:15",12.83,CONFERENTE / SUPERVISOR ,"2026-02-04 00:08:11","2026-02-04 00:08:15",GILMAR DE OLIVEIRA,"2026-02-04 00:02:44",2026-02-03 19:30:00.000,2026-02-04 02:15:00.000
CÂNDIDO MOTA,2026-02-03,"1",EYU3361,"1000191523",9,9,0,EYU3361,EYU3361D4,38,MISTO,"3",D4,,LUCAS,"2026-02-03 20:20:22","2026-02-03 20:31:15",10.88,CONFERENTE / SUPERVISOR ,"2026-02-04 00:07:55","2026-02-04 00:07:59",GILMAR DE OLIVEIRA,"2026-02-04 00:02:53",2026-02-03 19:30:00.000,2026-02-04 02:15:00.000
CÂNDIDO MOTA,2026-02-03,"1",EYU3361,"1000191523",9,9,0,EYU3361,EYU3361D1,99,MISTO,"105",D1,,JOSÉ,"2026-02-03 20:45:44","2026-02-03 20:54:00",8.27,CONFERENTE / SUPERVISOR ,"2026-02-04 00:08:45","2026-02-04 00:08:48",GILMAR DE OLIVEIRA,"2026-02-04 00:02:28",2026-02-03 19:30:00.000,2026-02-04 02:15:00.000
CÂNDIDO MOTA,2026-02-03,"1",EYU3361,"1000191523",9,9,0,EYU3361,EYU3361E2,59,MISTO,"4",E2,,LUCAS,"2026-02-03 20:31:43","2026-02-03 20:44:41",12.97,CONFERENTE / SUPERVISOR ,"2026-02-04 00:08:19","2026-02-04 00:08:23",GILMAR DE OLIVEIRA,"2026-02-04 00:02:40",2026-02-03 19:30:00.000,2026-02-04 02:15:00.000
CÂNDIDO MOTA,2026-02-03,"1",EYU3361,"1000191523",9,9,0,EYU3361,EYU3361D3,107,MISTO,"304",D3,,PAULO,"2026-02-03 20:27:46","2026-02-03 20:46:19",18.55,CONFERENTE / SUPERVISOR ,"2026-02-04 00:08:02","2026-02-04 00:08:07",GILMAR DE OLIVEIRA,"2026-02-04 00:02:48",2026-02-03 19:30:00.000,2026-02-04 02:15:00.000
CÂNDIDO MOTA,2026-02-03,"1",EYU3361,"1000191523",9,9,0,EYU3361,EYU3361E1,80,MISTO,"104",E1,,JOSÉ,"2026-02-03 20:41:33","2026-02-03 20:45:22",3.82,CONFERENTE / SUPERVISOR ,"2026-02-04 00:08:28","2026-02-04 00:08:31",GILMAR DE OLIVEIRA,"2026-02-04 00:02:36",2026-02-03 19:30:00.000,2026-02-04 02:15:00.000
CÂNDIDO MOTA,2026-02-03,"1",EYU3361,"1000191523",9,9,0,EYU3361,EYU3361D2,191,MISTO,"305",D2,,PAULO,"2026-02-03 20:46:43","2026-02-03 22:17:02",90.32,CONFERENTE / SUPERVISOR ,"2026-02-04 00:08:53","2026-02-04 00:08:57",GILMAR DE OLIVEIRA,"2026-02-04 00:02:24",2026-02-03 19:30:00.000,2026-02-04 02:15:00.000
CÂNDIDO MOTA,2026-02-03,"1",EYU3361,"1000191523",9,9,0,EYU3361,EYU3361E3,88,MISTO,"5",E3,,LUCAS,"2026-02-03 20:45:06","2026-02-03 21:05:02",19.93,CONFERENTE / SUPERVISOR ,"2026-02-04 00:08:36","2026-02-04 00:08:40",GILMAR DE OLIVEIRA,"2026-02-04 00:02:32",2026-02-03 19:30:00.000,2026-02-04 02:15:00.000
CÂNDIDO MOTA,2026-02-03,"1",EYU3362,"1000191303",9,7,2,EYU3362,EYU3362E2,126,MISTO,"317",E2,,PAULO,"2026-02-04 00:29:18","2026-02-04 00:54:01",24.72,CLAUDENIR RODRIGUES MARTINS,"2026-02-04 02:42:16","2026-02-04 02:42:20",GILMAR DE OLIVEIRA,"2026-02-04 02:34:28",2026-02-03 19:30:00.000,2026-02-04 02:15:00.000
CÂNDIDO MOTA,2026-02-03,"1",EYU3362,"1000191303",9,7,2,EYU3362,EYU3362D1,180,COMPLETO,,D1,,,,,,CLAUDENIR RODRIGUES MARTINS,"2026-02-04 02:42:25","2026-02-04 02:42:29",GILMAR DE OLIVEIRA,"2026-02-04 02:34:24",2026-02-03 19:30:00.000,2026-02-04 02:15:00.000
CÂNDIDO MOTA,2026-02-03,"1",EYU3362,"1000191303",9,7,2,EYU3362,EYU3362E3,147,MISTO,"13",E3,,LUCAS,"2026-02-04 00:30:11","2026-02-04 00:53:58",23.78,,"2026-02-04 02:40:48","2026-02-04 02:41:16",GILMAR DE OLIVEIRA,"2026-02-04 02:53:55",2026-02-03 19:30:00.000,2026-02-04 02:15:00.000
CÂNDIDO MOTA,2026-02-03,"1",EYU3362,"1000191303",9,7,2,EYU3362,EYU3362D5,82,MISTO,"12",D5,,LUCAS,"2026-02-04 00:13:25","2026-02-04 00:29:45",16.33,,"2026-02-04 02:35:38","2026-02-04 02:36:10",GILMAR DE OLIVEIRA,"2026-02-04 02:54:00",2026-02-03 19:30:00.000,2026-02-04 02:15:00.000
CÂNDIDO MOTA,2026-02-03,"1",EYU3362,"1000191303",9,7,2,EYU3362,EYU3362D3,88,MISTO,"110",D3,,JOSÉ,"2026-02-04 00:17:15","2026-02-04 00:39:15",22.00,CLAUDENIR RODRIGUES MARTINS,"2026-02-04 02:41:23","2026-02-04 02:41:27",GILMAR DE OLIVEIRA,"2026-02-04 02:34:32",2026-02-03 19:30:00.000,2026-02-04 02:15:00.000
CÂNDIDO MOTA,2026-02-03,"1",EYU3362,"1000191303",9,7,2,EYU3362,EYU3362D4,24,MISTO,"314",D4,,PAULO,"2026-02-03 23:58:28","2026-02-04 00:06:49",8.35,CLAUDENIR RODRIGUES MARTINS,"2026-02-04 02:41:31","2026-02-04 02:41:38",GILMAR DE OLIVEIRA,"2026-02-04 02:34:44",2026-02-03 19:30:00.000,2026-02-04 02:15:00.000
CÂNDIDO MOTA,2026-02-03,"1",EYU3362,"1000191303",9,7,2,EYU3362,EYU3362E4,24,MISTO,"315",E4,,PAULO,"2026-02-04 00:07:06","2026-02-04 00:12:51",5.75,CLAUDENIR RODRIGUES MARTINS,"2026-02-04 02:41:42","2026-02-04 02:41:46",GILMAR DE OLIVEIRA,"2026-02-04 02:34:40",2026-02-03 19:30:00.000,2026-02-04 02:15:00.000
CÂNDIDO MOTA,2026-02-03,"1",EYU3362,"1000191303",9,7,2,EYU3362,EYU3362D2,65,MISTO,"316",D2,,PAULO,"2026-02-04 00:13:11","2026-02-04 00:28:39",15.47,CLAUDENIR RODRIGUES MARTINS,"2026-02-04 02:41:49","2026-02-04 02:41:53",GILMAR DE OLIVEIRA,"2026-02-04 02:34:36",2026-02-03 19:30:00.000,2026-02-04 02:15:00.000
CÂNDIDO MOTA,2026-02-03,"1",EYU3362,"1000191303",9,7,2,EYU3362,EYU3362E1,100,COMPLETO,,E1,,,,,,CLAUDENIR RODRIGUES MARTINS,"2026-02-04 02:41:57","2026-02-04 02:42:00",GILMAR DE OLIVEIRA,"2026-02-04 02:34:20",2026-02-03 19:30:00.000,2026-02-04 02:15:00.000
CÂNDIDO MOTA,2026-02-03,"1",TMG6G62,"1000191530",5,5,0,TMG6G62,TMG6G62E3,88,MISTO,"318",E3,,,"2026-02-04 00:56:29",,,,"2026-02-04 02:47:13","2026-02-04 02:47:42",GILMAR DE OLIVEIRA,"2026-02-04 02:54:13",2026-02-03 19:30:00.000,2026-02-04 02:15:00.000
CÂNDIDO MOTA,2026-02-03,"1",TMG6G62,"1000191530",5,5,0,TMG6G62,TMG6G62D2,20,MISTO,"113",D2,,JOSÉ,"2026-02-04 00:54:23","2026-02-04 01:03:23",9.00,,"2026-02-04 02:44:17","2026-02-04 02:44:49",GILMAR DE OLIVEIRA,"2026-02-04 02:54:17",2026-02-03 19:30:00.000,2026-02-04 02:15:00.000
CÂNDIDO MOTA,2026-02-03,"1",TMG6G62,"1000191530",5,5,0,TMG6G62,TMG6G62E1,13,MISTO,"112",E1,,JOSÉ,"2026-02-04 00:44:40","2026-02-04 00:53:59",9.32,,"2026-02-04 02:43:45","2026-02-04 02:44:14",GILMAR DE OLIVEIRA,"2026-02-04 02:54:22",2026-02-03 19:30:00.000,2026-02-04 02:15:00.000
CÂNDIDO MOTA,2026-02-03,"1",TMG6G62,"1000191530",5,5,0,TMG6G62,TMG6G62D3,4,MISTO,"111",D3,,JOSÉ,"2026-02-04 00:39:37","2026-02-04 00:44:21",4.73,CLAUDENIR RODRIGUES MARTINS,"2026-02-04 02:43:25","2026-02-04 02:43:41",GILMAR DE OLIVEIRA,"2026-02-04 02:54:25",2026-02-03 19:30:00.000,2026-02-04 02:15:00.000
CÂNDIDO MOTA,2026-02-03,"1",TMG6G62,"1000191530",5,5,0,TMG6G62,TMG6G62D1,131,MISTO,"14",D1,,,"2026-02-04 00:54:21",,,,"2026-02-04 02:52:19","2026-02-04 02:52:42",GILMAR DE OLIVEIRA,"2026-02-04 02:54:09",2026-02-03 19:30:00.000,2026-02-04 02:15:00.000
CÂNDIDO MOTA,2026-02-03,"1",EYU3370,"1000191526",9,8,1,EYU3370,EYU3370D1,180,COMPLETO,,D1,,,,,,CONFERENTE / SUPERVISOR ,"2026-02-04 00:06:09","2026-02-04 00:06:14",GILMAR DE OLIVEIRA,"2026-02-04 00:01:14",2026-02-03 19:30:00.000,2026-02-04 02:15:00.000
CÂNDIDO MOTA,2026-02-03,"1",EYU3370,"1000191526",9,8,1,EYU3370,EYU3370E1,183,MISTO,"303",E1,,PAULO,"2026-02-03 20:17:53","2026-02-03 20:27:29",9.60,CONFERENTE / SUPERVISOR ,"2026-02-04 00:06:19","2026-02-04 00:07:02",GILMAR DE OLIVEIRA,"2026-02-04 00:01:22",2026-02-03 19:30:00.000,2026-02-04 02:15:00.000
CÂNDIDO MOTA,2026-02-03,"1",EYU3370,"1000191526",9,8,1,EYU3370,EYU3370D2,81,MISTO,"1",D2,,LUCAS,"2026-02-03 19:39:03","2026-02-03 19:50:12",11.15,CONFERENTE / SUPERVISOR ,"2026-02-04 00:05:13","2026-02-04 00:05:17",GILMAR DE OLIVEIRA,"2026-02-04 00:01:46",2026-02-03 19:30:00.000,2026-02-04 02:15:00.000
CÂNDIDO MOTA,2026-02-03,"1",EYU3370,"1000191526",9,8,1,EYU3370,EYU3370E3,30,MISTO,"306",E3,,PAULO,"2026-02-03 22:17:21","2026-02-03 22:26:23",9.03,CONFERENTE / SUPERVISOR ,"2026-02-04 00:04:49","2026-02-04 00:04:55",GILMAR DE OLIVEIRA,"2026-02-04 00:01:55",2026-02-03 19:30:00.000,2026-02-04 02:15:00.000
CÂNDIDO MOTA,2026-02-03,"1",EYU3370,"1000191526",9,8,1,EYU3370,EYU3370D5,45,MISTO,"301",D5,,PAULO,"2026-02-03 19:38:53","2026-02-03 19:51:10",12.28,CONFERENTE / SUPERVISOR ,"2026-02-04 00:05:01","2026-02-04 00:05:06",GILMAR DE OLIVEIRA,"2026-02-04 00:01:50",2026-02-03 19:30:00.000,2026-02-04 02:15:00.000
CÂNDIDO MOTA,2026-02-03,"1",EYU3370,"1000191526",9,8,1,EYU3370,EYU3370D3,85,MISTO,"101",D3,,JOSÉ,"2026-02-03 19:39:29","2026-02-03 20:06:32",27.05,CONFERENTE / SUPERVISOR ,"2026-02-04 00:05:25","2026-02-04 00:05:29",GILMAR DE OLIVEIRA,"2026-02-04 00:01:42",2026-02-03 19:30:00.000,2026-02-04 02:15:00.000
CÂNDIDO MOTA,2026-02-03,"1",EYU3370,"1000191526",9,8,1,EYU3370,EYU3370E4,99,MISTO,"2",E4,,LUCAS,"2026-02-03 19:50:37","2026-02-03 20:20:01",29.40,CONFERENTE / SUPERVISOR ,"2026-02-04 00:05:34","2026-02-04 00:05:39",GILMAR DE OLIVEIRA,"2026-02-04 00:01:38",2026-02-03 19:30:00.000,2026-02-04 02:15:00.000
CÂNDIDO MOTA,2026-02-03,"1",EYU3370,"1000191526",9,8,1,EYU3370,EYU3370E2,100,MISTO,"302",E2,,PAULO,"2026-02-03 19:51:34","2026-02-03 20:17:18",25.73,CONFERENTE / SUPERVISOR ,"2026-02-04 00:05:43","2026-02-04 00:05:47",GILMAR DE OLIVEIRA,"2026-02-04 00:01:30",2026-02-03 19:30:00.000,2026-02-04 02:15:00.000
CÂNDIDO MOTA,2026-02-03,"1",EYU3370,"1000191526",9,8,1,EYU3370,EYU3370D4,143,MISTO,"102",D4,,JOSÉ,"2026-02-03 20:06:50","2026-02-03 20:28:06",21.27,CONFERENTE / SUPERVISOR ,"2026-02-04 00:05:51","2026-02-04 00:05:54",GILMAR DE OLIVEIRA,"2026-02-04 00:01:26",2026-02-03 19:30:00.000,2026-02-04 02:15:00.000
CÂNDIDO MOTA,2026-02-04,"1",EYU3362,"1000191019",9,8,1,EYU3362,EYU3362D4,66,MISTO,"113",D4,,JOSÉ,"2026-02-05 00:52:00","2026-02-05 01:15:21",23.35,CONFERENTE / SUPERVISOR ,"2026-02-05 01:32:49","2026-02-05 01:32:53",GILMAR DE OLIVEIRA,"2026-02-05 01:19:11",2026-02-04 19:10:00.000,2026-02-05 02:35:00.000
CÂNDIDO MOTA,2026-02-04,"1",EYU3362,"1000191019",9,8,1,EYU3362,EYU3362E4,56,MISTO,"111",E4,,JOSÉ,"2026-02-05 00:21:35","2026-02-05 00:25:29",3.90,CONFERENTE / SUPERVISOR ,"2026-02-05 01:32:21","2026-02-05 01:32:25",GILMAR DE OLIVEIRA,"2026-02-05 01:17:58",2026-02-04 19:10:00.000,2026-02-05 02:35:00.000
CÂNDIDO MOTA,2026-02-04,"1",EYU3362,"1000191019",9,8,1,EYU3362,EYU3362E3,96,MISTO,"315",E3,,PAULO,"2026-02-05 00:22:48","2026-02-05 00:42:56",20.13,CONFERENTE / SUPERVISOR ,"2026-02-05 01:32:08","2026-02-05 01:32:14",GILMAR DE OLIVEIRA,"2026-02-05 01:18:02",2026-02-04 19:10:00.000,2026-02-05 02:35:00.000
CÂNDIDO MOTA,2026-02-04,"1",EYU3362,"1000191019",9,8,1,EYU3362,EYU3362D2,59,MISTO,"15",D2,,LUCAS,"2026-02-05 00:28:55","2026-02-05 00:56:49",27.90,CONFERENTE / SUPERVISOR ,"2026-02-05 01:32:40","2026-02-05 01:32:44",GILMAR DE OLIVEIRA,"2026-02-05 01:21:50",2026-02-04 19:10:00.000,2026-02-05 02:35:00.000
CÂNDIDO MOTA,2026-02-04,"1",EYU3362,"1000191019",9,8,1,EYU3362,EYU3362D1,180,COMPLETO,,D1,,,,,,CONFERENTE / SUPERVISOR ,"2026-02-05 01:33:14","2026-02-05 01:33:32",GILMAR DE OLIVEIRA,"2026-02-05 01:17:46",2026-02-04 19:10:00.000,2026-02-05 02:35:00.000
CÂNDIDO MOTA,2026-02-04,"1",EYU3362,"1000191019",9,8,1,EYU3362,EYU3362D3,56,MISTO,"112",D3,,JOSÉ,"2026-02-05 00:25:47","2026-02-05 00:38:18",12.52,CONFERENTE / SUPERVISOR ,"2026-02-05 01:32:32","2026-02-05 01:32:36",GILMAR DE OLIVEIRA,"2026-02-05 01:17:54",2026-02-04 19:10:00.000,2026-02-05 02:35:00.000
CÂNDIDO MOTA,2026-02-04,"1",EYU3362,"1000191019",9,8,1,EYU3362,EYU3362D5,129,MISTO,"317",D5,,PAULO,"2026-02-05 00:58:16","2026-02-05 01:20:54",22.63,CONFERENTE / SUPERVISOR ,"2026-02-05 01:33:06","2026-02-05 01:33:09",GILMAR DE OLIVEIRA,"2026-02-05 01:26:34",2026-02-04 19:10:00.000,2026-02-05 02:35:00.000
CÂNDIDO MOTA,2026-02-04,"1",EYU3362,"1000191019",9,8,1,EYU3362,EYU3362E1,99,MISTO,"316",E1,,PAULO,"2026-02-05 00:43:17","2026-02-05 00:56:37",13.33,CONFERENTE / SUPERVISOR ,"2026-02-05 01:32:57","2026-02-05 01:33:00",GILMAR DE OLIVEIRA,"2026-02-05 01:17:50",2026-02-04 19:10:00.000,2026-02-05 02:35:00.000
CÂNDIDO MOTA,2026-02-04,"1",EYU3362,"1000191019",9,8,1,EYU3362,EYU3362E2,218,MISTO,"16",E2,,LUCAS,"2026-02-05 00:57:16","2026-02-05 01:28:34",31.30,CONFERENTE / SUPERVISOR ,"2026-02-05 01:33:38","2026-02-05 01:34:03",GILMAR DE OLIVEIRA,"2026-02-05 01:32:08",2026-02-04 19:10:00.000,2026-02-05 02:35:00.000
CÂNDIDO MOTA,2026-02-04,"1",EYU3372,"1000191692",8,7,1,EYU3372,EYU3372E4,47,MISTO,"109",E4,,JOSÉ,"2026-02-04 23:39:10","2026-02-04 23:51:56",12.77,CONFERENTE / SUPERVISOR ,"2026-02-05 00:33:10","2026-02-05 00:33:16",GILMAR DE OLIVEIRA,"2026-02-05 00:14:14",2026-02-04 19:10:00.000,2026-02-05 02:35:00.000
CÂNDIDO MOTA,2026-02-04,"1",EYU3372,"1000191692",8,7,1,EYU3372,EYU3372D4,28,MISTO,"309",D4,,PAULO,"2026-02-04 23:37:26","2026-02-04 23:40:02",2.60,CONFERENTE / SUPERVISOR ,"2026-02-05 00:32:59","2026-02-05 00:33:03",GILMAR DE OLIVEIRA,"2026-02-05 00:14:19",2026-02-04 19:10:00.000,2026-02-05 02:35:00.000
CÂNDIDO MOTA,2026-02-04,"1",EYU3372,"1000191692",8,7,1,EYU3372,EYU3372D3,52,MISTO,"311",D3,,PAULO,"2026-02-04 23:43:31","2026-02-04 23:57:03",13.53,CONFERENTE / SUPERVISOR ,"2026-02-05 00:34:09","2026-02-05 00:34:13",GILMAR DE OLIVEIRA,"2026-02-05 00:14:03",2026-02-04 19:10:00.000,2026-02-05 02:35:00.000
CÂNDIDO MOTA,2026-02-04,"1",EYU3372,"1000191692",8,7,1,EYU3372,EYU3372E3,79,MISTO,"11",E3,,LUCAS,"2026-02-04 23:33:59","2026-02-04 23:48:09",14.17,CONFERENTE / SUPERVISOR ,"2026-02-05 00:32:44","2026-02-05 00:32:55",GILMAR DE OLIVEIRA,"2026-02-05 00:14:23",2026-02-04 19:10:00.000,2026-02-05 02:35:00.000
CÂNDIDO MOTA,2026-02-04,"1",EYU3372,"1000191692",8,7,1,EYU3372,EYU3372D1,81,COMPLETO,,D1,,,,,,CONFERENTE / SUPERVISOR ,"2026-02-05 00:34:28","2026-02-05 00:34:33",GILMAR DE OLIVEIRA,"2026-02-05 00:13:55",2026-02-04 19:10:00.000,2026-02-05 02:35:00.000
CÂNDIDO MOTA,2026-02-04,"1",EYU3372,"1000191692",8,7,1,EYU3372,EYU3372E1,47,MISTO,"310",E1,,PAULO,"2026-02-04 23:40:17","2026-02-04 23:43:15",2.97,CONFERENTE / SUPERVISOR ,"2026-02-05 00:33:24","2026-02-05 00:33:42",GILMAR DE OLIVEIRA,"2026-02-05 00:14:10",2026-02-04 19:10:00.000,2026-02-05 02:35:00.000
CÂNDIDO MOTA,2026-02-04,"1",EYU3372,"1000191692",8,7,1,EYU3372,EYU3372D2,57,MISTO,"12",D2,,LUCAS,"2026-02-04 23:48:31","2026-02-05 00:03:22",14.85,CONFERENTE / SUPERVISOR ,"2026-02-05 00:34:19","2026-02-05 00:34:24",GILMAR DE OLIVEIRA,"2026-02-05 00:13:59",2026-02-04 19:10:00.000,2026-02-05 02:35:00.000
CÂNDIDO MOTA,2026-02-04,"1",EYU3372,"1000191692",8,7,1,EYU3372,EYU3372E2,191,MISTO,"110",E2,,JOSÉ,"2026-02-04 23:55:00","2026-02-05 00:20:36",25.60,CONFERENTE / SUPERVISOR ,"2026-02-05 00:38:40","2026-02-05 00:38:51",GILMAR DE OLIVEIRA,"2026-02-05 00:40:08",2026-02-04 19:10:00.000,2026-02-05 02:35:00.000
CÂNDIDO MOTA,2026-02-04,"1",EYU3363,"1000191522",7,5,2,EYU3363,EYU3363E2,75,MISTO,"314",E2,,PAULO,"2026-02-05 00:06:16","2026-02-05 00:20:04",13.80,CONFERENTE / SUPERVISOR ,"2026-02-05 01:36:29","2026-02-05 01:36:37",GILMAR DE OLIVEIRA,"2026-02-05 01:17:12",2026-02-04 19:10:00.000,2026-02-05 02:35:00.000
CÂNDIDO MOTA,2026-02-04,"1",EYU3363,"1000191522",7,5,2,EYU3363,EYU3363D3,23,MISTO,"13",D3,,LUCAS,"2026-02-05 00:03:51","2026-02-05 00:10:39",6.80,CONFERENTE / SUPERVISOR ,"2026-02-05 01:36:19","2026-02-05 01:36:25",GILMAR DE OLIVEIRA,"2026-02-05 01:17:17",2026-02-04 19:10:00.000,2026-02-05 02:35:00.000
CÂNDIDO MOTA,2026-02-04,"1",EYU3363,"1000191522",7,5,2,EYU3363,EYU3363E1,198,COMPLETO,,E1,,,,,,CONFERENTE / SUPERVISOR ,"2026-02-05 01:37:26","2026-02-05 01:37:30",GILMAR DE OLIVEIRA,"2026-02-05 01:17:04",2026-02-04 19:10:00.000,2026-02-05 02:35:00.000
CÂNDIDO MOTA,2026-02-04,"1",EYU3363,"1000191522",7,5,2,EYU3363,EYU3363D1,198,COMPLETO,,D1,,,,,,CONFERENTE / SUPERVISOR ,"2026-02-05 01:36:58","2026-02-05 01:37:22",GILMAR DE OLIVEIRA,"2026-02-05 01:17:00",2026-02-04 19:10:00.000,2026-02-05 02:35:00.000
CÂNDIDO MOTA,2026-02-04,"1",EYU3363,"1000191522",7,5,2,EYU3363,EYU3363D2,154,MISTO,"14",D2,,LUCAS,"2026-02-05 00:11:02","2026-02-05 00:28:28",17.43,CONFERENTE / SUPERVISOR ,"2026-02-05 01:36:42","2026-02-05 01:36:51",GILMAR DE OLIVEIRA,"2026-02-05 01:17:09",2026-02-04 19:10:00.000,2026-02-05 02:35:00.000
CÂNDIDO MOTA,2026-02-04,"1",EYU3363,"1000191522",7,5,2,EYU3363,EYU3363E3,4,MISTO,"312",E3,,PAULO,"2026-02-04 23:59:26","2026-02-05 00:01:22",1.93,CONFERENTE / SUPERVISOR ,"2026-02-05 01:35:50","2026-02-05 01:35:55",GILMAR DE OLIVEIRA,"2026-02-05 01:17:25",2026-02-04 19:10:00.000,2026-02-05 02:35:00.000
CÂNDIDO MOTA,2026-02-04,"1",EYU3363,"1000191522",7,5,2,EYU3363,EYU3363D4,13,MISTO,"313",D4,,PAULO,"2026-02-05 00:01:47","2026-02-05 00:06:01",4.23,CONFERENTE / SUPERVISOR ,"2026-02-05 01:36:02","2026-02-05 01:36:11",GILMAR DE OLIVEIRA,"2026-02-05 01:17:21",2026-02-04 19:10:00.000,2026-02-05 02:35:00.000
CÂNDIDO MOTA,2026-02-04,"1",EYU3370,"1000191519",9,8,1,EYU3370,EYU3370D1,100,COMPLETO,,D1,,,,,,CONFERENTE / SUPERVISOR ,"2026-02-04 21:03:07","2026-02-04 21:03:11",OP. EMPILHADEIRA 02,"2026-02-04 21:02:13",2026-02-04 19:10:00.000,2026-02-05 02:35:00.000
CÂNDIDO MOTA,2026-02-04,"1",EYU3370,"1000191519",9,8,1,EYU3370,EYU3370E4,44,MISTO,"301",E4,,PAULO,"2026-02-04 19:58:44","2026-02-04 20:01:21",2.62,CONFERENTE / SUPERVISOR ,"2026-02-04 22:36:39","2026-02-04 22:36:43",OP. EMPILHADEIRA 02,"2026-02-04 21:02:32",2026-02-04 19:10:00.000,2026-02-05 02:35:00.000
CÂNDIDO MOTA,2026-02-04,"1",EYU3370,"1000191519",9,8,1,EYU3370,EYU3370D4,2,MISTO,"1",D4,,LUCAS,"2026-02-04 19:57:51","2026-02-04 19:58:25",0.57,CONFERENTE / SUPERVISOR ,"2026-02-04 22:36:32","2026-02-04 22:36:36",OP. EMPILHADEIRA 02,"2026-02-04 21:02:37",2026-02-04 19:10:00.000,2026-02-05 02:35:00.000
CÂNDIDO MOTA,2026-02-04,"1",EYU3370,"1000191519",9,8,1,EYU3370,EYU3370D5,117,MISTO,"302",D5,,PAULO,"2026-02-04 20:01:38","2026-02-04 20:22:33",20.92,CONFERENTE / SUPERVISOR ,"2026-02-04 22:37:12","2026-02-04 22:37:16",OP. EMPILHADEIRA 02,"2026-02-04 21:02:19",2026-02-04 19:10:00.000,2026-02-05 02:35:00.000
CÂNDIDO MOTA,2026-02-04,"1",EYU3370,"1000191519",9,8,1,EYU3370,EYU3370E2,99,MISTO,"102",E2,,JOSÉ,"2026-02-04 20:01:22","2026-02-04 20:18:52",17.50,CONFERENTE / SUPERVISOR ,"2026-02-04 22:37:05","2026-02-04 22:37:08",OP. EMPILHADEIRA 02,"2026-02-04 21:02:22",2026-02-04 19:10:00.000,2026-02-05 02:35:00.000
CÂNDIDO MOTA,2026-02-04,"1",EYU3370,"1000191519",9,8,1,EYU3370,EYU3370E3,124,MISTO,"2",E3,,LUCAS,"2026-02-04 19:58:57","2026-02-04 20:28:49",29.87,CONFERENTE / SUPERVISOR ,"2026-02-04 22:36:55","2026-02-04 22:37:00",OP. EMPILHADEIRA 02,"2026-02-04 21:02:26",2026-02-04 19:10:00.000,2026-02-05 02:35:00.000
CÂNDIDO MOTA,2026-02-04,"1",EYU3370,"1000191519",9,8,1,EYU3370,EYU3370E1,66,MISTO,"101",E1,,JOSÉ,"2026-02-04 19:58:11","2026-02-04 20:00:47",2.60,CONFERENTE / SUPERVISOR ,"2026-02-04 22:36:47","2026-02-04 22:36:51",OP. EMPILHADEIRA 02,"2026-02-04 21:02:29",2026-02-04 19:10:00.000,2026-02-05 02:35:00.000
CÂNDIDO MOTA,2026-02-04,"1",EYU3370,"1000191519",9,8,1,EYU3370,EYU3370D2,194,MISTO,"103",D2,,JOSÉ,"2026-02-04 20:24:10","2026-02-04 20:38:30",14.33,CONFERENTE / SUPERVISOR ,"2026-02-04 22:37:21","2026-02-04 22:37:25",OP. EMPILHADEIRA 02,"2026-02-04 21:02:16",2026-02-04 19:10:00.000,2026-02-05 02:35:00.000
CÂNDIDO MOTA,2026-02-04,"1",EYU3370,"1000191519",9,8,1,EYU3370,EYU3370D3,163,MISTO,"303",D3,,PAULO,"2026-02-04 20:22:55","2026-02-04 22:17:30",114.58,,"2026-02-04 22:24:47","2026-02-04 22:34:59",OP. EMPILHADEIRA 02,"2026-02-04 22:51:02",2026-02-04 19:10:00.000,2026-02-05 02:35:00.000
CÂNDIDO MOTA,2026-02-04,"1",EYU3703,"1000191517",9,8,1,EYU3703,EYU3703E4,73,MISTO,"306",E4,,PAULO,"2026-02-04 22:54:24","2026-02-04 23:17:45",23.35,CONFERENTE / SUPERVISOR ,"2026-02-04 23:59:56","2026-02-05 00:00:10",GILMAR DE OLIVEIRA,"2026-02-04 23:59:04",2026-02-04 19:10:00.000,2026-02-05 02:35:00.000
CÂNDIDO MOTA,2026-02-04,"1",EYU3703,"1000191517",9,8,1,EYU3703,EYU3703E3,47,MISTO,"7",E3,,LUCAS,"2026-02-04 22:42:11","2026-02-04 22:53:07",10.93,CONFERENTE / SUPERVISOR ,"2026-02-04 23:59:41","2026-02-04 23:59:45",GILMAR DE OLIVEIRA,"2026-02-04 23:59:11",2026-02-04 19:10:00.000,2026-02-05 02:35:00.000
CÂNDIDO MOTA,2026-02-04,"1",EYU3703,"1000191517",9,8,1,EYU3703,EYU3703D1,100,COMPLETO,,D1,,,,,,CONFERENTE / SUPERVISOR ,"2026-02-05 00:01:26","2026-02-05 00:01:32",GILMAR DE OLIVEIRA,"2026-02-04 23:58:43",2026-02-04 19:10:00.000,2026-02-05 02:35:00.000
CÂNDIDO MOTA,2026-02-04,"1",EYU3703,"1000191517",9,8,1,EYU3703,EYU3703D3,102,MISTO,"305",D3,,PAULO,"2026-02-04 22:37:48","2026-02-04 22:53:43",15.92,CONFERENTE / SUPERVISOR ,"2026-02-04 23:59:34","2026-02-04 23:59:38",GILMAR DE OLIVEIRA,"2026-02-04 23:59:16",2026-02-04 19:10:00.000,2026-02-05 02:35:00.000
CÂNDIDO MOTA,2026-02-04,"1",EYU3703,"1000191517",9,8,1,EYU3703,EYU3703E2,70,MISTO,"9",E2,,LUCAS,"2026-02-04 22:53:50","2026-02-04 23:06:32",12.70,CONFERENTE / SUPERVISOR ,"2026-02-04 23:59:48","2026-02-04 23:59:51",GILMAR DE OLIVEIRA,"2026-02-04 23:59:08",2026-02-04 19:10:00.000,2026-02-05 02:35:00.000
CÂNDIDO MOTA,2026-02-04,"1",EYU3703,"1000191517",9,8,1,EYU3703,EYU3703D4,98,MISTO,"10",D4,,LUCAS,"2026-02-04 23:06:59","2026-02-04 23:33:30",26.52,CONFERENTE / SUPERVISOR ,"2026-02-05 00:01:08","2026-02-05 00:01:12",GILMAR DE OLIVEIRA,"2026-02-04 23:58:56",2026-02-04 19:10:00.000,2026-02-05 02:35:00.000
CÂNDIDO MOTA,2026-02-04,"1",EYU3703,"1000191517",9,8,1,EYU3703,EYU3703D5,75,MISTO,"108",D5,,JOSÉ,"2026-02-04 23:01:01","2026-02-04 23:17:31",16.50,CONFERENTE / SUPERVISOR ,"2026-02-05 00:00:52","2026-02-05 00:00:56",GILMAR DE OLIVEIRA,"2026-02-04 23:59:00",2026-02-04 19:10:00.000,2026-02-05 02:35:00.000
CÂNDIDO MOTA,2026-02-04,"1",EYU3703,"1000191517",9,8,1,EYU3703,EYU3703D2,161,MISTO,"308",D2,,PAULO,"2026-02-04 23:31:41","2026-02-04 23:36:52",5.18,CONFERENTE / SUPERVISOR ,"2026-02-05 00:01:40","2026-02-05 00:01:43",GILMAR DE OLIVEIRA,"2026-02-04 23:58:47",2026-02-04 19:10:00.000,2026-02-05 02:35:00.000
CÂNDIDO MOTA,2026-02-04,"1",EYU3703,"1000191517",9,8,1,EYU3703,EYU3703E1,99,MISTO,"307",E1,,PAULO,"2026-02-04 23:21:37","2026-02-04 23:31:27",9.83,CONFERENTE / SUPERVISOR ,"2026-02-05 00:01:17","2026-02-05 00:01:21",GILMAR DE OLIVEIRA,"2026-02-04 23:58:51",2026-02-04 19:10:00.000,2026-02-05 02:35:00.000
CÂNDIDO MOTA,2026-02-04,"1",GDB5855,"1000191694",8,8,0,GDB5855,GDB5855D4,38,MISTO,"318",D4,,PAULO,"2026-02-05 01:21:22","2026-02-05 01:27:30",6.13,CONFERENTE / SUPERVISOR ,"2026-02-05 02:23:01","2026-02-05 02:23:08",GILMAR DE OLIVEIRA,"2026-02-05 02:22:15",2026-02-04 19:10:00.000,2026-02-05 02:35:00.000
CÂNDIDO MOTA,2026-02-04,"1",GDB5855,"1000191694",8,8,0,GDB5855,GDB5855D2,143,MISTO,"117",D2,,JOSÉ,"2026-02-05 02:03:23","2026-02-05 02:19:01",15.63,CONFERENTE / SUPERVISOR ,"2026-02-05 02:24:11","2026-02-05 02:24:14",GILMAR DE OLIVEIRA,"2026-02-05 02:21:46",2026-02-04 19:10:00.000,2026-02-05 02:35:00.000
CÂNDIDO MOTA,2026-02-04,"1",GDB5855,"1000191694",8,8,0,GDB5855,GDB5855E2,52,MISTO,"319",E2,,PAULO,"2026-02-05 01:27:52","2026-02-05 01:38:56",11.07,CONFERENTE / SUPERVISOR ,"2026-02-05 02:23:13","2026-02-05 02:23:19",GILMAR DE OLIVEIRA,"2026-02-05 02:22:12",2026-02-04 19:10:00.000,2026-02-05 02:35:00.000
CÂNDIDO MOTA,2026-02-04,"1",GDB5855,"1000191694",8,8,0,GDB5855,GDB5855E1,54,MISTO,"115",E1,,JOSÉ,"2026-02-05 01:36:17","2026-02-05 01:39:35",3.30,CONFERENTE / SUPERVISOR ,"2026-02-05 02:23:24","2026-02-05 02:23:30",GILMAR DE OLIVEIRA,"2026-02-05 02:22:07",2026-02-04 19:10:00.000,2026-02-05 02:35:00.000
CÂNDIDO MOTA,2026-02-04,"1",GDB5855,"1000191694",8,8,0,GDB5855,GDB5855E3,73,MISTO,"116",E3,,JOSÉ,"2026-02-05 01:40:38","2026-02-05 02:03:03",22.42,CONFERENTE / SUPERVISOR ,"2026-02-05 02:23:35","2026-02-05 02:23:41",GILMAR DE OLIVEIRA,"2026-02-05 02:22:03",2026-02-04 19:10:00.000,2026-02-05 02:35:00.000
CÂNDIDO MOTA,2026-02-04,"1",GDB5855,"1000191694",8,8,0,GDB5855,GDB5855D3,102,MISTO,"114",D3,,JOSÉ,"2026-02-05 01:19:31","2026-02-05 01:35:37",16.10,CONFERENTE / SUPERVISOR ,"2026-02-05 02:22:47","2026-02-05 02:22:57",GILMAR DE OLIVEIRA,"2026-02-05 02:22:19",2026-02-04 19:10:00.000,2026-02-05 02:35:00.000
CÂNDIDO MOTA,2026-02-04,"1",GDB5855,"1000191694",8,8,0,GDB5855,GDB5855E4,90,MISTO,"320",E4,,PAULO,"2026-02-05 01:42:04","2026-02-05 01:55:19",13.25,CONFERENTE / SUPERVISOR ,"2026-02-05 02:23:45","2026-02-05 02:23:58",GILMAR DE OLIVEIRA,"2026-02-05 02:21:58",2026-02-04 19:10:00.000,2026-02-05 02:35:00.000
CÂNDIDO MOTA,2026-02-04,"1",GDB5855,"1000191694",8,8,0,GDB5855,GDB5855D1,99,MISTO,"321",D1,,PAULO,"2026-02-05 02:01:04","2026-02-05 02:08:42",7.63,CONFERENTE / SUPERVISOR ,"2026-02-05 02:24:02","2026-02-05 02:24:06",GILMAR DE OLIVEIRA,"2026-02-05 02:21:53",2026-02-04 19:10:00.000,2026-02-05 02:35:00.000
CÂNDIDO MOTA,2026-02-04,"1",EYU3371,"1000191518",10,9,1,EYU3371,EYU3371D4,45,MISTO,"104",D4,,JOSÉ,"2026-02-04 20:38:48","2026-02-04 20:40:55",2.12,CONFERENTE / SUPERVISOR ,"2026-02-04 22:54:02","2026-02-04 22:54:06",OP. EMPILHADEIRA 02,"2026-02-04 22:50:47",2026-02-04 19:10:00.000,2026-02-05 02:35:00.000
CÂNDIDO MOTA,2026-02-04,"1",EYU3371,"1000191518",10,9,1,EYU3371,EYU3371E4,27,MISTO,"3",E4,,LUCAS,"2026-02-04 20:29:08","2026-02-04 20:38:33",9.42,CONFERENTE / SUPERVISOR ,"2026-02-04 22:53:48","2026-02-04 22:53:56",OP. EMPILHADEIRA 02,"2026-02-04 22:50:51",2026-02-04 19:10:00.000,2026-02-05 02:35:00.000
CÂNDIDO MOTA,2026-02-04,"1",EYU3371,"1000191518",10,9,1,EYU3371,EYU3371E2,187,MISTO,"107",E2,,JOSÉ,"2026-02-04 22:28:04","2026-02-04 23:00:36",32.53,,"2026-02-04 23:04:42","2026-02-04 23:13:03",GILMAR DE OLIVEIRA,"2026-02-04 23:57:12",2026-02-04 19:10:00.000,2026-02-05 02:35:00.000
CÂNDIDO MOTA,2026-02-04,"1",EYU3371,"1000191518",10,9,1,EYU3371,EYU3371E5,51,MISTO,"105",E5,,JOSÉ,"2026-02-04 20:41:10","2026-02-04 20:48:30",7.33,CONFERENTE / SUPERVISOR ,"2026-02-04 22:54:26","2026-02-04 22:54:31",OP. EMPILHADEIRA 02,"2026-02-04 22:50:41",2026-02-04 19:10:00.000,2026-02-05 02:35:00.000
CÂNDIDO MOTA,2026-02-04,"1",EYU3371,"1000191518",10,9,1,EYU3371,EYU3371D5,65,MISTO,"106",D5,,JOSÉ,"2026-02-04 22:04:40","2026-02-04 22:24:12",19.53,CONFERENTE / SUPERVISOR ,"2026-02-04 22:54:38","2026-02-04 22:54:42",OP. EMPILHADEIRA 02,"2026-02-04 22:50:38",2026-02-04 19:10:00.000,2026-02-05 02:35:00.000
CÂNDIDO MOTA,2026-02-04,"1",EYU3371,"1000191518",10,9,1,EYU3371,EYU3371D3,129,MISTO,"6",D3,,LUCAS,"2026-02-04 22:12:32","2026-02-04 22:41:50",29.30,CONFERENTE / SUPERVISOR ,"2026-02-04 23:17:16","2026-02-04 23:17:22",OP. EMPILHADEIRA 02,"2026-02-04 22:50:33",2026-02-04 19:10:00.000,2026-02-05 02:35:00.000
CÂNDIDO MOTA,2026-02-04,"1",EYU3371,"1000191518",10,9,1,EYU3371,EYU3371E1,66,MISTO,"5",E1,,LUCAS,"2026-02-04 22:06:52","2026-02-04 22:12:06",5.23,CONFERENTE / SUPERVISOR ,"2026-02-04 22:54:49","2026-02-04 22:54:53",OP. EMPILHADEIRA 02,"2026-02-04 22:50:35",2026-02-04 19:10:00.000,2026-02-05 02:35:00.000
CÂNDIDO MOTA,2026-02-04,"1",EYU3371,"1000191518",10,9,1,EYU3371,EYU3371E3,50,MISTO,"4",E3,,LUCAS,"2026-02-04 20:38:58","2026-02-04 20:59:51",20.88,CONFERENTE / SUPERVISOR ,"2026-02-04 22:54:12","2026-02-04 22:54:16",OP. EMPILHADEIRA 02,"2026-02-04 22:50:44",2026-02-04 19:10:00.000,2026-02-05 02:35:00.000
CÂNDIDO MOTA,2026-02-04,"1",EYU3371,"1000191518",10,9,1,EYU3371,EYU3371D2,99,MISTO,"304",D2,,PAULO,"2026-02-04 22:20:17","2026-02-04 22:37:08",16.85,CONFERENTE / SUPERVISOR ,"2026-02-04 23:17:26","2026-02-04 23:17:30",OP. EMPILHADEIRA 02,"2026-02-04 22:50:30",2026-02-04 19:10:00.000,2026-02-05 02:35:00.000
CÂNDIDO MOTA,2026-02-04,"1",EYU3371,"1000191518",10,9,1,EYU3371,EYU3371D1,100,COMPLETO,,D1,,,,,,CONFERENTE / SUPERVISOR ,"2026-02-04 23:17:35","2026-02-04 23:18:08",OP. EMPILHADEIRA 02,"2026-02-04 22:50:27",2026-02-04 19:10:00.000,2026-02-05 02:35:00.000
CÂNDIDO MOTA,2026-02-05,"1",EYU3363,"1000191688",9,9,0,EYU3363,EYU3363E4,88,MISTO,"4",E4,,LUCAS,"2026-02-05 19:01:21","2026-02-05 19:23:51",22.50,CONFERENTE / SUPERVISOR ,"2026-02-05 19:28:06","2026-02-05 19:30:54",GILMAR DE OLIVEIRA,"2026-02-05 20:52:49",2026-02-05 18:01:00.000,2026-02-06 03:25:00.000
CÂNDIDO MOTA,2026-02-05,"1",EYU3363,"1000191688",9,9,0,EYU3363,EYU3363D5,74,MISTO,"105",D5,,JOSÉ,"2026-02-05 18:50:41","2026-02-05 19:12:10",21.48,CONFERENTE / SUPERVISOR ,"2026-02-05 19:53:35","2026-02-05 19:56:33",GILMAR DE OLIVEIRA,"2026-02-05 20:52:56",2026-02-05 18:01:00.000,2026-02-06 03:25:00.000
CÂNDIDO MOTA,2026-02-05,"1",EYU3363,"1000191688",9,9,0,EYU3363,EYU3363D3,230,MISTO,"303",D3,,PAULO,"2026-02-05 18:53:15","2026-02-05 19:13:05",19.83,CONFERENTE / SUPERVISOR ,"2026-02-05 19:31:32","2026-02-05 19:34:35",GILMAR DE OLIVEIRA,"2026-02-05 20:52:52",2026-02-05 18:01:00.000,2026-02-06 03:25:00.000
CÂNDIDO MOTA,2026-02-05,"1",EYU3363,"1000191688",9,9,0,EYU3363,EYU3363E2,187,MISTO,"107",E2,,JOSÉ,"2026-02-05 19:15:10","2026-02-05 19:53:34",38.40,,"2026-02-05 20:25:41","2026-02-05 20:27:15",GILMAR DE OLIVEIRA,"2026-02-05 20:52:38",2026-02-05 18:01:00.000,2026-02-06 03:25:00.000
CÂNDIDO MOTA,2026-02-05,"1",EYU3363,"1000191688",9,9,0,EYU3363,EYU3363D1,73,MISTO,"104",D1,,JOSÉ,"2026-02-05 18:48:30","2026-02-05 18:50:12",1.70,CONFERENTE / SUPERVISOR ,"2026-02-05 19:23:34","2026-02-05 19:24:05",GILMAR DE OLIVEIRA,"2026-02-05 20:53:00",2026-02-05 18:01:00.000,2026-02-06 03:25:00.000
CÂNDIDO MOTA,2026-02-05,"1",EYU3363,"1000191688",9,9,0,EYU3363,EYU3363D2,164,MISTO,"304",D2,,PAULO,"2026-02-05 19:13:30","2026-02-05 19:33:51",20.35,,"2026-02-05 19:34:40","2026-02-05 19:38:31",GILMAR DE OLIVEIRA,"2026-02-05 20:52:42",2026-02-05 18:01:00.000,2026-02-06 03:25:00.000
CÂNDIDO MOTA,2026-02-05,"1",EYU3363,"1000191688",9,9,0,EYU3363,EYU3363E1,99,MISTO,"106",E1,,JOSÉ,"2026-02-05 19:12:26","2026-02-05 19:14:47",2.35,CONFERENTE / SUPERVISOR ,"2026-02-05 19:31:05","2026-02-05 19:31:15",GILMAR DE OLIVEIRA,"2026-02-05 20:52:45",2026-02-05 18:01:00.000,2026-02-06 03:25:00.000
CÂNDIDO MOTA,2026-02-05,"1",EYU3363,"1000191688",9,9,0,EYU3363,EYU3363E3,62,MISTO,"103",E3,,JOSÉ,"2026-02-05 18:46:40","2026-02-05 18:47:59",1.32,CONFERENTE / SUPERVISOR ,"2026-02-05 19:18:42","2026-02-05 19:20:03",GILMAR DE OLIVEIRA,"2026-02-05 20:53:04",2026-02-05 18:01:00.000,2026-02-06 03:25:00.000
CÂNDIDO MOTA,2026-02-05,"1",EYU3363,"1000191688",9,9,0,EYU3363,EYU3363D4,23,MISTO,"102",D4,,JOSÉ,"2026-02-05 18:43:55","2026-02-05 18:46:07",2.20,CONFERENTE / SUPERVISOR ,"2026-02-05 19:31:19","2026-02-05 19:31:28",GILMAR DE OLIVEIRA,"2026-02-05 20:53:08",2026-02-05 18:01:00.000,2026-02-06 03:25:00.000
CÂNDIDO MOTA,2026-02-05,"1",TLJ3H13,"1000191030",6,6,0,TLJ3H13,TLJ3H13E3,150,MISTO,"302",E3,,PAULO,"2026-02-05 18:36:15","2026-02-05 18:51:55",15.67,CONFERENTE / SUPERVISOR ,"2026-02-05 19:12:50","2026-02-05 19:13:20",GILMAR DE OLIVEIRA,"2026-02-05 20:52:11",2026-02-05 18:01:00.000,2026-02-06 03:25:00.000
CÂNDIDO MOTA,2026-02-05,"1",TLJ3H13,"1000191030",6,6,0,TLJ3H13,TLJ3H13E2,110,MISTO,"2",E2,,LUCAS,"2026-02-05 18:33:04","2026-02-05 18:39:53",6.82,CONFERENTE / SUPERVISOR ,"2026-02-05 19:12:05","2026-02-05 19:12:40",GILMAR DE OLIVEIRA,"2026-02-05 20:52:17",2026-02-05 18:01:00.000,2026-02-06 03:25:00.000
CÂNDIDO MOTA,2026-02-05,"1",TLJ3H13,"1000191030",6,6,0,TLJ3H13,TLJ3H13E1,70,MISTO,"101",E1,,JOSÉ,"2026-02-05 18:19:03","2026-02-05 18:34:41",15.63,CONFERENTE / SUPERVISOR ,"2026-02-05 19:10:14","2026-02-05 19:11:05",GILMAR DE OLIVEIRA,"2026-02-05 20:52:27",2026-02-05 18:01:00.000,2026-02-06 03:25:00.000
CÂNDIDO MOTA,2026-02-05,"1",TLJ3H13,"1000191030",6,6,0,TLJ3H13,TLJ3H13D1,100,MISTO,"1",D1,,LUCAS,"2026-02-05 18:19:51","2026-02-05 18:32:44",12.88,CONFERENTE / SUPERVISOR ,"2026-02-05 19:08:45","2026-02-05 19:09:59",GILMAR DE OLIVEIRA,"2026-02-05 20:52:20",2026-02-05 18:01:00.000,2026-02-06 03:25:00.000
CÂNDIDO MOTA,2026-02-05,"1",TLJ3H13,"1000191030",6,6,0,TLJ3H13,TLJ3H13D3,150,MISTO,"3",D3,,LUCAS,"2026-02-05 18:40:25","2026-02-05 19:00:50",20.42,CONFERENTE / SUPERVISOR ,"2026-02-05 19:11:17","2026-02-05 19:12:00",GILMAR DE OLIVEIRA,"2026-02-05 20:43:29",2026-02-05 18:01:00.000,2026-02-06 03:25:00.000
CÂNDIDO MOTA,2026-02-05,"1",TLJ3H13,"1000191030",6,6,0,TLJ3H13,TLJ3H13D2,130,MISTO,"301",D2,,PAULO,"2026-02-05 18:19:55","2026-02-05 18:35:54",15.98,CONFERENTE / SUPERVISOR ,"2026-02-05 19:13:24","2026-02-05 19:17:14",GILMAR DE OLIVEIRA,"2026-02-05 20:52:24",2026-02-05 18:01:00.000,2026-02-06 03:25:00.000
CÂNDIDO MOTA,2026-02-05,"1",EYU3371,"1000191842",10,9,1,EYU3371,EYU3371E3,62,MISTO,"24",E3,,LUCAS,"2026-02-06 02:12:15","2026-02-06 02:24:57",12.70,CONFERENTE / SUPERVISOR ,"2026-02-06 02:57:03","2026-02-06 02:57:07",GILMAR DE OLIVEIRA,"2026-02-06 02:56:16",2026-02-05 18:01:00.000,2026-02-06 03:25:00.000
CÂNDIDO MOTA,2026-02-05,"1",EYU3371,"1000191842",10,9,1,EYU3371,EYU3371E2,167,MISTO,"28",E2,,LUCAS,"2026-02-06 03:09:32","2026-02-06 03:20:11",10.65,CONFERENTE / SUPERVISOR ,"2026-02-06 03:20:21","2026-02-06 03:22:10",GILMAR DE OLIVEIRA,"2026-02-06 03:22:46",2026-02-05 18:01:00.000,2026-02-06 03:25:00.000
CÂNDIDO MOTA,2026-02-05,"1",EYU3371,"1000191842",10,9,1,EYU3371,EYU3371E4,28,MISTO,"25",E4,,LUCAS,"2026-02-06 02:25:19","2026-02-06 02:35:49",10.50,CONFERENTE / SUPERVISOR ,"2026-02-06 02:59:18","2026-02-06 02:59:24",GILMAR DE OLIVEIRA,"2026-02-06 02:56:07",2026-02-05 18:01:00.000,2026-02-06 03:25:00.000
CÂNDIDO MOTA,2026-02-05,"1",EYU3371,"1000191842",10,9,1,EYU3371,EYU3371E1,100,MISTO,"27",E1,,LUCAS,"2026-02-06 03:00:43","2026-02-06 03:07:48",7.08,CONFERENTE / SUPERVISOR ,"2026-02-06 03:07:56","2026-02-06 03:08:12",GILMAR DE OLIVEIRA,"2026-02-06 03:22:51",2026-02-05 18:01:00.000,2026-02-06 03:25:00.000
CÂNDIDO MOTA,2026-02-05,"1",EYU3371,"1000191842",10,9,1,EYU3371,EYU3371D2,80,MISTO,"125",D2,,JOSÉ,"2026-02-06 02:43:20","2026-02-06 02:58:12",14.87,CONFERENTE / SUPERVISOR ,"2026-02-06 03:04:25","2026-02-06 03:04:29",GILMAR DE OLIVEIRA,"2026-02-06 03:03:50",2026-02-05 18:01:00.000,2026-02-06 03:25:00.000
CÂNDIDO MOTA,2026-02-05,"1",EYU3371,"1000191842",10,9,1,EYU3371,EYU3371D5,20,MISTO,"123",D5,,JOSÉ,"2026-02-06 02:23:12","2026-02-06 02:28:58",5.77,CONFERENTE / SUPERVISOR ,"2026-02-06 02:58:55","2026-02-06 02:59:00",GILMAR DE OLIVEIRA,"2026-02-06 02:56:12",2026-02-05 18:01:00.000,2026-02-06 03:25:00.000
CÂNDIDO MOTA,2026-02-05,"1",EYU3371,"1000191842",10,9,1,EYU3371,EYU3371D3,37,MISTO,"124",D3,,JOSÉ,"2026-02-06 02:29:40","2026-02-06 02:43:06",13.43,CONFERENTE / SUPERVISOR ,"2026-02-06 02:59:05","2026-02-06 02:59:09",GILMAR DE OLIVEIRA,"2026-02-06 02:55:59",2026-02-05 18:01:00.000,2026-02-06 03:25:00.000
CÂNDIDO MOTA,2026-02-05,"1",EYU3371,"1000191842",10,9,1,EYU3371,EYU3371E5,93,MISTO,"126",E5,,JOSÉ,"2026-02-06 02:59:11","2026-02-06 03:14:57",15.77,,"2026-02-06 03:15:48","2026-02-06 03:17:19",GILMAR DE OLIVEIRA,"2026-02-06 03:22:54",2026-02-05 18:01:00.000,2026-02-06 03:25:00.000
CÂNDIDO MOTA,2026-02-05,"1",EYU3371,"1000191842",10,9,1,EYU3371,EYU3371D4,72,MISTO,"26",D4,,LUCAS,"2026-02-06 02:36:12","2026-02-06 02:56:58",20.77,CONFERENTE / SUPERVISOR ,"2026-02-06 03:04:34","2026-02-06 03:04:39",GILMAR DE OLIVEIRA,"2026-02-06 03:03:55",2026-02-05 18:01:00.000,2026-02-06 03:25:00.000
CÂNDIDO MOTA,2026-02-05,"1",EYU3371,"1000191842",10,9,1,EYU3371,EYU3371D1,180,COMPLETO,,D1,,,,,,CONFERENTE / SUPERVISOR ,"2026-02-06 03:03:24","2026-02-06 03:03:30",GILMAR DE OLIVEIRA,"2026-02-06 02:55:33",2026-02-05 18:01:00.000,2026-02-06 03:25:00.000
CÂNDIDO MOTA,2026-02-05,"1",EYU3370,"1000191684",9,7,2,EYU3370,EYU3370E1,100,COMPLETO,,E1,,,,,,CONFERENTE / SUPERVISOR ,"2026-02-05 22:37:03","2026-02-05 22:37:14",GILMAR DE OLIVEIRA,"2026-02-05 22:35:32",2026-02-05 18:01:00.000,2026-02-06 03:25:00.000
CÂNDIDO MOTA,2026-02-05,"1",EYU3370,"1000191684",9,7,2,EYU3370,EYU3370D3,172,MISTO,"8",D3,,LUCAS,"2026-02-05 20:02:15","2026-02-05 20:31:57",29.70,CONFERENTE / SUPERVISOR ,"2026-02-05 22:37:18","2026-02-05 22:37:21",GILMAR DE OLIVEIRA,"2026-02-05 22:35:39",2026-02-05 18:01:00.000,2026-02-06 03:25:00.000
CÂNDIDO MOTA,2026-02-05,"1",EYU3370,"1000191684",9,7,2,EYU3370,EYU3370D1,180,COMPLETO,,D1,,,,,,CONFERENTE / SUPERVISOR ,"2026-02-05 22:37:25","2026-02-05 22:37:30",GILMAR DE OLIVEIRA,"2026-02-05 22:35:36",2026-02-05 18:01:00.000,2026-02-06 03:25:00.000
CÂNDIDO MOTA,2026-02-05,"1",EYU3370,"1000191684",9,7,2,EYU3370,EYU3370D2,75,MISTO,"108",D2,,JOSÉ,"2026-02-05 19:54:09","2026-02-05 20:14:17",20.13,CONFERENTE / SUPERVISOR ,"2026-02-05 22:36:46","2026-02-05 22:36:50",GILMAR DE OLIVEIRA,"2026-02-05 22:35:47",2026-02-05 18:01:00.000,2026-02-06 03:25:00.000
CÂNDIDO MOTA,2026-02-05,"1",EYU3370,"1000191684",9,7,2,EYU3370,EYU3370E4,96,MISTO,"306",E4,,PAULO,"2026-02-05 19:54:03","2026-02-05 20:24:18",30.25,CONFERENTE / SUPERVISOR ,"2026-02-05 22:36:54","2026-02-05 22:36:58",GILMAR DE OLIVEIRA,"2026-02-05 22:35:43",2026-02-05 18:01:00.000,2026-02-06 03:25:00.000
CÂNDIDO MOTA,2026-02-05,"1",EYU3370,"1000191684",9,7,2,EYU3370,EYU3370D5,34,MISTO,"5",D5,,LUCAS,"2026-02-05 19:24:12","2026-02-05 19:30:59",6.78,CONFERENTE / SUPERVISOR ,"2026-02-05 22:36:11","2026-02-05 22:36:14",GILMAR DE OLIVEIRA,"2026-02-05 22:36:02",2026-02-05 18:01:00.000,2026-02-06 03:25:00.000
CÂNDIDO MOTA,2026-02-05,"1",EYU3370,"1000191684",9,7,2,EYU3370,EYU3370E3,74,MISTO,"305",E3,,PAULO,"2026-02-05 19:37:26","2026-02-05 19:52:18",14.87,CONFERENTE / SUPERVISOR ,"2026-02-05 22:36:26","2026-02-05 22:36:32",GILMAR DE OLIVEIRA,"2026-02-05 22:35:54",2026-02-05 18:01:00.000,2026-02-06 03:25:00.000
CÂNDIDO MOTA,2026-02-05,"1",EYU3370,"1000191684",9,7,2,EYU3370,EYU3370D4,42,MISTO,"6",D4,,LUCAS,"2026-02-05 19:31:23","2026-02-05 19:52:17",20.90,CONFERENTE / SUPERVISOR ,"2026-02-05 22:36:18","2026-02-05 22:36:22",GILMAR DE OLIVEIRA,"2026-02-05 22:35:58",2026-02-05 18:01:00.000,2026-02-06 03:25:00.000
CÂNDIDO MOTA,2026-02-05,"1",EYU3370,"1000191684",9,7,2,EYU3370,EYU3370E2,64,MISTO,"7",E2,,LUCAS,"2026-02-05 19:52:50","2026-02-05 20:01:12",8.37,CONFERENTE / SUPERVISOR ,"2026-02-05 22:36:35","2026-02-05 22:36:39",GILMAR DE OLIVEIRA,"2026-02-05 22:35:51",2026-02-05 18:01:00.000,2026-02-06 03:25:00.000
CÂNDIDO MOTA,2026-02-05,"1",EYU3705,"1000191686",10,9,1,EYU3705,EYU3705E2,57,MISTO,"22",E2,,LUCAS,"2026-02-06 01:36:42","2026-02-06 01:58:32",21.83,CONFERENTE / SUPERVISOR ,"2026-02-06 02:25:22","2026-02-06 02:25:26",GILMAR DE OLIVEIRA,"2026-02-06 02:20:19",2026-02-05 18:01:00.000,2026-02-06 03:25:00.000
CÂNDIDO MOTA,2026-02-05,"1",EYU3705,"1000191686",10,9,1,EYU3705,EYU3705D3,71,MISTO,"122",D3,,JOSÉ,"2026-02-06 01:45:03","2026-02-06 02:04:50",19.78,CONFERENTE / SUPERVISOR ,"2026-02-06 02:42:23","2026-02-06 02:42:29",GILMAR DE OLIVEIRA,"2026-02-06 02:28:47",2026-02-05 18:01:00.000,2026-02-06 03:25:00.000
CÂNDIDO MOTA,2026-02-05,"1",EYU3705,"1000191686",10,9,1,EYU3705,EYU3705E1,188,MISTO,"327",E1,,PAULO,"2026-02-06 02:13:57","2026-02-06 02:40:11",26.23,CONFERENTE / SUPERVISOR ,"2026-02-06 02:43:34","2026-02-06 02:45:36",GILMAR DE OLIVEIRA,"2026-02-06 02:46:24",2026-02-05 18:01:00.000,2026-02-06 03:25:00.000
CÂNDIDO MOTA,2026-02-05,"1",EYU3705,"1000191686",10,9,1,EYU3705,EYU3705D2,83,MISTO,"326",D2,,PAULO,"2026-02-06 01:49:48","2026-02-06 02:10:22",20.57,CONFERENTE / SUPERVISOR ,"2026-02-06 02:25:11","2026-02-06 02:25:14",GILMAR DE OLIVEIRA,"2026-02-06 02:20:15",2026-02-05 18:01:00.000,2026-02-06 03:25:00.000
CÂNDIDO MOTA,2026-02-05,"1",EYU3705,"1000191686",10,9,1,EYU3705,EYU3705E4,102,MISTO,"23",E4,,LUCAS,"2026-02-06 01:58:55","2026-02-06 02:11:32",12.62,CONFERENTE / SUPERVISOR ,"2026-02-06 02:24:49","2026-02-06 02:24:53",GILMAR DE OLIVEIRA,"2026-02-06 02:20:10",2026-02-05 18:01:00.000,2026-02-06 03:25:00.000
CÂNDIDO MOTA,2026-02-05,"1",EYU3705,"1000191686",10,9,1,EYU3705,EYU3705D5,42,MISTO,"325",D5,,PAULO,"2026-02-06 01:33:27","2026-02-06 01:49:19",15.87,CONFERENTE / SUPERVISOR ,"2026-02-06 02:24:41","2026-02-06 02:24:45",GILMAR DE OLIVEIRA,"2026-02-06 02:20:23",2026-02-05 18:01:00.000,2026-02-06 03:25:00.000
CÂNDIDO MOTA,2026-02-05,"1",EYU3705,"1000191686",10,9,1,EYU3705,EYU3705D4,1,MISTO,"20",D4,,LUCAS,"2026-02-06 01:25:46","2026-02-06 01:25:57",0.18,CONFERENTE / SUPERVISOR ,"2026-02-06 02:24:13","2026-02-06 02:24:18",GILMAR DE OLIVEIRA,"2026-02-06 02:20:35",2026-02-05 18:01:00.000,2026-02-06 03:25:00.000
CÂNDIDO MOTA,2026-02-05,"1",EYU3705,"1000191686",10,9,1,EYU3705,EYU3705E5,18,MISTO,"21",E5,,LUCAS,"2026-02-06 01:26:27","2026-02-06 01:36:19",9.87,CONFERENTE / SUPERVISOR ,"2026-02-06 02:24:22","2026-02-06 02:24:30",GILMAR DE OLIVEIRA,"2026-02-06 02:20:31",2026-02-05 18:01:00.000,2026-02-06 03:25:00.000
CÂNDIDO MOTA,2026-02-05,"1",EYU3705,"1000191686",10,9,1,EYU3705,EYU3705E3,73,MISTO,"121",E3,,JOSÉ,"2026-02-06 01:28:28","2026-02-06 01:44:23",15.92,CONFERENTE / SUPERVISOR ,"2026-02-06 02:24:33","2026-02-06 02:24:37",GILMAR DE OLIVEIRA,"2026-02-06 02:20:27",2026-02-05 18:01:00.000,2026-02-06 03:25:00.000
CÂNDIDO MOTA,2026-02-05,"1",EYU3705,"1000191686",10,9,1,EYU3705,EYU3705D1,100,COMPLETO,,D1,,,,,,CONFERENTE / SUPERVISOR ,"2026-02-06 02:25:00","2026-02-06 02:25:05",GILMAR DE OLIVEIRA,"2026-02-06 02:20:06",2026-02-05 18:01:00.000,2026-02-06 03:25:00.000
CÂNDIDO MOTA,2026-02-05,"1",EYU3372,"1000191843",9,8,1,EYU3372,EYU3372D1,81,COMPLETO,,D1,,,,,,CONFERENTE / SUPERVISOR ,"2026-02-06 00:52:39","2026-02-06 00:52:46",GILMAR DE OLIVEIRA,"2026-02-06 00:50:56",2026-02-05 18:01:00.000,2026-02-06 03:25:00.000
CÂNDIDO MOTA,2026-02-05,"1",EYU3372,"1000191843",9,8,1,EYU3372,EYU3372D2,50,MISTO,"116",D2,,JOSÉ,"2026-02-06 00:16:38","2026-02-06 00:24:53",8.25,CONFERENTE / SUPERVISOR ,"2026-02-06 00:52:23","2026-02-06 00:52:27",GILMAR DE OLIVEIRA,"2026-02-06 00:51:13",2026-02-05 18:01:00.000,2026-02-06 03:25:00.000
CÂNDIDO MOTA,2026-02-05,"1",EYU3372,"1000191843",9,8,1,EYU3372,EYU3372E2,47,MISTO,"16",E2,,LUCAS,"2026-02-06 00:08:49","2026-02-06 00:29:52",21.05,CONFERENTE / SUPERVISOR ,"2026-02-06 00:52:14","2026-02-06 00:52:18",GILMAR DE OLIVEIRA,"2026-02-06 00:51:17",2026-02-05 18:01:00.000,2026-02-06 03:25:00.000
CÂNDIDO MOTA,2026-02-05,"1",EYU3372,"1000191843",9,8,1,EYU3372,EYU3372D3,24,MISTO,"319",D3,,PAULO,"2026-02-06 00:04:04","2026-02-06 00:07:31",3.45,CONFERENTE / SUPERVISOR ,"2026-02-06 00:51:59","2026-02-06 00:52:03",GILMAR DE OLIVEIRA,"2026-02-06 00:51:27",2026-02-05 18:01:00.000,2026-02-06 03:25:00.000
CÂNDIDO MOTA,2026-02-05,"1",EYU3372,"1000191843",9,8,1,EYU3372,EYU3372E1,92,MISTO,"17",E1,,LUCAS,"2026-02-06 00:30:13","2026-02-06 00:42:52",12.65,CONFERENTE / SUPERVISOR ,"2026-02-06 00:47:44","2026-02-06 00:48:39",GILMAR DE OLIVEIRA,"2026-02-06 00:51:09",2026-02-05 18:01:00.000,2026-02-06 03:25:00.000
CÂNDIDO MOTA,2026-02-05,"1",EYU3372,"1000191843",9,8,1,EYU3372,EYU3372D5,114,MISTO,"117",D5,,JOSÉ,"2026-02-06 00:30:24","2026-02-06 00:48:33",18.15,CONFERENTE / SUPERVISOR ,"2026-02-06 00:51:39","2026-02-06 00:51:44",GILMAR DE OLIVEIRA,"2026-02-06 00:51:01",2026-02-05 18:01:00.000,2026-02-06 03:25:00.000
CÂNDIDO MOTA,2026-02-05,"1",EYU3372,"1000191843",9,8,1,EYU3372,EYU3372E3,42,MISTO,"318",E3,,PAULO,"2026-02-05 23:49:11","2026-02-06 00:02:09",12.97,CONFERENTE / SUPERVISOR ,"2026-02-06 00:51:49","2026-02-06 00:51:53",GILMAR DE OLIVEIRA,"2026-02-06 00:51:31",2026-02-05 18:01:00.000,2026-02-06 03:25:00.000
CÂNDIDO MOTA,2026-02-05,"1",EYU3372,"1000191843",9,8,1,EYU3372,EYU3372D4,35,MISTO,"320",D4,,PAULO,"2026-02-06 00:09:33","2026-02-06 00:16:53",7.33,CONFERENTE / SUPERVISOR ,"2026-02-06 00:52:06","2026-02-06 00:52:10",GILMAR DE OLIVEIRA,"2026-02-06 00:51:23",2026-02-05 18:01:00.000,2026-02-06 03:25:00.000
CÂNDIDO MOTA,2026-02-05,"1",EYU3372,"1000191843",9,8,1,EYU3372,EYU3372E4,52,MISTO,"321",E4,,PAULO,"2026-02-06 00:17:08","2026-02-06 00:32:09",15.02,CONFERENTE / SUPERVISOR ,"2026-02-06 00:52:31","2026-02-06 00:52:35",GILMAR DE OLIVEIRA,"2026-02-06 00:51:05",2026-02-05 18:01:00.000,2026-02-06 03:25:00.000
CÂNDIDO MOTA,2026-02-05,"1",GDB5855,"1000191683",10,10,0,GDB5855,GDB5855E1,59,MISTO,"111",E1,,JOSÉ,"2026-02-05 22:02:30","2026-02-05 22:12:06",9.60,CONFERENTE / SUPERVISOR ,"2026-02-05 23:03:08","2026-02-05 23:03:12",GILMAR DE OLIVEIRA,"2026-02-05 22:55:18",2026-02-05 18:01:00.000,2026-02-06 03:25:00.000
CÂNDIDO MOTA,2026-02-05,"1",GDB5855,"1000191683",10,10,0,GDB5855,GDB5855D5,39,MISTO,"110",D5,,JOSÉ,"2026-02-05 20:25:58","2026-02-05 20:42:12",16.23,CONFERENTE / SUPERVISOR ,"2026-02-05 23:02:43","2026-02-05 23:02:47",GILMAR DE OLIVEIRA,"2026-02-05 22:55:31",2026-02-05 18:01:00.000,2026-02-06 03:25:00.000
CÂNDIDO MOTA,2026-02-05,"1",GDB5855,"1000191683",10,10,0,GDB5855,GDB5855D3,72,MISTO,"308",D3,,PAULO,"2026-02-05 20:38:25","2026-02-05 20:57:02",18.62,CONFERENTE / SUPERVISOR ,"2026-02-05 23:02:59","2026-02-05 23:03:04",GILMAR DE OLIVEIRA,"2026-02-05 22:55:21",2026-02-05 18:01:00.000,2026-02-06 03:25:00.000
CÂNDIDO MOTA,2026-02-05,"1",GDB5855,"1000191683",10,10,0,GDB5855,GDB5855D4,100,MISTO,"309",D4,,PAULO,"2026-02-05 22:11:14","2026-02-05 22:29:54",18.67,CONFERENTE / SUPERVISOR ,"2026-02-05 23:03:24","2026-02-05 23:03:28",GILMAR DE OLIVEIRA,"2026-02-05 22:55:07",2026-02-05 18:01:00.000,2026-02-06 03:25:00.000
CÂNDIDO MOTA,2026-02-05,"1",GDB5855,"1000191683",10,10,0,GDB5855,GDB5855E4,41,MISTO,"9",E4,,LUCAS,"2026-02-05 20:32:28","2026-02-05 20:53:38",21.17,CONFERENTE / SUPERVISOR ,"2026-02-05 23:02:50","2026-02-05 23:02:54",GILMAR DE OLIVEIRA,"2026-02-05 22:55:26",2026-02-05 18:01:00.000,2026-02-06 03:25:00.000
CÂNDIDO MOTA,2026-02-05,"1",GDB5855,"1000191683",10,10,0,GDB5855,GDB5855D1,94,MISTO,"10",D1,,LUCAS,"2026-02-05 22:04:42","2026-02-05 22:17:53",13.18,CONFERENTE / SUPERVISOR ,"2026-02-05 23:03:17","2026-02-05 23:03:20",GILMAR DE OLIVEIRA,"2026-02-05 22:55:13",2026-02-05 18:01:00.000,2026-02-06 03:25:00.000
CÂNDIDO MOTA,2026-02-05,"1",GDB5855,"1000191683",10,10,0,GDB5855,GDB5855E5,28,MISTO,"307",E5,,PAULO,"2026-02-05 20:24:35","2026-02-05 20:37:25",12.83,CONFERENTE / SUPERVISOR ,"2026-02-05 23:04:11","2026-02-05 23:04:15",GILMAR DE OLIVEIRA,"2026-02-05 23:03:53",2026-02-05 18:01:00.000,2026-02-06 03:25:00.000
CÂNDIDO MOTA,2026-02-05,"1",GDB5855,"1000191683",10,10,0,GDB5855,GDB5855E3,1,MISTO,"109",E3,,JOSÉ,"2026-02-05 20:19:35","2026-02-05 20:19:38",0.05,CONFERENTE / SUPERVISOR ,"2026-02-05 23:04:02","2026-02-05 23:04:07",GILMAR DE OLIVEIRA,"2026-02-05 23:03:57",2026-02-05 18:01:00.000,2026-02-06 03:25:00.000
CÂNDIDO MOTA,2026-02-05,"1",GDB5855,"1000191683",10,10,0,GDB5855,GDB5855D2,263,MISTO,"11",D2,,LUCAS,"2026-02-05 22:18:20","2026-02-05 22:56:27",38.12,CONFERENTE / SUPERVISOR ,"2026-02-05 23:04:21","2026-02-05 23:04:27",GILMAR DE OLIVEIRA,"2026-02-05 23:03:49",2026-02-05 18:01:00.000,2026-02-06 03:25:00.000
CÂNDIDO MOTA,2026-02-05,"1",GDB5855,"1000191683",10,10,0,GDB5855,GDB5855E2,244,MISTO,"112",E2,,JOSÉ,"2026-02-05 22:12:28","2026-02-05 23:10:40",58.20,,"2026-02-05 23:14:28","2026-02-05 23:20:48",GILMAR DE OLIVEIRA,"2026-02-05 23:21:45",2026-02-05 18:01:00.000,2026-02-06 03:25:00.000
CÂNDIDO MOTA,2026-02-05,"1",CYN9319,"1000191682",7,7,0,CYN9319,CYN9319E2,29,MISTO,"12",E2,,LUCAS,"2026-02-05 22:56:51","2026-02-05 23:03:53",7.03,CONFERENTE / SUPERVISOR ,"2026-02-05 23:08:06","2026-02-05 23:09:18",GILMAR DE OLIVEIRA,"2026-02-05 23:46:45",2026-02-05 18:01:00.000,2026-02-06 03:25:00.000
CÂNDIDO MOTA,2026-02-05,"1",CYN9319,"1000191682",7,7,0,CYN9319,CYN9319D1,25,MISTO,"313",D1,,PAULO,"2026-02-05 22:46:53","2026-02-05 22:57:51",10.97,CONFERENTE / SUPERVISOR ,"2026-02-05 23:06:29","2026-02-05 23:07:58",GILMAR DE OLIVEIRA,"2026-02-05 23:46:49",2026-02-05 18:01:00.000,2026-02-06 03:25:00.000
CÂNDIDO MOTA,2026-02-05,"1",CYN9319,"1000191682",7,7,0,CYN9319,CYN9319D3,3,MISTO,"310",D3,,PAULO,"2026-02-05 22:34:17","2026-02-05 22:36:23",2.10,CONFERENTE / SUPERVISOR ,"2026-02-05 23:09:22","2026-02-05 23:09:50",GILMAR DE OLIVEIRA,"2026-02-05 23:47:00",2026-02-05 18:01:00.000,2026-02-06 03:25:00.000
CÂNDIDO MOTA,2026-02-05,"1",CYN9319,"1000191682",7,7,0,CYN9319,CYN9319E1,147,MISTO,"13",E1,,LUCAS,"2026-02-05 23:04:15","2026-02-05 23:29:37",25.37,,"2026-02-05 23:37:07","2026-02-05 23:41:36",GILMAR DE OLIVEIRA,"2026-02-05 23:46:36",2026-02-05 18:01:00.000,2026-02-06 03:25:00.000
CÂNDIDO MOTA,2026-02-05,"1",CYN9319,"1000191682",7,7,0,CYN9319,CYN9319D2,64,MISTO,"314",D2,,PAULO,"2026-02-05 22:58:07","2026-02-05 23:10:48",12.68,,"2026-02-05 23:10:56","2026-02-05 23:13:50",GILMAR DE OLIVEIRA,"2026-02-05 23:46:41",2026-02-05 18:01:00.000,2026-02-06 03:25:00.000
CÂNDIDO MOTA,2026-02-05,"1",CYN9319,"1000191682",7,7,0,CYN9319,CYN9319E3,24,MISTO,"312",E3,,PAULO,"2026-02-05 22:42:35","2026-02-05 22:46:08",3.55,CONFERENTE / SUPERVISOR ,"2026-02-05 23:06:14","2026-02-05 23:06:26",GILMAR DE OLIVEIRA,"2026-02-05 23:46:52",2026-02-05 18:01:00.000,2026-02-06 03:25:00.000
CÂNDIDO MOTA,2026-02-05,"1",CYN9319,"1000191682",7,7,0,CYN9319,CYN9319D4,15,MISTO,"311",D4,,PAULO,"2026-02-05 22:36:46","2026-02-05 22:41:28",4.70,CONFERENTE / SUPERVISOR ,"2026-02-05 23:05:43","2026-02-05 23:05:57",GILMAR DE OLIVEIRA,"2026-02-05 23:46:56",2026-02-05 18:01:00.000,2026-02-06 03:25:00.000
CÂNDIDO MOTA,2026-02-05,"1",CPJ1393,"1000191680",8,8,0,CPJ1393,CPJ1393E1,100,MISTO,"317",E1,,PAULO,"2026-02-05 23:36:34","2026-02-05 23:47:41",11.12,CONFERENTE / SUPERVISOR ,"2026-02-05 23:51:34","2026-02-05 23:54:22",GILMAR DE OLIVEIRA,"2026-02-06 00:25:11",2026-02-05 18:01:00.000,2026-02-06 03:25:00.000
CÂNDIDO MOTA,2026-02-05,"1",CPJ1393,"1000191680",8,8,0,CPJ1393,CPJ1393D1,240,MISTO,"115",D1,,JOSÉ,"2026-02-05 23:46:14","2026-02-06 00:16:14",30.00,CONFERENTE / SUPERVISOR ,"2026-02-06 00:21:35","2026-02-06 00:24:45",GILMAR DE OLIVEIRA,"2026-02-06 00:25:03",2026-02-05 18:01:00.000,2026-02-06 03:25:00.000
CÂNDIDO MOTA,2026-02-05,"1",CPJ1393,"1000191680",8,8,0,CPJ1393,CPJ1393D4,50,MISTO,"14",D4,,LUCAS,"2026-02-05 23:30:07","2026-02-05 23:45:15",15.13,CONFERENTE / SUPERVISOR ,"2026-02-05 23:47:33","2026-02-05 23:49:16",GILMAR DE OLIVEIRA,"2026-02-06 00:25:21",2026-02-05 18:01:00.000,2026-02-06 03:25:00.000
CÂNDIDO MOTA,2026-02-05,"1",CPJ1393,"1000191680",8,8,0,CPJ1393,CPJ1393E2,64,MISTO,"114",E2,,JOSÉ,"2026-02-05 23:31:52","2026-02-05 23:43:56",12.07,CONFERENTE / SUPERVISOR ,"2026-02-05 23:54:57","2026-02-05 23:56:17",GILMAR DE OLIVEIRA,"2026-02-06 00:25:15",2026-02-05 18:01:00.000,2026-02-06 03:25:00.000
CÂNDIDO MOTA,2026-02-05,"1",CPJ1393,"1000191680",8,8,0,CPJ1393,CPJ1393E4,23,MISTO,"315",E4,,PAULO,"2026-02-05 23:13:59","2026-02-05 23:23:03",9.07,CONFERENTE / SUPERVISOR ,"2026-02-05 23:49:54","2026-02-05 23:50:25",GILMAR DE OLIVEIRA,"2026-02-06 00:25:32",2026-02-05 18:01:00.000,2026-02-06 03:25:00.000
CÂNDIDO MOTA,2026-02-05,"1",CPJ1393,"1000191680",8,8,0,CPJ1393,CPJ1393D3,90,MISTO,"113",D3,,JOSÉ,"2026-02-05 23:15:31","2026-02-05 23:31:32",16.02,,"2026-02-05 23:56:21","2026-02-06 00:01:00",GILMAR DE OLIVEIRA,"2026-02-06 00:25:36",2026-02-05 18:01:00.000,2026-02-06 03:25:00.000
CÂNDIDO MOTA,2026-02-05,"1",CPJ1393,"1000191680",8,8,0,CPJ1393,CPJ1393E3,193,MISTO,"15",E3,,LUCAS,"2026-02-05 23:45:37","2026-02-06 00:07:17",21.67,CONFERENTE / SUPERVISOR ,"2026-02-06 00:07:29","2026-02-06 00:08:23",GILMAR DE OLIVEIRA,"2026-02-06 00:25:07",2026-02-05 18:01:00.000,2026-02-06 03:25:00.000
CÂNDIDO MOTA,2026-02-05,"1",CPJ1393,"1000191680",8,8,0,CPJ1393,CPJ1393D2,47,MISTO,"316",D2,,PAULO,"2026-02-05 23:23:28","2026-02-05 23:36:11",12.72,CONFERENTE / SUPERVISOR ,"2026-02-05 23:50:30","2026-02-05 23:51:24",GILMAR DE OLIVEIRA,"2026-02-06 00:25:28",2026-02-05 18:01:00.000,2026-02-06 03:25:00.000
CÂNDIDO MOTA,2026-02-05,"1",EYU3703,"1000191844",9,8,1,EYU3703,EYU3703D2,145,MISTO,"120",D2,,JOSÉ,"2026-02-06 01:16:48","2026-02-06 01:27:13",10.42,CONFERENTE / SUPERVISOR ,"2026-02-06 01:37:14","2026-02-06 01:37:23",GILMAR DE OLIVEIRA,"2026-02-06 01:35:57",2026-02-05 18:01:00.000,2026-02-06 03:25:00.000
CÂNDIDO MOTA,2026-02-05,"1",EYU3703,"1000191844",9,8,1,EYU3703,EYU3703D1,198,COMPLETO,,D1,,,,,,CONFERENTE / SUPERVISOR ,"2026-02-06 01:37:28","2026-02-06 01:37:31",GILMAR DE OLIVEIRA,"2026-02-06 01:35:52",2026-02-05 18:01:00.000,2026-02-06 03:25:00.000
CÂNDIDO MOTA,2026-02-05,"1",EYU3703,"1000191844",9,8,1,EYU3703,EYU3703E1,89,MISTO,"324",E1,,PAULO,"2026-02-06 01:12:30","2026-02-06 01:30:27",17.95,,"2026-02-06 01:33:41","2026-02-06 01:35:07",GILMAR DE OLIVEIRA,"2026-02-06 01:36:02",2026-02-05 18:01:00.000,2026-02-06 03:25:00.000
CÂNDIDO MOTA,2026-02-05,"1",EYU3703,"1000191844",9,8,1,EYU3703,EYU3703E4,35,MISTO,"18",E4,,LUCAS,"2026-02-06 00:43:18","2026-02-06 01:01:51",18.55,CONFERENTE / SUPERVISOR ,"2026-02-06 01:36:39","2026-02-06 01:36:46",GILMAR DE OLIVEIRA,"2026-02-06 01:36:21",2026-02-05 18:01:00.000,2026-02-06 03:25:00.000
CÂNDIDO MOTA,2026-02-05,"1",EYU3703,"1000191844",9,8,1,EYU3703,EYU3703E2,30,MISTO,"322",E2,,PAULO,"2026-02-06 00:34:53","2026-02-06 00:43:50",8.95,CONFERENTE / SUPERVISOR ,"2026-02-06 01:36:31","2026-02-06 01:36:36",GILMAR DE OLIVEIRA,"2026-02-06 01:36:25",2026-02-05 18:01:00.000,2026-02-06 03:25:00.000
CÂNDIDO MOTA,2026-02-05,"1",EYU3703,"1000191844",9,8,1,EYU3703,EYU3703E3,64,MISTO,"118",E3,,JOSÉ,"2026-02-06 00:48:50","2026-02-06 00:59:06",10.27,CONFERENTE / SUPERVISOR ,"2026-02-06 01:36:57","2026-02-06 01:37:03",GILMAR DE OLIVEIRA,"2026-02-06 01:36:14",2026-02-05 18:01:00.000,2026-02-06 03:25:00.000
CÂNDIDO MOTA,2026-02-05,"1",EYU3703,"1000191844",9,8,1,EYU3703,EYU3703D3,90,MISTO,"19",D3,,LUCAS,"2026-02-06 01:02:22","2026-02-06 01:25:12",22.83,CONFERENTE / SUPERVISOR ,"2026-02-06 01:27:28","2026-02-06 01:29:10",GILMAR DE OLIVEIRA,"2026-02-06 01:36:06",2026-02-05 18:01:00.000,2026-02-06 03:25:00.000
CÂNDIDO MOTA,2026-02-05,"1",EYU3703,"1000191844",9,8,1,EYU3703,EYU3703D5,69,MISTO,"119",D5,,JOSÉ,"2026-02-06 01:01:38","2026-02-06 01:16:29",14.85,CONFERENTE / SUPERVISOR ,"2026-02-06 01:24:29","2026-02-06 01:24:45",GILMAR DE OLIVEIRA,"2026-02-06 01:36:10",2026-02-05 18:01:00.000,2026-02-06 03:25:00.000
CÂNDIDO MOTA,2026-02-05,"1",EYU3703,"1000191844",9,8,1,EYU3703,EYU3703D4,51,MISTO,"323",D4,,PAULO,"2026-02-06 00:44:57","2026-02-06 01:03:03",18.10,CONFERENTE / SUPERVISOR ,"2026-02-06 01:36:49","2026-02-06 01:36:53",GILMAR DE OLIVEIRA,"2026-02-06 01:36:18",2026-02-05 18:01:00.000,2026-02-06 03:25:00.000
CÂNDIDO MOTA,2026-02-06,"1",EYU3370,"1000191873",10,8,2,EYU3370,EYU3370E5,87,MISTO,"3",E5,,LUCAS,"2026-02-06 22:05:50","2026-02-06 22:23:54",18.07,CONFERENTE / SUPERVISOR ,"2026-02-06 23:24:56","2026-02-06 23:24:59",GILMAR DE OLIVEIRA,"2026-02-06 23:23:58",2026-02-06 20:00:00.000,2026-02-07 00:20:00.000
CÂNDIDO MOTA,2026-02-06,"1",EYU3370,"1000191873",10,8,2,EYU3370,EYU3370E2,70,MISTO,"106",E2,,JOSÉ,"2026-02-06 22:03:48","2026-02-06 22:17:42",13.90,CONFERENTE / SUPERVISOR ,"2026-02-06 23:24:46","2026-02-06 23:24:50",GILMAR DE OLIVEIRA,"2026-02-06 23:24:01",2026-02-06 20:00:00.000,2026-02-07 00:20:00.000
CÂNDIDO MOTA,2026-02-06,"1",EYU3370,"1000191873",10,8,2,EYU3370,EYU3370D2,100,MISTO,"107",D2,,JOSÉ,"2026-02-06 22:18:00","2026-02-06 22:29:47",11.78,CONFERENTE / SUPERVISOR ,"2026-02-06 23:25:04","2026-02-06 23:25:08",GILMAR DE OLIVEIRA,"2026-02-06 23:23:53",2026-02-06 20:00:00.000,2026-02-07 00:20:00.000
CÂNDIDO MOTA,2026-02-06,"1",EYU3370,"1000191873",10,8,2,EYU3370,EYU3370D1,100,COMPLETO,,D1,,,,,,CONFERENTE / SUPERVISOR ,"2026-02-06 23:25:22","2026-02-06 23:25:25",GILMAR DE OLIVEIRA,"2026-02-06 23:23:38",2026-02-06 20:00:00.000,2026-02-07 00:20:00.000
CÂNDIDO MOTA,2026-02-06,"1",EYU3370,"1000191873",10,8,2,EYU3370,EYU3370E1,100,COMPLETO,,E1,,,,,,CONFERENTE / SUPERVISOR ,"2026-02-06 23:25:12","2026-02-06 23:25:18",GILMAR DE OLIVEIRA,"2026-02-06 23:23:33",2026-02-06 20:00:00.000,2026-02-07 00:20:00.000
CÂNDIDO MOTA,2026-02-06,"1",EYU3370,"1000191873",10,8,2,EYU3370,EYU3370D5,15,MISTO,"104",D5,,JOSÉ,"2026-02-06 20:40:11","2026-02-06 20:47:54",7.72,CONFERENTE / SUPERVISOR ,"2026-02-06 23:24:23","2026-02-06 23:24:26",GILMAR DE OLIVEIRA,"2026-02-06 23:24:12",2026-02-06 20:00:00.000,2026-02-07 00:20:00.000
CÂNDIDO MOTA,2026-02-06,"1",EYU3370,"1000191873",10,8,2,EYU3370,EYU3370E4,37,MISTO,"105",E4,,JOSÉ,"2026-02-06 20:48:38","2026-02-06 20:58:53",10.25,CONFERENTE / SUPERVISOR ,"2026-02-06 23:24:37","2026-02-06 23:24:41",GILMAR DE OLIVEIRA,"2026-02-06 23:24:05",2026-02-06 20:00:00.000,2026-02-07 00:20:00.000
CÂNDIDO MOTA,2026-02-06,"1",EYU3370,"1000191873",10,8,2,EYU3370,EYU3370D4,46,MISTO,"303",D4,,PAULO,"2026-02-06 22:06:31","2026-02-06 22:29:44",23.22,CONFERENTE / SUPERVISOR ,"2026-02-06 23:24:29","2026-02-06 23:24:33",GILMAR DE OLIVEIRA,"2026-02-06 23:24:09",2026-02-06 20:00:00.000,2026-02-07 00:20:00.000
CÂNDIDO MOTA,2026-02-06,"1",EYU3370,"1000191873",10,8,2,EYU3370,EYU3370D3,165,MISTO,"108",D3,,JOSÉ,"2026-02-06 22:30:01","2026-02-06 22:45:24",15.38,CONFERENTE / SUPERVISOR ,"2026-02-06 22:49:55","2026-02-06 22:51:23",GILMAR DE OLIVEIRA,"2026-02-06 23:23:43",2026-02-06 20:00:00.000,2026-02-07 00:20:00.000
CÂNDIDO MOTA,2026-02-06,"1",EYU3370,"1000191873",10,8,2,EYU3370,EYU3370E3,108,MISTO,"4",E3,,LUCAS,"2026-02-06 22:24:16","2026-02-06 22:44:48",20.53,CONFERENTE / SUPERVISOR ,"2026-02-06 22:47:28","2026-02-06 22:49:45",GILMAR DE OLIVEIRA,"2026-02-06 23:23:48",2026-02-06 20:00:00.000,2026-02-07 00:20:00.000
CÂNDIDO MOTA,2026-02-06,"1",CYN9319,"1000190516",3,3,0,CYN9319,CYN9319D2,32,MISTO,"112",D2,,JOSÉ,"2026-02-06 23:19:44","2026-02-06 23:25:12",5.47,CONFERENTE / SUPERVISOR ,"2026-02-06 23:48:41","2026-02-06 23:48:56",GILMAR DE OLIVEIRA,"2026-02-06 23:54:49",2026-02-06 20:00:00.000,2026-02-07 00:20:00.000
CÂNDIDO MOTA,2026-02-06,"1",CYN9319,"1000190516",3,3,0,CYN9319,CYN9319E1,32,MISTO,"111",E1,,JOSÉ,"2026-02-06 23:14:23","2026-02-06 23:19:29",5.10,CONFERENTE / SUPERVISOR ,"2026-02-06 23:47:21","2026-02-06 23:47:45",GILMAR DE OLIVEIRA,"2026-02-06 23:54:55",2026-02-06 20:00:00.000,2026-02-07 00:20:00.000
CÂNDIDO MOTA,2026-02-06,"1",CYN9319,"1000190516",3,3,0,CYN9319,CYN9319D1,64,MISTO,"308",D1,,PAULO,"2026-02-06 23:23:15","2026-02-06 23:40:36",17.35,CONFERENTE / SUPERVISOR ,"2026-02-06 23:47:49","2026-02-06 23:48:38",GILMAR DE OLIVEIRA,"2026-02-06 23:54:45",2026-02-06 20:00:00.000,2026-02-07 00:20:00.000
CÂNDIDO MOTA,2026-02-06,"1",CPJ1393,"1000191868",7,7,0,CPJ1393,CPJ1393E1,181,MISTO,"2",E1,,LUCAS,"2026-02-06 20:33:49","2026-02-06 20:56:25",22.60,CONFERENTE / SUPERVISOR ,"2026-02-06 22:13:05","2026-02-06 22:15:58",GILMAR DE OLIVEIRA,"2026-02-06 22:52:41",2026-02-06 20:00:00.000,2026-02-07 00:20:00.000
CÂNDIDO MOTA,2026-02-06,"1",CPJ1393,"1000191868",7,7,0,CPJ1393,CPJ1393D1,87,MISTO,"103",D1,,JOSÉ,"2026-02-06 20:33:31","2026-02-06 20:37:40",4.15,CONFERENTE / SUPERVISOR ,"2026-02-06 22:12:32","2026-02-06 22:12:52",GILMAR DE OLIVEIRA,"2026-02-06 22:52:45",2026-02-06 20:00:00.000,2026-02-07 00:20:00.000
CÂNDIDO MOTA,2026-02-06,"1",CPJ1393,"1000191868",7,7,0,CPJ1393,CPJ1393E2,52,MISTO,"302",E2,,PAULO,"2026-02-06 20:27:52","2026-02-06 20:40:24",12.53,CONFERENTE / SUPERVISOR ,"2026-02-06 22:23:17","2026-02-06 22:23:25",GILMAR DE OLIVEIRA,"2026-02-06 22:52:50",2026-02-06 20:00:00.000,2026-02-07 00:20:00.000
CÂNDIDO MOTA,2026-02-06,"1",CPJ1393,"1000191868",7,7,0,CPJ1393,CPJ1393D4,41,MISTO,"301",D4,,PAULO,"2026-02-06 20:06:52","2026-02-06 20:23:33",16.68,,"2026-02-06 22:17:48","2026-02-06 22:20:27",GILMAR DE OLIVEIRA,"2026-02-06 22:52:57",2026-02-06 20:00:00.000,2026-02-07 00:20:00.000
CÂNDIDO MOTA,2026-02-06,"1",CPJ1393,"1000191868",7,7,0,CPJ1393,CPJ1393D3,61,MISTO,"101",D3,,JOSÉ,"2026-02-06 20:10:52","2026-02-06 20:18:57",8.08,CONFERENTE / SUPERVISOR ,"2026-02-06 22:23:28","2026-02-06 22:25:33",GILMAR DE OLIVEIRA,"2026-02-06 22:53:04",2026-02-06 20:00:00.000,2026-02-07 00:20:00.000
CÂNDIDO MOTA,2026-02-06,"1",CPJ1393,"1000191868",7,7,0,CPJ1393,CPJ1393D2,30,MISTO,"1",D2,,LUCAS,"2026-02-06 20:08:58","2026-02-06 20:33:20",24.37,CONFERENTE / SUPERVISOR ,"2026-02-06 22:21:51","2026-02-06 22:23:05",GILMAR DE OLIVEIRA,"2026-02-06 22:53:00",2026-02-06 20:00:00.000,2026-02-07 00:20:00.000
CÂNDIDO MOTA,2026-02-06,"1",CPJ1393,"1000191868",7,7,0,CPJ1393,CPJ1393E3,48,MISTO,"102",E3,,JOSÉ,"2026-02-06 20:21:02","2026-02-06 20:33:12",12.17,CONFERENTE / SUPERVISOR ,"2026-02-06 22:11:44","2026-02-06 22:12:21",GILMAR DE OLIVEIRA,"2026-02-06 22:52:53",2026-02-06 20:00:00.000,2026-02-07 00:20:00.000
CÂNDIDO MOTA,2026-02-06,"1",EYU3362,"1000191908",10,9,1,EYU3362,EYU3362E3,68,MISTO,"304",E3,,PAULO,"2026-02-06 22:30:16","2026-02-06 22:40:09",9.88,CONFERENTE / SUPERVISOR ,"2026-02-07 00:14:52","2026-02-07 00:14:56",GILMAR DE OLIVEIRA,"2026-02-07 00:14:42",2026-02-06 20:00:00.000,2026-02-07 00:20:00.000
CÂNDIDO MOTA,2026-02-06,"1",EYU3362,"1000191908",10,9,1,EYU3362,EYU3362E5,63,MISTO,"109",E5,,JOSÉ,"2026-02-06 22:45:39","2026-02-06 22:53:51",8.20,CONFERENTE / SUPERVISOR ,"2026-02-07 00:15:13","2026-02-07 00:15:17",GILMAR DE OLIVEIRA,"2026-02-07 00:14:29",2026-02-06 20:00:00.000,2026-02-07 00:20:00.000
CÂNDIDO MOTA,2026-02-06,"1",EYU3362,"1000191908",10,9,1,EYU3362,EYU3362E1,36,MISTO,"5",E1,,LUCAS,"2026-02-06 22:45:09","2026-02-06 22:54:36",9.45,CONFERENTE / SUPERVISOR ,"2026-02-07 00:15:06","2026-02-07 00:15:10",GILMAR DE OLIVEIRA,"2026-02-07 00:14:34",2026-02-06 20:00:00.000,2026-02-07 00:20:00.000
CÂNDIDO MOTA,2026-02-06,"1",EYU3362,"1000191908",10,9,1,EYU3362,EYU3362D5,20,MISTO,"305",D5,,PAULO,"2026-02-06 22:40:35","2026-02-06 22:48:26",7.85,CONFERENTE / SUPERVISOR ,"2026-02-07 00:15:00","2026-02-07 00:15:03",GILMAR DE OLIVEIRA,"2026-02-07 00:14:38",2026-02-06 20:00:00.000,2026-02-07 00:20:00.000
CÂNDIDO MOTA,2026-02-06,"1",EYU3362,"1000191908",10,9,1,EYU3362,EYU3362E2,64,MISTO,"306",E2,,PAULO,"2026-02-06 22:48:43","2026-02-06 23:02:12",13.48,CONFERENTE / SUPERVISOR ,"2026-02-07 00:15:22","2026-02-07 00:15:25",GILMAR DE OLIVEIRA,"2026-02-07 00:14:21",2026-02-06 20:00:00.000,2026-02-07 00:20:00.000
CÂNDIDO MOTA,2026-02-06,"1",EYU3362,"1000191908",10,9,1,EYU3362,EYU3362D4,64,MISTO,"110",D4,,JOSÉ,"2026-02-06 22:54:11","2026-02-06 23:08:49",14.63,CONFERENTE / SUPERVISOR ,"2026-02-07 00:15:30","2026-02-07 00:15:43",GILMAR DE OLIVEIRA,"2026-02-07 00:14:16",2026-02-06 20:00:00.000,2026-02-07 00:20:00.000
CÂNDIDO MOTA,2026-02-06,"1",EYU3362,"1000191908",10,9,1,EYU3362,EYU3362D3,87,MISTO,"6",D3,,LUCAS,"2026-02-06 22:55:14","2026-02-06 23:10:55",15.68,CONFERENTE / SUPERVISOR ,"2026-02-07 00:15:49","2026-02-07 00:15:54",GILMAR DE OLIVEIRA,"2026-02-07 00:14:12",2026-02-06 20:00:00.000,2026-02-07 00:20:00.000
CÂNDIDO MOTA,2026-02-06,"1",EYU3362,"1000191908",10,9,1,EYU3362,EYU3362D1,100,COMPLETO,,D1,,,,,,CONFERENTE / SUPERVISOR ,"2026-02-07 00:16:16","2026-02-07 00:16:20",GILMAR DE OLIVEIRA,"2026-02-07 00:14:01",2026-02-06 20:00:00.000,2026-02-07 00:20:00.000
CÂNDIDO MOTA,2026-02-06,"1",EYU3362,"1000191908",10,9,1,EYU3362,EYU3362D2,211,MISTO,"7",D2,,LUCAS,"2026-02-06 23:11:13","2026-02-06 23:28:00",16.78,CONFERENTE / SUPERVISOR ,"2026-02-06 23:55:08","2026-02-06 23:56:38",GILMAR DE OLIVEIRA,"2026-02-07 00:14:05",2026-02-06 20:00:00.000,2026-02-07 00:20:00.000
CÂNDIDO MOTA,2026-02-06,"1",EYU3362,"1000191908",10,9,1,EYU3362,EYU3362E4,118,MISTO,"307",E4,,PAULO,"2026-02-06 23:02:51","2026-02-06 23:19:54",17.05,CONFERENTE / SUPERVISOR ,"2026-02-06 23:56:42","2026-02-06 23:56:57",GILMAR DE OLIVEIRA,"2026-02-07 00:14:09",2026-02-06 20:00:00.000,2026-02-07 00:20:00.000
CÂNDIDO MOTA,2026-02-06,"1",EYU3363,"1000191874",8,8,0,EYU3363,EYU3363E4,38,MISTO,"8",E4,,LUCAS,"2026-02-06 23:28:22","2026-02-06 23:40:08",11.77,CONFERENTE / SUPERVISOR ,"2026-02-07 00:19:54","2026-02-07 00:19:57",GILMAR DE OLIVEIRA,"2026-02-07 00:13:38",2026-02-06 20:00:00.000,2026-02-07 00:20:00.000
CÂNDIDO MOTA,2026-02-06,"1",EYU3363,"1000191874",8,8,0,EYU3363,EYU3363D1,180,MISTO,"115",D1,,JOSÉ,"2026-02-07 00:07:53","2026-02-07 00:15:19",7.43,CONFERENTE / SUPERVISOR ,"2026-02-07 00:20:09","2026-02-07 00:21:24",GILMAR DE OLIVEIRA,"2026-02-07 00:27:51",2026-02-06 20:00:00.000,2026-02-07 00:20:00.000
CÂNDIDO MOTA,2026-02-06,"1",EYU3363,"1000191874",8,8,0,EYU3363,EYU3363D3,80,MISTO,"113",D3,,JOSÉ,"2026-02-06 23:26:08","2026-02-06 23:43:21",17.22,CONFERENTE / SUPERVISOR ,"2026-02-07 00:20:01","2026-02-07 00:20:06",GILMAR DE OLIVEIRA,"2026-02-07 00:13:44",2026-02-06 20:00:00.000,2026-02-07 00:20:00.000
CÂNDIDO MOTA,2026-02-06,"1",EYU3363,"1000191874",8,8,0,EYU3363,EYU3363E3,140,MISTO,"310",E3,,PAULO,"2026-02-06 23:56:22","2026-02-07 00:21:27",25.08,,"2026-02-07 00:21:40","2026-02-07 00:25:04",GILMAR DE OLIVEIRA,"2026-02-07 00:27:55",2026-02-06 20:00:00.000,2026-02-07 00:20:00.000
CÂNDIDO MOTA,2026-02-06,"1",EYU3363,"1000191874",8,8,0,EYU3363,EYU3363D2,75,MISTO,"114",D2,,JOSÉ,"2026-02-06 23:58:37","2026-02-07 00:07:10",8.55,CONFERENTE / SUPERVISOR ,"2026-02-07 00:08:20","2026-02-07 00:12:30",GILMAR DE OLIVEIRA,"2026-02-07 00:13:26",2026-02-06 20:00:00.000,2026-02-07 00:20:00.000
CÂNDIDO MOTA,2026-02-06,"1",EYU3363,"1000191874",8,8,0,EYU3363,EYU3363E1,95,MISTO,"10",E1,,LUCAS,"2026-02-06 23:50:48","2026-02-07 00:15:09",24.35,CONFERENTE / SUPERVISOR ,"2026-02-07 00:16:36","2026-02-07 00:19:38",GILMAR DE OLIVEIRA,"2026-02-07 00:28:00",2026-02-06 20:00:00.000,2026-02-07 00:20:00.000
CÂNDIDO MOTA,2026-02-06,"1",EYU3363,"1000191874",8,8,0,EYU3363,EYU3363E2,45,MISTO,"9",E2,,LUCAS,"2026-02-06 23:40:27","2026-02-06 23:50:25",9.97,CONFERENTE / SUPERVISOR ,"2026-02-07 00:19:43","2026-02-07 00:19:49",GILMAR DE OLIVEIRA,"2026-02-07 00:13:34",2026-02-06 20:00:00.000,2026-02-07 00:20:00.000
CÂNDIDO MOTA,2026-02-06,"1",EYU3363,"1000191874",8,8,0,EYU3363,EYU3363D4,45,MISTO,"309",D4,,PAULO,"2026-02-06 23:40:53","2026-02-06 23:56:06",15.22,CONFERENTE / SUPERVISOR ,"2026-02-07 00:21:29","2026-02-07 00:21:36",GILMAR DE OLIVEIRA,"2026-02-07 00:13:30",2026-02-06 20:00:00.000,2026-02-07 00:20:00.000
CÂNDIDO MOTA,2026-02-09,"1",CPJ1393,"1000192257",8,8,0,CPJ1393,CPJ1393D3,79,MISTO,"310",D3,,PAULO,"2026-02-10 02:00:18","2026-02-10 02:14:59",14.68,,"2026-02-10 02:27:38","2026-02-10 02:29:24",GILMAR DE OLIVEIRA,"2026-02-10 02:48:13",2026-02-09 19:14:00.000,2026-02-10 06:00:00.000
CÂNDIDO MOTA,2026-02-09,"1",CPJ1393,"1000192257",8,8,0,CPJ1393,CPJ1393E4,15,MISTO,"110",E4,,JOSÉ,"2026-02-10 02:00:34","2026-02-10 02:06:56",6.37,CONFERENTE / SUPERVISOR ,"2026-02-10 02:31:38","2026-02-10 02:31:56",GILMAR DE OLIVEIRA,"2026-02-10 02:48:16",2026-02-09 19:14:00.000,2026-02-10 06:00:00.000
CÂNDIDO MOTA,2026-02-09,"1",CPJ1393,"1000192257",8,8,0,CPJ1393,CPJ1393D1,100,MISTO,"15",D1,,LUCAS,"2026-02-10 02:25:33","2026-02-10 02:38:32",12.98,CONFERENTE / SUPERVISOR ,"2026-02-10 02:47:02","2026-02-10 02:47:35",GILMAR DE OLIVEIRA,"2026-02-10 02:48:00",2026-02-09 19:14:00.000,2026-02-10 06:00:00.000
CÂNDIDO MOTA,2026-02-09,"1",CPJ1393,"1000192257",8,8,0,CPJ1393,CPJ1393E3,137,MISTO,"312",E3,,PAULO,"2026-02-10 02:31:09","2026-02-10 02:47:50",16.68,,"2026-02-10 03:03:50","2026-02-10 03:02:24",GILMAR DE OLIVEIRA,"2026-02-10 03:03:39",2026-02-09 19:14:00.000,2026-02-10 06:00:00.000
CÂNDIDO MOTA,2026-02-09,"1",CPJ1393,"1000192257",8,8,0,CPJ1393,CPJ1393E2,81,MISTO,"311",E2,,PAULO,"2026-02-10 02:18:13","2026-02-10 02:30:52",12.65,CONFERENTE / SUPERVISOR ,"2026-02-10 02:31:59","2026-02-10 02:34:35",GILMAR DE OLIVEIRA,"2026-02-10 02:48:03",2026-02-09 19:14:00.000,2026-02-10 06:00:00.000
CÂNDIDO MOTA,2026-02-09,"1",CPJ1393,"1000192257",8,8,0,CPJ1393,CPJ1393D4,65,MISTO,"14",D4,,LUCAS,"2026-02-10 02:10:08","2026-02-10 02:22:25",12.28,CONFERENTE / SUPERVISOR ,"2026-02-10 02:24:26","2026-02-10 02:25:46",GILMAR DE OLIVEIRA,"2026-02-10 02:48:06",2026-02-09 19:14:00.000,2026-02-10 06:00:00.000
CÂNDIDO MOTA,2026-02-09,"1",CPJ1393,"1000192257",8,8,0,CPJ1393,CPJ1393E1,65,MISTO,"111",E1,,JOSÉ,"2026-02-10 02:07:14","2026-02-10 02:38:55",31.68,,"2026-02-10 02:39:00","2026-02-10 02:43:48",GILMAR DE OLIVEIRA,"2026-02-10 02:48:09",2026-02-09 19:14:00.000,2026-02-10 06:00:00.000
CÂNDIDO MOTA,2026-02-09,"1",CPJ1393,"1000192257",8,8,0,CPJ1393,CPJ1393D2,148,MISTO,"16",D2,,LUCAS,"2026-02-10 02:38:59","2026-02-10 02:59:24",20.42,CONFERENTE / SUPERVISOR ,"2026-02-10 02:59:43","2026-02-10 03:00:40",GILMAR DE OLIVEIRA,"2026-02-10 03:00:56",2026-02-09 19:14:00.000,2026-02-10 06:00:00.000
CÂNDIDO MOTA,2026-02-09,"1",EYU3702,"1000192262",9,8,1,EYU3702,EYU3702E3,37,MISTO,"3",E3,,LUCAS,"2026-02-09 23:33:00","2026-02-09 23:52:50",19.83,CONFERENTE / SUPERVISOR ,"2026-02-10 01:00:13","2026-02-10 01:00:19",GILMAR DE OLIVEIRA,"2026-02-10 00:57:31",2026-02-09 19:14:00.000,2026-02-10 06:00:00.000
CÂNDIDO MOTA,2026-02-09,"1",EYU3702,"1000192262",9,8,1,EYU3702,EYU3702E2,47,MISTO,"104",E2,,JOSÉ,"2026-02-09 23:56:47","2026-02-10 00:13:18",16.52,CONFERENTE / SUPERVISOR ,"2026-02-10 00:59:50","2026-02-10 00:59:53",GILMAR DE OLIVEIRA,"2026-02-10 00:57:06",2026-02-09 19:14:00.000,2026-02-10 06:00:00.000
CÂNDIDO MOTA,2026-02-09,"1",EYU3702,"1000192262",9,8,1,EYU3702,EYU3702D3,34,MISTO,"4",D3,,LUCAS,"2026-02-09 23:53:18","2026-02-10 00:03:58",10.67,CONFERENTE / SUPERVISOR ,"2026-02-10 00:59:56","2026-02-10 01:00:00",GILMAR DE OLIVEIRA,"2026-02-10 00:57:11",2026-02-09 19:14:00.000,2026-02-10 06:00:00.000
CÂNDIDO MOTA,2026-02-09,"1",EYU3702,"1000192262",9,8,1,EYU3702,EYU3702D2,187,MISTO,"305",D2,,PAULO,"2026-02-10 00:23:11","2026-02-10 00:52:07",28.93,CONFERENTE / SUPERVISOR ,"2026-02-10 00:59:43","2026-02-10 00:59:47",GILMAR DE OLIVEIRA,"2026-02-10 00:56:46",2026-02-09 19:14:00.000,2026-02-10 06:00:00.000
CÂNDIDO MOTA,2026-02-09,"1",EYU3702,"1000192262",9,8,1,EYU3702,EYU3702E1,88,MISTO,"304",E1,,PAULO,"2026-02-10 00:06:30","2026-02-10 00:22:49",16.32,CONFERENTE / SUPERVISOR ,"2026-02-10 01:00:23","2026-02-10 01:00:27",GILMAR DE OLIVEIRA,"2026-02-10 00:56:58",2026-02-09 19:14:00.000,2026-02-10 06:00:00.000
CÂNDIDO MOTA,2026-02-09,"1",EYU3702,"1000192262",9,8,1,EYU3702,EYU3702E4,29,MISTO,"103",E4,,JOSÉ,"2026-02-09 23:44:53","2026-02-09 23:56:14",11.35,CONFERENTE / SUPERVISOR ,"2026-02-10 01:00:03","2026-02-10 01:00:08",GILMAR DE OLIVEIRA,"2026-02-10 00:57:24",2026-02-09 19:14:00.000,2026-02-10 06:00:00.000
CÂNDIDO MOTA,2026-02-09,"1",EYU3702,"1000192262",9,8,1,EYU3702,EYU3702D5,173,MISTO,"105",D5,,JOSÉ,"2026-02-10 00:13:54","2026-02-10 00:46:42",32.80,CONFERENTE / SUPERVISOR ,"2026-02-10 00:59:21","2026-02-10 00:59:36",GILMAR DE OLIVEIRA,"2026-02-10 01:09:49",2026-02-09 19:14:00.000,2026-02-10 06:00:00.000
CÂNDIDO MOTA,2026-02-09,"1",EYU3702,"1000192262",9,8,1,EYU3702,EYU3702D4,99,MISTO,"5",D4,,LUCAS,"2026-02-10 00:04:20","2026-02-10 00:24:19",19.98,CONFERENTE / SUPERVISOR ,"2026-02-10 01:00:31","2026-02-10 01:00:35",GILMAR DE OLIVEIRA,"2026-02-10 00:56:49",2026-02-09 19:14:00.000,2026-02-10 06:00:00.000
CÂNDIDO MOTA,2026-02-09,"1",EYU3702,"1000192262",9,8,1,EYU3702,EYU3702D1,180,COMPLETO,,D1,,,,,,CONFERENTE / SUPERVISOR ,"2026-02-10 01:00:40","2026-02-10 01:00:47",GILMAR DE OLIVEIRA,"2026-02-10 00:57:40",2026-02-09 19:14:00.000,2026-02-10 06:00:00.000
CÂNDIDO MOTA,2026-02-09,"1",EYU3705,"1000192264",9,7,2,EYU3705,EYU3705E4,44,MISTO,"101",E4,,JOSÉ,"2026-02-09 23:07:21","2026-02-09 23:09:12",1.85,CONFERENTE / SUPERVISOR ,"2026-02-10 00:17:22","2026-02-10 00:17:25",GILMAR DE OLIVEIRA,"2026-02-10 00:16:53",2026-02-09 19:14:00.000,2026-02-10 06:00:00.000
CÂNDIDO MOTA,2026-02-09,"1",EYU3705,"1000192264",9,7,2,EYU3705,EYU3705D4,52,MISTO,"1",D4,,LUCAS,"2026-02-09 23:07:07","2026-02-09 23:24:24",17.28,CONFERENTE / SUPERVISOR ,"2026-02-10 00:17:14","2026-02-10 00:17:18",GILMAR DE OLIVEIRA,"2026-02-10 00:16:56",2026-02-09 19:14:00.000,2026-02-10 06:00:00.000
CÂNDIDO MOTA,2026-02-09,"1",EYU3705,"1000192264",9,7,2,EYU3705,EYU3705E3,66,MISTO,"302",E3,,PAULO,"2026-02-09 23:10:37","2026-02-09 23:30:31",19.90,CONFERENTE / SUPERVISOR ,"2026-02-10 00:17:48","2026-02-10 00:17:52",GILMAR DE OLIVEIRA,"2026-02-10 00:16:40",2026-02-09 19:14:00.000,2026-02-10 06:00:00.000
CÂNDIDO MOTA,2026-02-09,"1",EYU3705,"1000192264",9,7,2,EYU3705,EYU3705D2,52,MISTO,"301",D2,,PAULO,"2026-02-09 23:07:49","2026-02-09 23:10:22",2.55,CONFERENTE / SUPERVISOR ,"2026-02-10 00:17:29","2026-02-10 00:17:33",GILMAR DE OLIVEIRA,"2026-02-10 00:16:49",2026-02-09 19:14:00.000,2026-02-10 06:00:00.000
CÂNDIDO MOTA,2026-02-09,"1",EYU3705,"1000192264",9,7,2,EYU3705,EYU3705D5,64,MISTO,"102",D5,,JOSÉ,"2026-02-09 23:09:34","2026-02-09 23:34:55",25.35,CONFERENTE / SUPERVISOR ,"2026-02-10 00:17:39","2026-02-10 00:17:43",GILMAR DE OLIVEIRA,"2026-02-10 00:16:45",2026-02-09 19:14:00.000,2026-02-10 06:00:00.000
CÂNDIDO MOTA,2026-02-09,"1",EYU3705,"1000192264",9,7,2,EYU3705,EYU3705D1,180,COMPLETO,,D1,,,,,,CONFERENTE / SUPERVISOR ,"2026-02-10 00:18:14","2026-02-10 00:18:18",GILMAR DE OLIVEIRA,"2026-02-10 00:16:28",2026-02-09 19:14:00.000,2026-02-10 06:00:00.000
CÂNDIDO MOTA,2026-02-09,"1",EYU3705,"1000192264",9,7,2,EYU3705,EYU3705D3,201,MISTO,"303",D3,,PAULO,"2026-02-09 23:35:33","2026-02-10 00:03:24",27.85,,"2026-02-10 00:08:46","2026-02-10 00:11:51",GILMAR DE OLIVEIRA,"2026-02-10 00:16:32",2026-02-09 19:14:00.000,2026-02-10 06:00:00.000
CÂNDIDO MOTA,2026-02-09,"1",EYU3705,"1000192264",9,7,2,EYU3705,EYU3705E1,81,COMPLETO,,E1,,,,,,CONFERENTE / SUPERVISOR ,"2026-02-10 00:17:59","2026-02-10 00:18:02",GILMAR DE OLIVEIRA,"2026-02-10 00:16:23",2026-02-09 19:14:00.000,2026-02-10 06:00:00.000
CÂNDIDO MOTA,2026-02-09,"1",EYU3705,"1000192264",9,7,2,EYU3705,EYU3705E2,82,MISTO,"2",E2,,LUCAS,"2026-02-09 23:24:50","2026-02-09 23:32:29",7.65,CONFERENTE / SUPERVISOR ,"2026-02-10 00:18:07","2026-02-10 00:18:10",GILMAR DE OLIVEIRA,"2026-02-10 00:16:35",2026-02-09 19:14:00.000,2026-02-10 06:00:00.000
CÂNDIDO MOTA,2026-02-09,"1",GDB5855,"1000192266",10,7,3,GDB5855,GDB5855D4,184,MISTO,"106",D4,,JOSÉ,"2026-02-10 00:47:07","2026-02-10 01:24:26",37.32,,"2026-02-10 01:31:41","2026-02-10 01:40:48",GILMAR DE OLIVEIRA,"2026-02-10 01:48:15",2026-02-09 19:14:00.000,2026-02-10 06:00:00.000
CÂNDIDO MOTA,2026-02-09,"1",GDB5855,"1000192266",10,7,3,GDB5855,GDB5855D5,76,MISTO,"8",D5,,LUCAS,"2026-02-10 00:56:12","2026-02-10 01:11:48",15.60,CONFERENTE / SUPERVISOR ,"2026-02-10 01:16:43","2026-02-10 01:16:48",GILMAR DE OLIVEIRA,"2026-02-10 01:13:41",2026-02-09 19:14:00.000,2026-02-10 06:00:00.000
CÂNDIDO MOTA,2026-02-09,"1",GDB5855,"1000192266",10,7,3,GDB5855,GDB5855D2,81,COMPLETO,,D2,,,,,,CONFERENTE / SUPERVISOR ,"2026-02-10 01:13:24","2026-02-10 01:13:27",GILMAR DE OLIVEIRA,"2026-02-10 01:11:03",2026-02-09 19:14:00.000,2026-02-10 06:00:00.000
CÂNDIDO MOTA,2026-02-09,"1",GDB5855,"1000192266",10,7,3,GDB5855,GDB5855E3,32,MISTO,"6",E3,,LUCAS,"2026-02-10 00:25:10","2026-02-10 00:44:05",18.92,CONFERENTE / SUPERVISOR ,"2026-02-10 01:11:17","2026-02-10 01:11:20",GILMAR DE OLIVEIRA,"2026-02-10 01:11:11",2026-02-09 19:14:00.000,2026-02-10 06:00:00.000
CÂNDIDO MOTA,2026-02-09,"1",GDB5855,"1000192266",10,7,3,GDB5855,GDB5855D1,180,COMPLETO,,D1,,,,,,CONFERENTE / SUPERVISOR ,"2026-02-10 01:13:32","2026-02-10 01:13:37",GILMAR DE OLIVEIRA,"2026-02-10 01:10:49",2026-02-09 19:14:00.000,2026-02-10 06:00:00.000
CÂNDIDO MOTA,2026-02-09,"1",GDB5855,"1000192266",10,7,3,GDB5855,GDB5855E1,100,COMPLETO,,E1,,,,,,CONFERENTE / SUPERVISOR ,"2026-02-10 01:11:44","2026-02-10 01:11:48",GILMAR DE OLIVEIRA,"2026-02-10 01:10:45",2026-02-09 19:14:00.000,2026-02-10 06:00:00.000
CÂNDIDO MOTA,2026-02-09,"1",GDB5855,"1000192266",10,7,3,GDB5855,GDB5855E4,40,MISTO,"7",E4,,LUCAS,"2026-02-10 00:44:25","2026-02-10 00:55:46",11.35,CONFERENTE / SUPERVISOR ,"2026-02-10 01:11:25","2026-02-10 01:11:29",GILMAR DE OLIVEIRA,"2026-02-10 01:11:08",2026-02-09 19:14:00.000,2026-02-10 06:00:00.000
CÂNDIDO MOTA,2026-02-09,"1",GDB5855,"1000192266",10,7,3,GDB5855,GDB5855D3,171,MISTO,"9",D3,,LUCAS,"2026-02-10 01:12:08","2026-02-10 01:29:06",16.97,,"2026-02-10 01:29:29","2026-02-10 01:29:54",GILMAR DE OLIVEIRA,"2026-02-10 01:48:08",2026-02-09 19:14:00.000,2026-02-10 06:00:00.000
CÂNDIDO MOTA,2026-02-09,"1",GDB5855,"1000192266",10,7,3,GDB5855,GDB5855E2,100,MISTO,"307",E2,,PAULO,"2026-02-10 01:18:05","2026-02-10 01:40:50",22.75,CONFERENTE / SUPERVISOR ,"2026-02-10 01:43:41","2026-02-10 01:45:27",GILMAR DE OLIVEIRA,"2026-02-10 01:48:12",2026-02-09 19:14:00.000,2026-02-10 06:00:00.000
CÂNDIDO MOTA,2026-02-09,"1",GDB5855,"1000192266",10,7,3,GDB5855,GDB5855E5,71,MISTO,"306",E5,,PAULO,"2026-02-10 00:54:10","2026-02-10 01:06:54",12.73,CONFERENTE / SUPERVISOR ,"2026-02-10 01:11:33","2026-02-10 01:11:37",GILMAR DE OLIVEIRA,"2026-02-10 01:11:17",2026-02-09 19:14:00.000,2026-02-10 06:00:00.000
CÂNDIDO MOTA,2026-02-09,"1",EYU3703,"1000192263",9,8,1,EYU3703,EYU3703D3,150,MISTO,"20",D3,,LUCAS,"2026-02-10 04:02:09","2026-02-10 04:26:42",24.55,CONFERENTE / SUPERVISOR ,"2026-02-10 04:36:36","2026-02-10 04:36:41",GILMAR DE OLIVEIRA,"2026-02-10 04:34:46",2026-02-09 19:14:00.000,2026-02-10 06:00:00.000
CÂNDIDO MOTA,2026-02-09,"1",EYU3703,"1000192263",9,8,1,EYU3703,EYU3703E2,33,MISTO,"315",E2,,PAULO,"2026-02-10 03:47:53","2026-02-10 04:00:50",12.95,CONFERENTE / SUPERVISOR ,"2026-02-10 04:36:00","2026-02-10 04:36:05",GILMAR DE OLIVEIRA,"2026-02-10 04:35:10",2026-02-09 19:14:00.000,2026-02-10 06:00:00.000
CÂNDIDO MOTA,2026-02-09,"1",EYU3703,"1000192263",9,8,1,EYU3703,EYU3703D2,240,MISTO,"118",D2,,JOSÉ,"2026-02-10 04:06:41","2026-02-10 04:24:07",17.43,CONFERENTE / SUPERVISOR ,"2026-02-10 04:37:02","2026-02-10 04:37:05",GILMAR DE OLIVEIRA,"2026-02-10 04:34:38",2026-02-09 19:14:00.000,2026-02-10 06:00:00.000
CÂNDIDO MOTA,2026-02-09,"1",EYU3703,"1000192263",9,8,1,EYU3703,EYU3703E1,75,MISTO,"116",E1,,JOSÉ,"2026-02-10 03:48:52","2026-02-10 03:58:03",9.18,CONFERENTE / SUPERVISOR ,"2026-02-10 04:36:12","2026-02-10 04:36:16",GILMAR DE OLIVEIRA,"2026-02-10 04:35:05",2026-02-09 19:14:00.000,2026-02-10 06:00:00.000
CÂNDIDO MOTA,2026-02-09,"1",EYU3703,"1000192263",9,8,1,EYU3703,EYU3703D4,97,MISTO,"316",D4,,PAULO,"2026-02-10 04:01:06","2026-02-10 04:22:01",20.92,CONFERENTE / SUPERVISOR ,"2026-02-10 04:36:28","2026-02-10 04:36:31",GILMAR DE OLIVEIRA,"2026-02-10 04:34:51",2026-02-09 19:14:00.000,2026-02-10 06:00:00.000
CÂNDIDO MOTA,2026-02-09,"1",EYU3703,"1000192263",9,8,1,EYU3703,EYU3703E4,32,MISTO,"19",E4,,LUCAS,"2026-02-10 03:44:41","2026-02-10 04:01:39",16.97,CONFERENTE / SUPERVISOR ,"2026-02-10 04:35:47","2026-02-10 04:35:57",GILMAR DE OLIVEIRA,"2026-02-10 04:35:22",2026-02-09 19:14:00.000,2026-02-10 06:00:00.000
CÂNDIDO MOTA,2026-02-09,"1",EYU3703,"1000192263",9,8,1,EYU3703,EYU3703E3,47,MISTO,"115",E3,,JOSÉ,"2026-02-10 03:42:34","2026-02-10 03:48:26",5.87,CONFERENTE / SUPERVISOR ,"2026-02-10 04:35:33","2026-02-10 04:35:39",GILMAR DE OLIVEIRA,"2026-02-10 04:35:26",2026-02-09 19:14:00.000,2026-02-10 06:00:00.000
CÂNDIDO MOTA,2026-02-09,"1",EYU3703,"1000192263",9,8,1,EYU3703,EYU3703D1,264,COMPLETO,,D1,,,,,,CONFERENTE / SUPERVISOR ,"2026-02-10 04:37:09","2026-02-10 04:37:15",GILMAR DE OLIVEIRA,"2026-02-10 04:34:31",2026-02-09 19:14:00.000,2026-02-10 06:00:00.000
CÂNDIDO MOTA,2026-02-09,"1",EYU3703,"1000192263",9,8,1,EYU3703,EYU3703D5,78,MISTO,"117",D5,,JOSÉ,"2026-02-10 03:58:37","2026-02-10 04:05:58",7.35,CONFERENTE / SUPERVISOR ,"2026-02-10 04:36:20","2026-02-10 04:36:24",GILMAR DE OLIVEIRA,"2026-02-10 04:35:00",2026-02-09 19:14:00.000,2026-02-10 06:00:00.000
CÂNDIDO MOTA,2026-02-09,"1",EYU3371,"1000192260",9,8,1,EYU3371,EYU3371E2,89,MISTO,"22",E2,,LUCAS,"2026-02-10 04:35:23","2026-02-10 04:45:05",9.70,CONFERENTE / SUPERVISOR ,"2026-02-10 04:50:00","2026-02-10 04:50:03",GILMAR DE OLIVEIRA,"2026-02-10 04:48:28",2026-02-09 19:14:00.000,2026-02-10 06:00:00.000
CÂNDIDO MOTA,2026-02-09,"1",EYU3371,"1000192260",9,8,1,EYU3371,EYU3371D2,200,MISTO,"122",D2,,JOSÉ,"2026-02-10 04:36:05","2026-02-10 04:57:02",20.95,CONFERENTE / SUPERVISOR ,"2026-02-10 04:57:45","2026-02-10 04:59:03",GILMAR DE OLIVEIRA,"2026-02-10 04:59:25",2026-02-09 19:14:00.000,2026-02-10 06:00:00.000
CÂNDIDO MOTA,2026-02-09,"1",EYU3371,"1000192260",9,8,1,EYU3371,EYU3371E1,85,MISTO,"121",E1,,JOSÉ,"2026-02-10 04:30:19","2026-02-10 04:35:48",5.48,CONFERENTE / SUPERVISOR ,"2026-02-10 04:50:08","2026-02-10 04:50:11",GILMAR DE OLIVEIRA,"2026-02-10 04:48:41",2026-02-09 19:14:00.000,2026-02-10 06:00:00.000
CÂNDIDO MOTA,2026-02-09,"1",EYU3371,"1000192260",9,8,1,EYU3371,EYU3371D4,53,MISTO,"318",D4,,PAULO,"2026-02-10 04:31:32","2026-02-10 04:47:18",15.77,CONFERENTE / SUPERVISOR ,"2026-02-10 04:49:27","2026-02-10 04:49:31",GILMAR DE OLIVEIRA,"2026-02-10 04:48:53",2026-02-09 19:14:00.000,2026-02-10 06:00:00.000
CÂNDIDO MOTA,2026-02-09,"1",EYU3371,"1000192260",9,8,1,EYU3371,EYU3371D5,57,MISTO,"120",D5,,JOSÉ,"2026-02-10 04:27:58","2026-02-10 04:30:02",2.07,CONFERENTE / SUPERVISOR ,"2026-02-10 04:50:17","2026-02-10 04:50:20",GILMAR DE OLIVEIRA,"2026-02-10 04:48:45",2026-02-09 19:14:00.000,2026-02-10 06:00:00.000
CÂNDIDO MOTA,2026-02-09,"1",EYU3371,"1000192260",9,8,1,EYU3371,EYU3371D1,180,COMPLETO,,D1,,,,,,CONFERENTE / SUPERVISOR ,"2026-02-10 04:49:11","2026-02-10 04:49:16",GILMAR DE OLIVEIRA,"2026-02-10 04:48:33",2026-02-09 19:14:00.000,2026-02-10 06:00:00.000
CÂNDIDO MOTA,2026-02-09,"1",EYU3371,"1000192260",9,8,1,EYU3371,EYU3371D3,28,MISTO,"119",D3,,JOSÉ,"2026-02-10 04:24:44","2026-02-10 04:27:35",2.85,CONFERENTE / SUPERVISOR ,"2026-02-10 04:49:34","2026-02-10 04:49:39",GILMAR DE OLIVEIRA,"2026-02-10 04:48:58",2026-02-09 19:14:00.000,2026-02-10 06:00:00.000
CÂNDIDO MOTA,2026-02-09,"1",EYU3371,"1000192260",9,8,1,EYU3371,EYU3371E4,56,MISTO,"21",E4,,LUCAS,"2026-02-10 04:27:05","2026-02-10 04:34:42",7.62,CONFERENTE / SUPERVISOR ,"2026-02-10 04:49:20","2026-02-10 04:49:24",GILMAR DE OLIVEIRA,"2026-02-10 04:48:49",2026-02-09 19:14:00.000,2026-02-10 06:00:00.000
CÂNDIDO MOTA,2026-02-09,"1",EYU3371,"1000192260",9,8,1,EYU3371,EYU3371E3,2,MISTO,"317",E3,,PAULO,"2026-02-10 04:22:21","2026-02-10 04:24:37",2.27,CONFERENTE / SUPERVISOR ,"2026-02-10 04:49:42","2026-02-10 04:49:45",GILMAR DE OLIVEIRA,"2026-02-10 04:49:02",2026-02-09 19:14:00.000,2026-02-10 06:00:00.000
CÂNDIDO MOTA,2026-02-09,"1",DBC8719,"1000192267",9,9,0,DBC8719,DBC8719E4,7,MISTO,"107",E4,,JOSÉ,"2026-02-10 01:24:44","2026-02-10 01:31:37",6.88,CONFERENTE / SUPERVISOR ,"2026-02-10 01:52:48","2026-02-10 01:52:52",GILMAR DE OLIVEIRA,"2026-02-10 01:48:30",2026-02-09 19:14:00.000,2026-02-10 06:00:00.000
CÂNDIDO MOTA,2026-02-09,"1",DBC8719,"1000192267",9,9,0,DBC8719,DBC8719E1,20,MISTO,"10",E1,,LUCAS,"2026-02-10 01:29:37","2026-02-10 01:34:12",4.58,CONFERENTE / SUPERVISOR ,"2026-02-10 01:55:01","2026-02-10 01:55:05",GILMAR DE OLIVEIRA,"2026-02-10 01:48:26",2026-02-09 19:14:00.000,2026-02-10 06:00:00.000
CÂNDIDO MOTA,2026-02-09,"1",DBC8719,"1000192267",9,9,0,DBC8719,DBC8719D5,176,MISTO,"109",D5,,JOSÉ,"2026-02-10 01:57:24","2026-02-10 01:59:47",2.38,CONFERENTE / SUPERVISOR ,"2026-02-10 02:09:45","2026-02-10 02:09:49",GILMAR DE OLIVEIRA,"2026-02-10 02:01:34",2026-02-09 19:14:00.000,2026-02-10 06:00:00.000
CÂNDIDO MOTA,2026-02-09,"1",DBC8719,"1000192267",9,9,0,DBC8719,DBC8719E2,60,MISTO,"11",E2,,LUCAS,"2026-02-10 01:35:59","2026-02-10 01:46:25",10.43,CONFERENTE / SUPERVISOR ,"2026-02-10 01:55:09","2026-02-10 01:55:12",GILMAR DE OLIVEIRA,"2026-02-10 01:48:23",2026-02-09 19:14:00.000,2026-02-10 06:00:00.000
CÂNDIDO MOTA,2026-02-09,"1",DBC8719,"1000192267",9,9,0,DBC8719,DBC8719D3,62,MISTO,"108",D3,,JOSÉ,"2026-02-10 01:32:19","2026-02-10 01:49:24",17.08,CONFERENTE / SUPERVISOR ,"2026-02-10 02:01:44","2026-02-10 02:01:51",GILMAR DE OLIVEIRA,"2026-02-10 02:00:38",2026-02-09 19:14:00.000,2026-02-10 06:00:00.000
CÂNDIDO MOTA,2026-02-09,"1",DBC8719,"1000192267",9,9,0,DBC8719,DBC8719D1,80,MISTO,"309",D1,,PAULO,"2026-02-10 01:54:02","2026-02-10 01:59:50",5.80,CONFERENTE / SUPERVISOR ,"2026-02-10 02:08:37","2026-02-10 02:08:40",GILMAR DE OLIVEIRA,"2026-02-10 02:01:15",2026-02-09 19:14:00.000,2026-02-10 06:00:00.000
CÂNDIDO MOTA,2026-02-09,"1",DBC8719,"1000192267",9,9,0,DBC8719,DBC8719E3,62,MISTO,"308",E3,,PAULO,"2026-02-10 01:43:57","2026-02-10 01:51:22",7.42,CONFERENTE / SUPERVISOR ,"2026-02-10 02:08:22","2026-02-10 02:08:26",GILMAR DE OLIVEIRA,"2026-02-10 02:00:32",2026-02-09 19:14:00.000,2026-02-10 06:00:00.000
CÂNDIDO MOTA,2026-02-09,"1",DBC8719,"1000192267",9,9,0,DBC8719,DBC8719D2,77,MISTO,"12",D2,,LUCAS,"2026-02-10 01:46:44","2026-02-10 01:56:28",9.73,CONFERENTE / SUPERVISOR ,"2026-02-10 02:08:30","2026-02-10 02:08:33",GILMAR DE OLIVEIRA,"2026-02-10 02:00:35",2026-02-09 19:14:00.000,2026-02-10 06:00:00.000
CÂNDIDO MOTA,2026-02-09,"1",DBC8719,"1000192267",9,9,0,DBC8719,DBC8719D4,94,MISTO,"13",D4,,LUCAS,"2026-02-10 01:57:02","2026-02-10 02:08:41",11.65,CONFERENTE / SUPERVISOR ,"2026-02-10 02:08:43","2026-02-10 02:09:40",GILMAR DE OLIVEIRA,"2026-02-10 02:11:49",2026-02-09 19:14:00.000,2026-02-10 06:00:00.000
CÂNDIDO MOTA,2026-02-09,"1",CPJ1392,"1000192256",8,7,1,CPJ1392,CPJ1392D1,100,COMPLETO,,D1,,,,,,CONFERENTE / SUPERVISOR ,"2026-02-10 03:26:03","2026-02-10 03:26:06",GILMAR DE OLIVEIRA,"2026-02-10 03:24:26",2026-02-09 19:14:00.000,2026-02-10 06:00:00.000
CÂNDIDO MOTA,2026-02-09,"1",CPJ1392,"1000192256",8,7,1,CPJ1392,CPJ1392D4,39,MISTO,"112",D4,,JOSÉ,"2026-02-10 02:39:28","2026-02-10 02:55:56",16.47,CONFERENTE / SUPERVISOR ,"2026-02-10 03:05:54","2026-02-10 03:06:49",GILMAR DE OLIVEIRA,"2026-02-10 04:34:05",2026-02-09 19:14:00.000,2026-02-10 06:00:00.000
CÂNDIDO MOTA,2026-02-09,"1",CPJ1392,"1000192256",8,7,1,CPJ1392,CPJ1392E1,82,MISTO,"17",E1,,LUCAS,"2026-02-10 02:59:48","2026-02-10 03:12:03",12.25,CONFERENTE / SUPERVISOR ,"2026-02-10 03:20:43","2026-02-10 03:21:53",GILMAR DE OLIVEIRA,"2026-02-10 04:33:33",2026-02-09 19:14:00.000,2026-02-10 06:00:00.000
CÂNDIDO MOTA,2026-02-09,"1",CPJ1392,"1000192256",8,7,1,CPJ1392,CPJ1392D3,147,MISTO,"114",D3,,JOSÉ,"2026-02-10 03:24:34","2026-02-10 03:42:03",17.48,,"2026-02-10 03:51:14","2026-02-10 03:53:03",GILMAR DE OLIVEIRA,"2026-02-10 04:33:37",2026-02-09 19:14:00.000,2026-02-10 06:00:00.000
CÂNDIDO MOTA,2026-02-09,"1",CPJ1392,"1000192256",8,7,1,CPJ1392,CPJ1392E4,102,MISTO,"314",E4,,PAULO,"2026-02-10 03:22:50","2026-02-10 03:45:02",22.20,CONFERENTE / SUPERVISOR ,"2026-02-10 03:45:54","2026-02-10 03:47:11",GILMAR DE OLIVEIRA,"2026-02-10 04:33:41",2026-02-09 19:14:00.000,2026-02-10 06:00:00.000
CÂNDIDO MOTA,2026-02-09,"1",CPJ1392,"1000192256",8,7,1,CPJ1392,CPJ1392E3,103,MISTO,"18",E3,,LUCAS,"2026-02-10 03:12:33","2026-02-10 03:44:20",31.78,,"2026-02-10 03:54:26","2026-02-10 03:58:27",GILMAR DE OLIVEIRA,"2026-02-10 04:33:52",2026-02-09 19:14:00.000,2026-02-10 06:00:00.000
CÂNDIDO MOTA,2026-02-09,"1",CPJ1392,"1000192256",8,7,1,CPJ1392,CPJ1392D2,86,MISTO,"113",D2,,JOSÉ,"2026-02-10 03:07:50","2026-02-10 03:24:14",16.40,CONFERENTE / SUPERVISOR ,"2026-02-10 03:24:33","2026-02-10 03:25:57",GILMAR DE OLIVEIRA,"2026-02-10 04:33:56",2026-02-09 19:14:00.000,2026-02-10 06:00:00.000
CÂNDIDO MOTA,2026-02-09,"1",CPJ1392,"1000192256",8,7,1,CPJ1392,CPJ1392E2,40,MISTO,"313",E2,,PAULO,"2026-02-10 02:57:39","2026-02-10 03:21:36",23.95,CONFERENTE / SUPERVISOR ,"2026-02-10 03:22:25","2026-02-10 03:23:19",GILMAR DE OLIVEIRA,"2026-02-10 04:34:01",2026-02-09 19:14:00.000,2026-02-10 06:00:00.000
CÂNDIDO MOTA,2026-02-09,"1",EYU3362,"1000192258",9,8,1,EYU3362,EYU3362E4,82,MISTO,"323",E4,,PAULO,"2026-02-10 05:18:39","2026-02-10 05:37:12",18.55,CONFERENTE / SUPERVISOR ,"2026-02-10 05:59:02","2026-02-10 05:59:05",GILMAR DE OLIVEIRA,"2026-02-10 05:58:36",2026-02-09 19:14:00.000,2026-02-10 06:00:00.000
CÂNDIDO MOTA,2026-02-09,"1",EYU3362,"1000192258",9,8,1,EYU3362,EYU3362E3,143,MISTO,"125",E3,,JOSÉ,"2026-02-10 05:45:00","2026-02-10 06:02:01",17.02,,"2026-02-10 06:10:13","2026-02-10 06:13:59",OP. EMPILHADEIRA 02,"2026-02-10 06:18:14",2026-02-09 19:14:00.000,2026-02-10 06:00:00.000
CÂNDIDO MOTA,2026-02-09,"1",EYU3362,"1000192258",9,8,1,EYU3362,EYU3362D1,180,COMPLETO,,D1,,,,,,CONFERENTE / SUPERVISOR ,"2026-02-10 05:58:18","2026-02-10 05:58:26",GILMAR DE OLIVEIRA,"2026-02-10 01:10:29",2026-02-09 19:14:00.000,2026-02-10 06:00:00.000
CÂNDIDO MOTA,2026-02-09,"1",EYU3362,"1000192258",9,8,1,EYU3362,EYU3362D3,106,MISTO,"27",D3,,LUCAS,"2026-02-10 05:44:15","2026-02-10 05:52:12",7.95,CONFERENTE / SUPERVISOR ,"2026-02-10 05:59:28","2026-02-10 05:59:32",GILMAR DE OLIVEIRA,"2026-02-10 05:58:25",2026-02-09 19:14:00.000,2026-02-10 06:00:00.000
CÂNDIDO MOTA,2026-02-09,"1",EYU3362,"1000192258",9,8,1,EYU3362,EYU3362E2,71,MISTO,"322",E2,,PAULO,"2026-02-10 05:18:16","2026-02-10 05:18:19",0.05,CONFERENTE / SUPERVISOR ,"2026-02-10 05:59:10","2026-02-10 05:59:15",GILMAR DE OLIVEIRA,"2026-02-10 05:58:40",2026-02-09 19:14:00.000,2026-02-10 06:00:00.000
CÂNDIDO MOTA,2026-02-09,"1",EYU3362,"1000192258",9,8,1,EYU3362,EYU3362D4,86,MISTO,"26",D4,,LUCAS,"2026-02-10 05:35:04","2026-02-10 05:43:50",8.77,CONFERENTE / SUPERVISOR ,"2026-02-10 05:58:50","2026-02-10 05:58:54",GILMAR DE OLIVEIRA,"2026-02-10 05:58:33",2026-02-09 19:14:00.000,2026-02-10 06:00:00.000
CÂNDIDO MOTA,2026-02-09,"1",EYU3362,"1000192258",9,8,1,EYU3362,EYU3362E1,100,MISTO,"324",E1,,PAULO,"2026-02-10 05:37:33","2026-02-10 05:52:54",15.35,CONFERENTE / SUPERVISOR ,"2026-02-10 05:59:38","2026-02-10 05:59:41",GILMAR DE OLIVEIRA,"2026-02-10 05:58:29",2026-02-09 19:14:00.000,2026-02-10 06:00:00.000
CÂNDIDO MOTA,2026-02-09,"1",EYU3362,"1000192258",9,8,1,EYU3362,EYU3362D5,16,MISTO,"321",D5,,PAULO,"2026-02-10 05:17:46","2026-02-10 05:17:59",0.22,CONFERENTE / SUPERVISOR ,"2026-02-10 05:59:20","2026-02-10 05:59:23",GILMAR DE OLIVEIRA,"2026-02-10 05:58:44",2026-02-09 19:14:00.000,2026-02-10 06:00:00.000
CÂNDIDO MOTA,2026-02-09,"1",EYU3362,"1000192258",9,8,1,EYU3362,EYU3362D2,184,MISTO,"28",D2,,LUCAS,"2026-02-10 05:52:40","2026-02-10 06:08:29",15.82,CONFERENTE / SUPERVISOR ,"2026-02-10 06:08:35","2026-02-10 06:09:07",OP. EMPILHADEIRA 02,"2026-02-10 06:18:11",2026-02-09 19:14:00.000,2026-02-10 06:00:00.000
CÂNDIDO MOTA,2026-02-09,"1",FCX9994,"1000192269",10,7,3,FCX9994,FCX9994E5,56,MISTO,"320",E5,,PAULO,"2026-02-10 04:52:19","2026-02-10 05:15:50",23.52,CONFERENTE / SUPERVISOR ,"2026-02-10 05:21:50","2026-02-10 05:21:54",GILMAR DE OLIVEIRA,"2026-02-10 05:21:28",2026-02-09 19:14:00.000,2026-02-10 06:00:00.000
CÂNDIDO MOTA,2026-02-09,"1",FCX9994,"1000192269",10,7,3,FCX9994,FCX9994D5,71,MISTO,"24",D5,,LUCAS,"2026-02-10 04:53:55","2026-02-10 05:09:03",15.13,CONFERENTE / SUPERVISOR ,"2026-02-10 05:21:57","2026-02-10 05:22:00",GILMAR DE OLIVEIRA,"2026-02-10 05:21:25",2026-02-09 19:14:00.000,2026-02-10 06:00:00.000
CÂNDIDO MOTA,2026-02-09,"1",FCX9994,"1000192269",10,7,3,FCX9994,FCX9994D1,252,COMPLETO,,D1,,,,,,CONFERENTE / SUPERVISOR ,"2026-02-10 05:22:05","2026-02-10 05:22:08",GILMAR DE OLIVEIRA,"2026-02-10 01:11:40",2026-02-09 19:14:00.000,2026-02-10 06:00:00.000
CÂNDIDO MOTA,2026-02-09,"1",FCX9994,"1000192269",10,7,3,FCX9994,FCX9994E2,102,MISTO,"123",E2,,JOSÉ,"2026-02-10 04:58:22","2026-02-10 05:04:54",6.53,CONFERENTE / SUPERVISOR ,"2026-02-10 05:22:13","2026-02-10 05:22:17",GILMAR DE OLIVEIRA,"2026-02-10 05:21:21",2026-02-09 19:14:00.000,2026-02-10 06:00:00.000
CÂNDIDO MOTA,2026-02-09,"1",FCX9994,"1000192269",10,7,3,FCX9994,FCX9994E3,149,MISTO,"124",E3,,JOSÉ,"2026-02-10 05:05:53","2026-02-10 05:44:14",38.35,,"2026-02-10 05:46:03","2026-02-10 05:48:36",GILMAR DE OLIVEIRA,"2026-02-10 05:49:28",2026-02-09 19:14:00.000,2026-02-10 06:00:00.000
CÂNDIDO MOTA,2026-02-09,"1",FCX9994,"1000192269",10,7,3,FCX9994,FCX9994D3,231,MISTO,"25",D3,,LUCAS,"2026-02-10 05:09:59","2026-02-10 05:34:44",24.75,CONFERENTE / SUPERVISOR ,"2026-02-10 05:39:59","2026-02-10 05:40:03",GILMAR DE OLIVEIRA,"2026-02-10 05:39:25",2026-02-09 19:14:00.000,2026-02-10 06:00:00.000
CÂNDIDO MOTA,2026-02-09,"1",FCX9994,"1000192269",10,7,3,FCX9994,FCX9994E1,180,COMPLETO,,E1,,,,,,CONFERENTE / SUPERVISOR ,"2026-02-10 05:21:37","2026-02-10 05:21:41",GILMAR DE OLIVEIRA,"2026-02-10 01:11:37",2026-02-09 19:14:00.000,2026-02-10 06:00:00.000
CÂNDIDO MOTA,2026-02-09,"1",FCX9994,"1000192269",10,7,3,FCX9994,FCX9994D2,100,COMPLETO,,D2,,,,,,CONFERENTE / SUPERVISOR ,"2026-02-10 05:21:07","2026-02-10 05:21:11",GILMAR DE OLIVEIRA,"2026-02-10 01:11:34",2026-02-09 19:14:00.000,2026-02-10 06:00:00.000
CÂNDIDO MOTA,2026-02-09,"1",FCX9994,"1000192269",10,7,3,FCX9994,FCX9994E4,14,MISTO,"23",E4,,LUCAS,"2026-02-10 04:48:58","2026-02-10 04:53:32",4.57,CONFERENTE / SUPERVISOR ,"2026-02-10 05:01:39","2026-02-10 05:01:43",GILMAR DE OLIVEIRA,"2026-02-10 05:00:28",2026-02-09 19:14:00.000,2026-02-10 06:00:00.000
CÂNDIDO MOTA,2026-02-09,"1",FCX9994,"1000192269",10,7,3,FCX9994,FCX9994D4,6,MISTO,"319",D4,,PAULO,"2026-02-10 04:51:47","2026-02-10 04:51:53",0.10,CONFERENTE / SUPERVISOR ,"2026-02-10 05:21:44","2026-02-10 05:21:47",GILMAR DE OLIVEIRA,"2026-02-10 05:21:32",2026-02-09 19:14:00.000,2026-02-10 06:00:00.000
CÂNDIDO MOTA,2026-02-12,"1",EYU3372,"1000192938",9,8,1,EYU3372,EYU3372D1,180,COMPLETO,,D1,,,,,,CONFERENTE / SUPERVISOR ,"2026-02-13 00:39:22","2026-02-13 00:39:26",OP. EMPILHADEIRA 02,"2026-02-13 00:36:31",2026-02-12 19:34:00.000,2026-02-12 23:00:00.000
CÂNDIDO MOTA,2026-02-12,"1",EYU3372,"1000192938",9,8,1,EYU3372,EYU3372E3,101,MISTO,"301",E3,,PAULO,"2026-02-12 19:58:00","2026-02-12 20:16:57",18.95,CONFERENTE / SUPERVISOR ,"2026-02-12 22:43:57","2026-02-12 22:45:23",OP. EMPILHADEIRA 02,"2026-02-13 00:36:57",2026-02-12 19:34:00.000,2026-02-12 23:00:00.000
CÂNDIDO MOTA,2026-02-12,"1",EYU3372,"1000192938",9,8,1,EYU3372,EYU3372E1,198,MISTO,"3",E1,,LUCAS,"2026-02-12 20:19:21","2026-02-12 20:32:53",13.53,CONFERENTE / SUPERVISOR ,"2026-02-12 22:32:26","2026-02-12 22:33:27",OP. EMPILHADEIRA 02,"2026-02-13 00:36:34",2026-02-12 19:34:00.000,2026-02-12 23:00:00.000
CÂNDIDO MOTA,2026-02-12,"1",EYU3372,"1000192938",9,8,1,EYU3372,EYU3372E2,75,MISTO,"104",E2,,JOSÉ,"2026-02-12 20:16:26","2026-02-12 20:25:07",8.68,CONFERENTE / SUPERVISOR ,"2026-02-12 22:35:37","2026-02-12 22:36:26",OP. EMPILHADEIRA 02,"2026-02-13 00:36:41",2026-02-12 19:34:00.000,2026-02-12 23:00:00.000
CÂNDIDO MOTA,2026-02-12,"1",EYU3372,"1000192938",9,8,1,EYU3372,EYU3372D2,70,MISTO,"103",D2,,JOSÉ,"2026-02-12 20:10:07","2026-02-12 20:16:11",6.07,CONFERENTE / SUPERVISOR ,"2026-02-12 22:34:20","2026-02-12 22:34:52",OP. EMPILHADEIRA 02,"2026-02-13 00:36:44",2026-02-12 19:34:00.000,2026-02-12 23:00:00.000
CÂNDIDO MOTA,2026-02-12,"1",EYU3372,"1000192938",9,8,1,EYU3372,EYU3372D3,48,MISTO,"2",D3,,LUCAS,"2026-02-12 20:09:50","2026-02-12 20:19:00",9.17,CONFERENTE / SUPERVISOR ,"2026-02-12 22:31:31","2026-02-12 22:32:20",OP. EMPILHADEIRA 02,"2026-02-13 00:36:47",2026-02-12 19:34:00.000,2026-02-12 23:00:00.000
CÂNDIDO MOTA,2026-02-12,"1",EYU3372,"1000192938",9,8,1,EYU3372,EYU3372E4,17,MISTO,"102",E4,,JOSÉ,"2026-02-12 19:56:48","2026-02-12 20:05:24",8.60,CONFERENTE / SUPERVISOR ,"2026-02-12 22:33:47","2026-02-12 22:34:13",OP. EMPILHADEIRA 02,"2026-02-13 00:36:53",2026-02-12 19:34:00.000,2026-02-12 23:00:00.000
CÂNDIDO MOTA,2026-02-12,"1",EYU3372,"1000192938",9,8,1,EYU3372,EYU3372D5,31,MISTO,"1",D5,,LUCAS,"2026-02-12 19:57:33","2026-02-12 20:09:18",11.75,CONFERENTE / SUPERVISOR ,"2026-02-12 22:36:29","2026-02-12 22:37:15",OP. EMPILHADEIRA 02,"2026-02-13 00:36:50",2026-02-12 19:34:00.000,2026-02-12 23:00:00.000
CÂNDIDO MOTA,2026-02-12,"1",EYU3372,"1000192938",9,8,1,EYU3372,EYU3372D4,122,MISTO,"302",D4,,PAULO,"2026-02-12 20:17:11","2026-02-12 20:36:30",19.32,CONFERENTE / SUPERVISOR ,"2026-02-12 22:29:40","2026-02-12 22:31:21",OP. EMPILHADEIRA 02,"2026-02-13 00:36:37",2026-02-12 19:34:00.000,2026-02-12 23:00:00.000
CÂNDIDO MOTA,2026-02-12,"1",DBC8719,"1000192942",8,8,0,DBC8719,DBC8719E2,40,MISTO,"106",E2,,JOSÉ,"2026-02-12 22:07:49","2026-02-12 22:23:44",15.92,CONFERENTE / SUPERVISOR ,"2026-02-12 22:37:30","2026-02-12 22:39:19",OP. EMPILHADEIRA 02,"2026-02-13 00:37:19",2026-02-12 19:34:00.000,2026-02-12 23:00:00.000
CÂNDIDO MOTA,2026-02-12,"1",DBC8719,"1000192942",8,8,0,DBC8719,DBC8719E4,82,MISTO,"107",E4,,JOSÉ,"2026-02-12 22:23:59","2026-02-12 22:48:32",24.55,,"2026-02-13 00:12:04","2026-02-13 00:13:09",OP. EMPILHADEIRA 02,"2026-02-13 00:37:10",2026-02-12 19:34:00.000,2026-02-12 23:00:00.000
CÂNDIDO MOTA,2026-02-12,"1",DBC8719,"1000192942",8,8,0,DBC8719,DBC8719D4,36,MISTO,"4",D4,,LUCAS,"2026-02-12 20:33:14","2026-02-12 20:43:22",10.13,CONFERENTE / SUPERVISOR ,"2026-02-12 22:39:24","2026-02-12 22:41:06",OP. EMPILHADEIRA 02,"2026-02-13 00:37:22",2026-02-12 19:34:00.000,2026-02-12 23:00:00.000
CÂNDIDO MOTA,2026-02-12,"1",DBC8719,"1000192942",8,8,0,DBC8719,DBC8719D3,37,MISTO,"105",D3,,JOSÉ,"2026-02-12 20:25:23","2026-02-12 20:41:31",16.13,CONFERENTE / SUPERVISOR ,"2026-02-12 22:41:20","2026-02-12 22:43:38",OP. EMPILHADEIRA 02,"2026-02-13 00:37:25",2026-02-12 19:34:00.000,2026-02-12 23:00:00.000
CÂNDIDO MOTA,2026-02-12,"1",DBC8719,"1000192942",8,8,0,DBC8719,DBC8719E3,73,MISTO,"303",E3,,PAULO,"2026-02-12 22:13:22","2026-02-12 22:44:04",30.70,CONFERENTE / SUPERVISOR ,"2026-02-13 00:10:13","2026-02-13 00:11:27",OP. EMPILHADEIRA 02,"2026-02-13 00:37:13",2026-02-12 19:34:00.000,2026-02-12 23:00:00.000
CÂNDIDO MOTA,2026-02-12,"1",DBC8719,"1000192942",8,8,0,DBC8719,DBC8719D1,100,MISTO,"6",D1,,LUCAS,"2026-02-12 22:36:56","2026-02-12 22:47:15",10.32,CONFERENTE / SUPERVISOR ,"2026-02-13 00:11:36","2026-02-13 00:11:57",OP. EMPILHADEIRA 02,"2026-02-13 00:37:07",2026-02-12 19:34:00.000,2026-02-12 23:00:00.000
CÂNDIDO MOTA,2026-02-12,"1",DBC8719,"1000192942",8,8,0,DBC8719,DBC8719E1,183,MISTO,"304",E1,,PAULO,"2026-02-12 22:47:23","2026-02-12 23:06:03",18.67,,"2026-02-13 00:41:21","2026-02-13 00:42:01",OP. EMPILHADEIRA 02,"2026-02-13 00:42:30",2026-02-12 19:34:00.000,2026-02-12 23:00:00.000
CÂNDIDO MOTA,2026-02-12,"1",DBC8719,"1000192942",8,8,0,DBC8719,DBC8719D2,54,MISTO,"5",D2,,LUCAS,"2026-02-12 22:13:26","2026-02-12 22:36:31",23.08,CONFERENTE / SUPERVISOR ,"2026-02-13 00:13:15","2026-02-13 00:14:33",OP. EMPILHADEIRA 02,"2026-02-13 00:37:16",2026-02-12 19:34:00.000,2026-02-12 23:00:00.000
CÂNDIDO MOTA,2026-02-12,"1",EYU3371,"1000192937",9,8,1,EYU3371,EYU3371D5,39,MISTO,"109",D5,,JOSÉ,"2026-02-12 23:01:02","2026-02-12 23:32:33",31.52,CONFERENTE / SUPERVISOR ,"2026-02-13 00:28:52","2026-02-13 00:30:13",OP. EMPILHADEIRA 02,"2026-02-13 00:39:48",2026-02-12 19:34:00.000,2026-02-12 23:00:00.000
CÂNDIDO MOTA,2026-02-12,"1",EYU3371,"1000192937",9,8,1,EYU3371,EYU3371E2,137,MISTO,"10",E2,,LUCAS,"2026-02-12 23:34:41","2026-02-13 00:01:08",26.45,CONFERENTE / SUPERVISOR ,"2026-02-13 00:15:07","2026-02-13 00:16:08",OP. EMPILHADEIRA 02,"2026-02-13 00:39:27",2026-02-12 19:34:00.000,2026-02-12 23:00:00.000
CÂNDIDO MOTA,2026-02-12,"1",EYU3371,"1000192937",9,8,1,EYU3371,EYU3371D1,180,COMPLETO,,D1,,,,,,CONFERENTE / SUPERVISOR ,"2026-02-13 00:39:41","2026-02-13 00:39:45",OP. EMPILHADEIRA 02,"2026-02-13 00:39:19",2026-02-12 19:34:00.000,2026-02-12 23:00:00.000
CÂNDIDO MOTA,2026-02-12,"1",EYU3371,"1000192937",9,8,1,EYU3371,EYU3371D4,64,MISTO,"9",D4,,LUCAS,"2026-02-12 23:14:45","2026-02-12 23:34:16",19.52,,"2026-02-13 00:20:29","2026-02-13 00:24:08",OP. EMPILHADEIRA 02,"2026-02-13 00:39:34",2026-02-12 19:34:00.000,2026-02-12 23:00:00.000
CÂNDIDO MOTA,2026-02-12,"1",EYU3371,"1000192937",9,8,1,EYU3371,EYU3371D2,100,MISTO,"110",D2,,JOSÉ,"2026-02-12 23:32:56","2026-02-12 23:36:37",3.68,CONFERENTE / SUPERVISOR ,"2026-02-13 00:35:22","2026-02-13 00:35:29",OP. EMPILHADEIRA 02,"2026-02-13 00:39:31",2026-02-12 19:34:00.000,2026-02-12 23:00:00.000
CÂNDIDO MOTA,2026-02-12,"1",EYU3371,"1000192937",9,8,1,EYU3371,EYU3371E3,78,MISTO,"108",E3,,JOSÉ,"2026-02-12 22:49:08","2026-02-12 23:00:42",11.57,,"2026-02-13 00:16:15","2026-02-13 00:18:02",OP. EMPILHADEIRA 02,"2026-02-13 00:39:55",2026-02-12 19:34:00.000,2026-02-12 23:00:00.000
CÂNDIDO MOTA,2026-02-12,"1",EYU3371,"1000192937",9,8,1,EYU3371,EYU3371D3,46,MISTO,"305",D3,,PAULO,"2026-02-12 23:08:03","2026-02-12 23:34:11",26.13,,"2026-02-13 00:30:17","2026-02-13 00:31:17",OP. EMPILHADEIRA 02,"2026-02-13 00:39:44",2026-02-12 19:34:00.000,2026-02-12 23:00:00.000
CÂNDIDO MOTA,2026-02-12,"1",EYU3371,"1000192937",9,8,1,EYU3371,EYU3371E1,59,MISTO,"8",E1,,LUCAS,"2026-02-12 23:09:05","2026-02-12 23:14:15",5.17,CONFERENTE / SUPERVISOR ,"2026-02-13 00:34:29","2026-02-13 00:34:43",OP. EMPILHADEIRA 02,"2026-02-13 00:39:38",2026-02-12 19:34:00.000,2026-02-12 23:00:00.000
CÂNDIDO MOTA,2026-02-12,"1",EYU3371,"1000192937",9,8,1,EYU3371,EYU3371E4,21,MISTO,"7",E4,,LUCAS,"2026-02-12 22:47:57","2026-02-12 23:08:34",20.62,CONFERENTE / SUPERVISOR ,"2026-02-13 00:34:47","2026-02-13 00:35:19",OP. EMPILHADEIRA 02,"2026-02-13 00:39:58",2026-02-12 19:34:00.000,2026-02-12 23:00:00.000
CÂNDIDO MOTA,2026-02-23,"1",FQU8482,"1000194185",7,7,0,FQU8482,FQU8482D4,45,MISTO,"106",D4,,PEDRO,"2026-02-24 00:14:13","2026-02-24 00:22:56",8.72,CONFERENTE / SUPERVISOR ,"2026-02-24 00:31:34","2026-02-24 00:31:44",GILMAR DE OLIVEIRA,"2026-02-24 00:57:01",2026-02-23 19:15:00.000,2026-02-24 04:00:00.000
CÂNDIDO MOTA,2026-02-23,"1",FQU8482,"1000194185",7,7,0,FQU8482,FQU8482D1,43,MISTO,"15",D1,,LUCAS,"2026-02-24 00:05:13","2026-02-24 00:20:52",15.65,CONFERENTE / SUPERVISOR ,"2026-02-24 00:29:31","2026-02-24 00:31:31",GILMAR DE OLIVEIRA,"2026-02-24 00:57:04",2026-02-23 19:15:00.000,2026-02-24 04:00:00.000
CÂNDIDO MOTA,2026-02-23,"1",FQU8482,"1000194185",7,7,0,FQU8482,FQU8482D3,22,MISTO,"14",D3,,LUCAS,"2026-02-23 23:52:39","2026-02-24 00:04:19",11.67,CONFERENTE / SUPERVISOR ,"2026-02-24 00:14:37","2026-02-24 00:16:01",GILMAR DE OLIVEIRA,"2026-02-24 00:57:07",2026-02-23 19:15:00.000,2026-02-24 04:00:00.000
CÂNDIDO MOTA,2026-02-23,"1",FQU8482,"1000194185",7,7,0,FQU8482,FQU8482E3,76,MISTO,"108",E3,,PEDRO,"2026-02-24 00:42:44","2026-02-24 00:54:16",11.53,CONFERENTE / SUPERVISOR ,"2026-02-24 00:54:30","2026-02-24 00:55:51",GILMAR DE OLIVEIRA,"2026-02-24 00:56:46",2026-02-23 19:15:00.000,2026-02-24 04:00:00.000
CÂNDIDO MOTA,2026-02-23,"1",FQU8482,"1000194185",7,7,0,FQU8482,FQU8482E1,68,MISTO,"17",E1,,LUCAS,"2026-02-24 00:36:43","2026-02-24 00:49:06",12.38,CONFERENTE / SUPERVISOR ,"2026-02-24 00:52:23","2026-02-24 00:54:08",GILMAR DE OLIVEIRA,"2026-02-24 00:56:50",2026-02-23 19:15:00.000,2026-02-24 04:00:00.000
CÂNDIDO MOTA,2026-02-23,"1",FQU8482,"1000194185",7,7,0,FQU8482,FQU8482D2,50,MISTO,"107",D2,,PEDRO,"2026-02-24 00:23:27","2026-02-24 00:41:08",17.68,CONFERENTE / SUPERVISOR ,"2026-02-24 00:48:39","2026-02-24 00:52:11",GILMAR DE OLIVEIRA,"2026-02-24 00:56:54",2026-02-23 19:15:00.000,2026-02-24 04:00:00.000
CÂNDIDO MOTA,2026-02-23,"1",FQU8482,"1000194185",7,7,0,FQU8482,FQU8482E2,46,MISTO,"16",E2,,LUCAS,"2026-02-24 00:21:14","2026-02-24 00:36:12",14.97,CONFERENTE / SUPERVISOR ,"2026-02-24 00:36:34","2026-02-24 00:38:36",GILMAR DE OLIVEIRA,"2026-02-24 00:56:57",2026-02-23 19:15:00.000,2026-02-24 04:00:00.000
CÂNDIDO MOTA,2026-02-23,"1",CPJ1392,"1000194178",9,9,0,CPJ1392,CPJ1392D5,35,MISTO,"18",D5,,LUCAS,"2026-02-24 00:49:37","2026-02-24 01:00:00",10.38,CONFERENTE / SUPERVISOR ,"2026-02-24 01:11:02","2026-02-24 01:14:21",GILMAR DE OLIVEIRA,"2026-02-24 03:10:42",2026-02-23 19:15:00.000,2026-02-24 04:00:00.000
CÂNDIDO MOTA,2026-02-23,"1",CPJ1392,"1000194178",9,9,0,CPJ1392,CPJ1392D2,188,MISTO,"23",D2,,LUCAS,"2026-02-24 02:09:54","2026-02-24 02:55:16",45.37,,"2026-02-24 02:59:13","2026-02-24 03:05:48",GILMAR DE OLIVEIRA,"2026-02-24 03:10:06",2026-02-23 19:15:00.000,2026-02-24 04:00:00.000
CÂNDIDO MOTA,2026-02-23,"1",CPJ1392,"1000194178",9,9,0,CPJ1392,CPJ1392E1,167,MISTO,"110",E1,,PEDRO,"2026-02-24 01:53:49","2026-02-24 02:35:35",41.77,CONFERENTE / SUPERVISOR ,"2026-02-24 02:38:35","2026-02-24 02:39:24",GILMAR DE OLIVEIRA,"2026-02-24 03:10:09",2026-02-23 19:15:00.000,2026-02-24 04:00:00.000
CÂNDIDO MOTA,2026-02-23,"1",CPJ1392,"1000194178",9,9,0,CPJ1392,CPJ1392D4,84,MISTO,"22",D4,,LUCAS,"2026-02-24 01:48:35","2026-02-24 02:09:09",20.57,CONFERENTE / SUPERVISOR ,"2026-02-24 02:12:42","2026-02-24 02:14:58",GILMAR DE OLIVEIRA,"2026-02-24 03:10:13",2026-02-23 19:15:00.000,2026-02-24 04:00:00.000
CÂNDIDO MOTA,2026-02-23,"1",CPJ1392,"1000194178",9,9,0,CPJ1392,CPJ1392E3,77,MISTO,"21",E3,,LUCAS,"2026-02-24 01:35:09","2026-02-24 01:48:09",13.00,CONFERENTE / SUPERVISOR ,"2026-02-24 01:53:44","2026-02-24 01:55:50",GILMAR DE OLIVEIRA,"2026-02-24 03:10:16",2026-02-23 19:15:00.000,2026-02-24 04:00:00.000
CÂNDIDO MOTA,2026-02-23,"1",CPJ1392,"1000194178",9,9,0,CPJ1392,CPJ1392D1,76,MISTO,"109",D1,,PEDRO,"2026-02-24 01:29:51","2026-02-24 01:52:09",22.30,CONFERENTE / SUPERVISOR ,"2026-02-24 01:53:20","2026-02-24 01:53:39",GILMAR DE OLIVEIRA,"2026-02-24 03:10:19",2026-02-23 19:15:00.000,2026-02-24 04:00:00.000
CÂNDIDO MOTA,2026-02-23,"1",CPJ1392,"1000194178",9,9,0,CPJ1392,CPJ1392E4,41,MISTO,"20",E4,,LUCAS,"2026-02-24 01:23:34","2026-02-24 01:34:32",10.97,CONFERENTE / SUPERVISOR ,"2026-02-24 01:41:46","2026-02-24 01:42:56",GILMAR DE OLIVEIRA,"2026-02-24 03:10:25",2026-02-23 19:15:00.000,2026-02-24 04:00:00.000
CÂNDIDO MOTA,2026-02-23,"1",CPJ1392,"1000194178",9,9,0,CPJ1392,CPJ1392D3,70,MISTO,"108",D3,,PEDRO,"2026-02-24 01:05:14","2026-02-24 01:28:17",23.05,CONFERENTE / SUPERVISOR ,"2026-02-24 01:37:42","2026-02-24 01:41:40",GILMAR DE OLIVEIRA,"2026-02-24 03:10:33",2026-02-23 19:15:00.000,2026-02-24 04:00:00.000
CÂNDIDO MOTA,2026-02-23,"1",CPJ1392,"1000194178",9,9,0,CPJ1392,CPJ1392E2,40,MISTO,"19",E2,,LUCAS,"2026-02-24 01:00:34","2026-02-24 01:23:04",22.50,CONFERENTE / SUPERVISOR ,"2026-02-24 01:31:16","2026-02-24 01:37:37",GILMAR DE OLIVEIRA,"2026-02-24 03:10:38",2026-02-23 19:15:00.000,2026-02-24 04:00:00.000
CÂNDIDO MOTA,2026-02-23,"1",EYU3361,"1000194179",9,9,0,EYU3361,EYU3361D2,273,MISTO,"9",D2,,LUCAS,"2026-02-23 22:05:36","2026-02-23 23:01:34",55.97,,"2026-02-23 23:05:41","2026-02-23 23:22:28",GILMAR DE OLIVEIRA,"2026-02-24 00:09:09",2026-02-23 19:15:00.000,2026-02-24 04:00:00.000
CÂNDIDO MOTA,2026-02-23,"1",EYU3361,"1000194179",9,9,0,EYU3361,EYU3361E1,100,MISTO,"8",E1,,LUCAS,"2026-02-23 20:50:31","2026-02-23 20:58:50",8.32,CONFERENTE / SUPERVISOR ,"2026-02-23 21:01:49","2026-02-23 21:02:21",GILMAR DE OLIVEIRA,"2026-02-24 00:09:13",2026-02-23 19:15:00.000,2026-02-24 04:00:00.000
CÂNDIDO MOTA,2026-02-23,"1",EYU3361,"1000194179",9,9,0,EYU3361,EYU3361E4,79,MISTO,"7",E4,,LUCAS,"2026-02-23 20:37:48","2026-02-23 20:50:06",12.30,CONFERENTE / SUPERVISOR ,"2026-02-23 20:59:19","2026-02-23 21:01:43",GILMAR DE OLIVEIRA,"2026-02-24 00:09:17",2026-02-23 19:15:00.000,2026-02-24 04:00:00.000
CÂNDIDO MOTA,2026-02-23,"1",EYU3361,"1000194179",9,9,0,EYU3361,EYU3361E3,59,MISTO,"4",E3,,LUCAS,"2026-02-23 19:58:20","2026-02-23 20:09:37",11.28,CONFERENTE / SUPERVISOR ,"2026-02-23 20:09:49","2026-02-23 20:11:37",GILMAR DE OLIVEIRA,"2026-02-24 00:09:23",2026-02-23 19:15:00.000,2026-02-24 04:00:00.000
CÂNDIDO MOTA,2026-02-23,"1",EYU3361,"1000194179",9,9,0,EYU3361,EYU3361D3,87,MISTO,"5",D3,,LUCAS,"2026-02-23 20:10:23","2026-02-23 20:29:31",19.13,CONFERENTE / SUPERVISOR ,"2026-02-23 20:35:31","2026-02-23 20:39:45",GILMAR DE OLIVEIRA,"2026-02-24 00:09:27",2026-02-23 19:15:00.000,2026-02-24 04:00:00.000
CÂNDIDO MOTA,2026-02-23,"1",EYU3361,"1000194179",9,9,0,EYU3361,EYU3361D4,20,MISTO,"1",D4,,LUCAS,"2026-02-23 19:19:13","2026-02-23 19:37:08",17.92,CONFERENTE / SUPERVISOR ,"2026-02-23 19:50:15","2026-02-23 19:52:10",GILMAR DE OLIVEIRA,"2026-02-24 00:09:37",2026-02-23 19:15:00.000,2026-02-24 04:00:00.000
CÂNDIDO MOTA,2026-02-23,"1",EYU3361,"1000194179",9,9,0,EYU3361,EYU3361E2,76,MISTO,"6",E2,,LUCAS,"2026-02-23 20:30:08","2026-02-23 20:36:57",6.82,CONFERENTE / SUPERVISOR ,"2026-02-23 20:40:26","2026-02-23 20:42:59",GILMAR DE OLIVEIRA,"2026-02-24 00:09:20",2026-02-23 19:15:00.000,2026-02-24 04:00:00.000
CÂNDIDO MOTA,2026-02-23,"1",EYU3361,"1000194179",9,9,0,EYU3361,EYU3361D5,41,MISTO,"2",D5,,LUCAS,"2026-02-23 19:37:38","2026-02-23 19:45:01",7.38,CONFERENTE / SUPERVISOR ,"2026-02-23 19:52:36","2026-02-23 19:53:41",GILMAR DE OLIVEIRA,"2026-02-24 00:09:34",2026-02-23 19:15:00.000,2026-02-24 04:00:00.000
CÂNDIDO MOTA,2026-02-23,"1",EYU3361,"1000194179",9,9,0,EYU3361,EYU3361D1,58,MISTO,"3",D1,,LUCAS,"2026-02-23 19:46:57","2026-02-23 19:57:33",10.60,CONFERENTE / SUPERVISOR ,"2026-02-23 19:57:35","2026-02-23 19:58:07",GILMAR DE OLIVEIRA,"2026-02-24 00:09:30",2026-02-23 19:15:00.000,2026-02-24 04:00:00.000
CÂNDIDO MOTA,2026-02-23,"1",EYU3703,"1000194184",10,9,1,EYU3703,EYU3703D5,131,MISTO,"114",D5,,PEDRO,"2026-02-24 03:34:55","2026-02-24 03:54:48",19.88,CONFERENTE / SUPERVISOR ,"2026-02-24 03:55:16","2026-02-24 03:56:25",OP. EMPILHADEIRA 01,"2026-02-24 03:59:37",2026-02-23 19:15:00.000,2026-02-24 04:00:00.000
CÂNDIDO MOTA,2026-02-23,"1",EYU3703,"1000194184",10,9,1,EYU3703,EYU3703D4,79,MISTO,"113",D4,,PEDRO,"2026-02-24 03:18:59","2026-02-24 03:33:55",14.93,CONFERENTE / SUPERVISOR ,"2026-02-24 03:45:10","2026-02-24 03:46:13",OP. EMPILHADEIRA 01,"2026-02-24 03:59:43",2026-02-23 19:15:00.000,2026-02-24 04:00:00.000
CÂNDIDO MOTA,2026-02-23,"1",EYU3703,"1000194184",10,9,1,EYU3703,EYU3703E4,85,MISTO,"27",E4,,LUCAS,"2026-02-24 03:29:29","2026-02-24 03:44:00",14.52,CONFERENTE / SUPERVISOR ,"2026-02-24 03:46:52","2026-02-24 03:48:38",OP. EMPILHADEIRA 01,"2026-02-24 03:59:40",2026-02-23 19:15:00.000,2026-02-24 04:00:00.000
CÂNDIDO MOTA,2026-02-23,"1",EYU3703,"1000194184",10,9,1,EYU3703,EYU3703E3,55,MISTO,"112",E3,,PEDRO,"2026-02-24 03:04:52","2026-02-24 03:15:29",10.62,CONFERENTE / SUPERVISOR ,"2026-02-24 03:16:22","2026-02-24 03:18:59",OP. EMPILHADEIRA 01,"2026-02-24 03:59:53",2026-02-23 19:15:00.000,2026-02-24 04:00:00.000
CÂNDIDO MOTA,2026-02-23,"1",EYU3703,"1000194184",10,9,1,EYU3703,EYU3703D2,57,MISTO,"25",D2,,LUCAS,"2026-02-24 03:07:38","2026-02-24 03:08:55",1.28,,"2026-02-24 03:14:16","2026-02-24 03:15:08",OP. EMPILHADEIRA 01,"2026-02-24 03:59:50",2026-02-23 19:15:00.000,2026-02-24 04:00:00.000
CÂNDIDO MOTA,2026-02-23,"1",EYU3703,"1000194184",10,9,1,EYU3703,EYU3703D3,52,MISTO,"111",D3,,PEDRO,"2026-02-24 02:38:17","2026-02-24 03:02:29",24.20,CONFERENTE / SUPERVISOR ,"2026-02-24 03:11:22","2026-02-24 03:13:52",OP. EMPILHADEIRA 01,"2026-02-24 03:59:59",2026-02-23 19:15:00.000,2026-02-24 04:00:00.000
CÂNDIDO MOTA,2026-02-23,"1",EYU3703,"1000194184",10,9,1,EYU3703,EYU3703D1,180,COMPLETO,,D1,,,,,,CONFERENTE / SUPERVISOR ,"2026-02-24 04:00:30","2026-02-24 04:00:35",OP. EMPILHADEIRA 01,"2026-02-24 03:59:30",2026-02-23 19:15:00.000,2026-02-24 04:00:00.000
CÂNDIDO MOTA,2026-02-23,"1",EYU3703,"1000194184",10,9,1,EYU3703,EYU3703E5,40,MISTO,"24",E5,,LUCAS,"2026-02-24 02:55:57","2026-02-24 03:06:41",10.73,CONFERENTE / SUPERVISOR ,"2026-02-24 03:13:56","2026-02-24 03:14:12",OP. EMPILHADEIRA 01,"2026-02-24 03:59:56",2026-02-23 19:15:00.000,2026-02-24 04:00:00.000
CÂNDIDO MOTA,2026-02-23,"1",EYU3703,"1000194184",10,9,1,EYU3703,EYU3703E1,181,MISTO,"28",E1,,LUCAS,"2026-02-24 03:44:28","2026-02-24 03:52:06",7.63,CONFERENTE / SUPERVISOR ,"2026-02-24 03:56:29","2026-02-24 03:56:46",OP. EMPILHADEIRA 01,"2026-02-24 03:59:34",2026-02-23 19:15:00.000,2026-02-24 04:00:00.000
CÂNDIDO MOTA,2026-02-23,"1",EYU3703,"1000194184",10,9,1,EYU3703,EYU3703E2,72,MISTO,"26",E2,,LUCAS,"2026-02-24 03:09:18","2026-02-24 03:29:08",19.83,CONFERENTE / SUPERVISOR ,"2026-02-24 03:39:22","2026-02-24 03:45:04",OP. EMPILHADEIRA 01,"2026-02-24 03:59:47",2026-02-23 19:15:00.000,2026-02-24 04:00:00.000
CÂNDIDO MOTA,2026-02-23,"1",DBC8719,"1000194187",10,10,0,DBC8719,DBC8719E3,44,MISTO,"10",E3,,LUCAS,"2026-02-23 23:01:59","2026-02-23 23:17:53",15.90,CONFERENTE / SUPERVISOR ,"2026-02-23 23:43:57","2026-02-23 23:46:00",GILMAR DE OLIVEIRA,"2026-02-24 00:12:21",2026-02-23 19:15:00.000,2026-02-24 04:00:00.000
CÂNDIDO MOTA,2026-02-23,"1",DBC8719,"1000194187",10,10,0,DBC8719,DBC8719E2,69,MISTO,"12",E2,,LUCAS,"2026-02-23 23:28:37","2026-02-23 23:42:28",13.85,CONFERENTE / SUPERVISOR ,"2026-02-23 23:46:46","2026-02-23 23:47:55",GILMAR DE OLIVEIRA,"2026-02-24 00:12:11",2026-02-23 19:15:00.000,2026-02-24 04:00:00.000
CÂNDIDO MOTA,2026-02-23,"1",DBC8719,"1000194187",10,10,0,DBC8719,DBC8719D5,49,MISTO,"104",D5,,PEDRO,"2026-02-23 23:19:32","2026-02-23 23:41:48",22.27,CONFERENTE / SUPERVISOR ,"2026-02-23 23:46:05","2026-02-23 23:46:27",GILMAR DE OLIVEIRA,"2026-02-24 00:12:17",2026-02-23 19:15:00.000,2026-02-24 04:00:00.000
CÂNDIDO MOTA,2026-02-23,"1",DBC8719,"1000194187",10,10,0,DBC8719,DBC8719D3,21,MISTO,"101",D3,,PEDRO,"2026-02-23 22:40:40","2026-02-23 22:49:33",8.88,CONFERENTE / SUPERVISOR ,"2026-02-23 22:53:01","2026-02-23 22:54:35",GILMAR DE OLIVEIRA,"2026-02-24 00:12:31",2026-02-23 19:15:00.000,2026-02-24 04:00:00.000
CÂNDIDO MOTA,2026-02-23,"1",DBC8719,"1000194187",10,10,0,DBC8719,DBC8719E4,8,MISTO,"100",E4,,PEDRO,"2026-02-23 22:27:11","2026-02-23 22:37:12",10.02,CONFERENTE / SUPERVISOR ,"2026-02-23 22:52:06","2026-02-23 22:52:57",GILMAR DE OLIVEIRA,"2026-02-24 00:12:34",2026-02-23 19:15:00.000,2026-02-24 04:00:00.000
CÂNDIDO MOTA,2026-02-23,"1",DBC8719,"1000194187",10,10,0,DBC8719,DBC8719D1,21,MISTO,"102",D1,,PEDRO,"2026-02-23 22:50:03","2026-02-23 22:57:22",7.32,CONFERENTE / SUPERVISOR ,"2026-02-23 22:57:28","2026-02-23 22:57:36",GILMAR DE OLIVEIRA,"2026-02-24 00:12:28",2026-02-23 19:15:00.000,2026-02-24 04:00:00.000
CÂNDIDO MOTA,2026-02-23,"1",DBC8719,"1000194187",10,10,0,DBC8719,DBC8719E1,40,MISTO,"103",E1,,PEDRO,"2026-02-23 22:59:00","2026-02-23 23:16:36",17.60,CONFERENTE / SUPERVISOR ,"2026-02-23 23:29:38","2026-02-23 23:43:46",GILMAR DE OLIVEIRA,"2026-02-24 00:12:24",2026-02-23 19:15:00.000,2026-02-24 04:00:00.000
CÂNDIDO MOTA,2026-02-23,"1",DBC8719,"1000194187",10,10,0,DBC8719,DBC8719E5,53,MISTO,"11",E5,,LUCAS,"2026-02-23 23:18:20","2026-02-23 23:28:02",9.70,CONFERENTE / SUPERVISOR ,"2026-02-23 23:46:31","2026-02-23 23:46:42",GILMAR DE OLIVEIRA,"2026-02-24 00:12:14",2026-02-23 19:15:00.000,2026-02-24 04:00:00.000
CÂNDIDO MOTA,2026-02-23,"1",DBC8719,"1000194187",10,10,0,DBC8719,DBC8719D4,78,MISTO,"13",D4,,LUCAS,"2026-02-23 23:42:57","2026-02-23 23:51:41",8.73,CONFERENTE / SUPERVISOR ,"2026-02-23 23:58:52","2026-02-23 23:59:10",GILMAR DE OLIVEIRA,"2026-02-24 00:12:07",2026-02-23 19:15:00.000,2026-02-24 04:00:00.000
CÂNDIDO MOTA,2026-02-23,"1",DBC8719,"1000194187",10,10,0,DBC8719,DBC8719D2,81,MISTO,"105",D2,,PEDRO,"2026-02-23 23:46:18","2026-02-24 00:13:19",27.02,,"2026-02-24 00:21:45","2026-02-24 00:26:28",GILMAR DE OLIVEIRA,"2026-02-24 00:28:38",2026-02-23 19:15:00.000,2026-02-24 04:00:00.000
CÂNDIDO MOTA,2026-02-24,"1",EYU3371,"1000194381",10,9,1,EYU3371,EYU3371E2,191,MISTO,"103",E2,,JOSÉ,"2026-02-24 20:48:26","2026-02-24 22:39:01",110.58,CONFERENTE / SUPERVISOR ,"2026-02-24 22:40:37","2026-02-24 22:42:14",GILMAR DE OLIVEIRA,"2026-02-24 22:43:04",2026-02-24 19:38:00.000,2026-02-25 02:17:00.000
CÂNDIDO MOTA,2026-02-24,"1",EYU3371,"1000194381",10,9,1,EYU3371,EYU3371D4,72,MISTO,"102",D4,,JOSÉ,"2026-02-24 20:28:23","2026-02-24 20:47:59",19.60,CONFERENTE / SUPERVISOR ,"2026-02-24 22:35:28","2026-02-24 22:37:07",GILMAR DE OLIVEIRA,"2026-02-24 22:43:14",2026-02-24 19:38:00.000,2026-02-25 02:17:00.000
CÂNDIDO MOTA,2026-02-24,"1",EYU3371,"1000194381",10,9,1,EYU3371,EYU3371E5,40,MISTO,"201",E5,,PEDRO,"2026-02-24 20:07:12","2026-02-24 20:15:17",8.08,CONFERENTE / SUPERVISOR ,"2026-02-24 22:29:52","2026-02-24 22:32:46",GILMAR DE OLIVEIRA,"2026-02-24 22:43:24",2026-02-24 19:38:00.000,2026-02-25 02:17:00.000
CÂNDIDO MOTA,2026-02-24,"1",EYU3371,"1000194381",10,9,1,EYU3371,EYU3371E3,61,MISTO,"1",E3,,LUCAS,"2026-02-24 20:05:18","2026-02-24 20:20:17",14.98,CONFERENTE / SUPERVISOR ,"2026-02-24 22:24:35","2026-02-24 22:26:44",GILMAR DE OLIVEIRA,"2026-02-24 22:43:31",2026-02-24 19:38:00.000,2026-02-25 02:17:00.000
CÂNDIDO MOTA,2026-02-24,"1",EYU3371,"1000194381",10,9,1,EYU3371,EYU3371D1,100,COMPLETO,,D1,,,,,,CONFERENTE / SUPERVISOR ,"2026-02-24 22:44:20","2026-02-24 22:44:25",GILMAR DE OLIVEIRA,"2026-02-24 22:43:00",2026-02-24 19:38:00.000,2026-02-25 02:17:00.000
CÂNDIDO MOTA,2026-02-24,"1",EYU3371,"1000194381",10,9,1,EYU3371,EYU3371D2,69,MISTO,"2",D2,,LUCAS,"2026-02-24 20:20:41","2026-02-24 20:47:13",26.53,,"2026-02-24 22:33:58","2026-02-24 22:34:32",GILMAR DE OLIVEIRA,"2026-02-24 22:43:17",2026-02-24 19:38:00.000,2026-02-25 02:17:00.000
CÂNDIDO MOTA,2026-02-24,"1",EYU3371,"1000194381",10,9,1,EYU3371,EYU3371D3,80,MISTO,"3",D3,,LUCAS,"2026-02-24 20:47:42","2026-02-24 22:18:05",90.38,CONFERENTE / SUPERVISOR ,"2026-02-24 22:38:46","2026-02-24 22:40:32",GILMAR DE OLIVEIRA,"2026-02-24 22:43:07",2026-02-24 19:38:00.000,2026-02-25 02:17:00.000
CÂNDIDO MOTA,2026-02-24,"1",EYU3371,"1000194381",10,9,1,EYU3371,EYU3371E4,38,MISTO,"101",E4,,JOSÉ,"2026-02-24 20:05:17","2026-02-24 20:27:41",22.40,CONFERENTE / SUPERVISOR ,"2026-02-24 22:26:49","2026-02-24 22:29:47",GILMAR DE OLIVEIRA,"2026-02-24 22:43:27",2026-02-24 19:38:00.000,2026-02-25 02:17:00.000
CÂNDIDO MOTA,2026-02-24,"1",EYU3371,"1000194381",10,9,1,EYU3371,EYU3371D5,75,MISTO,"203",D5,,PEDRO,"2026-02-24 20:34:27","2026-02-24 20:57:45",23.30,CONFERENTE / SUPERVISOR ,"2026-02-24 22:37:11","2026-02-24 22:38:42",GILMAR DE OLIVEIRA,"2026-02-24 22:43:10",2026-02-24 19:38:00.000,2026-02-25 02:17:00.000
CÂNDIDO MOTA,2026-02-24,"1",EYU3371,"1000194381",10,9,1,EYU3371,EYU3371E1,67,MISTO,"202",E1,,PEDRO,"2026-02-24 20:16:42","2026-02-24 20:33:02",16.33,CONFERENTE / SUPERVISOR ,"2026-02-24 22:32:50","2026-02-24 22:33:54",GILMAR DE OLIVEIRA,"2026-02-24 22:43:20",2026-02-24 19:38:00.000,2026-02-25 02:17:00.000
CÂNDIDO MOTA,2026-02-24,"1",EYU3361,"1000194379",10,9,1,EYU3361,EYU3361E2,60,MISTO,"5",E2,,LUCAS,"2026-02-24 22:31:58","2026-02-24 22:55:31",23.55,,"2026-02-24 22:57:57","2026-02-24 22:58:21",GILMAR DE OLIVEIRA,"2026-02-24 23:37:18",2026-02-24 19:38:00.000,2026-02-25 02:17:00.000
CÂNDIDO MOTA,2026-02-24,"1",EYU3361,"1000194379",10,9,1,EYU3361,EYU3361D3,49,MISTO,"4",D3,,LUCAS,"2026-02-24 22:18:30","2026-02-24 22:31:36",13.10,CONFERENTE / SUPERVISOR ,"2026-02-24 22:48:51","2026-02-24 22:50:22",GILMAR DE OLIVEIRA,"2026-02-24 23:37:22",2026-02-24 19:38:00.000,2026-02-25 02:17:00.000
CÂNDIDO MOTA,2026-02-24,"1",EYU3361,"1000194379",10,9,1,EYU3361,EYU3361D2,181,MISTO,"207",D2,,PEDRO,"2026-02-24 23:12:18","2026-02-24 23:33:19",21.02,CONFERENTE / SUPERVISOR ,"2026-02-24 23:35:29","2026-02-24 23:36:30",GILMAR DE OLIVEIRA,"2026-02-24 23:37:02",2026-02-24 19:38:00.000,2026-02-25 02:17:00.000
CÂNDIDO MOTA,2026-02-24,"1",EYU3361,"1000194379",10,9,1,EYU3361,EYU3361E3,68,MISTO,"205",E3,,PEDRO,"2026-02-24 22:22:01","2026-02-24 22:45:16",23.25,,"2026-02-24 22:45:33","2026-02-24 22:48:20",GILMAR DE OLIVEIRA,"2026-02-24 23:37:25",2026-02-24 19:38:00.000,2026-02-25 02:17:00.000
CÂNDIDO MOTA,2026-02-24,"1",EYU3361,"1000194379",10,9,1,EYU3361,EYU3361E5,178,MISTO,"105",E5,,JOSÉ,"2026-02-24 22:58:01","2026-02-24 23:31:09",33.13,CONFERENTE / SUPERVISOR ,"2026-02-24 23:34:12","2026-02-24 23:35:25",GILMAR DE OLIVEIRA,"2026-02-24 23:37:06",2026-02-24 19:38:00.000,2026-02-25 02:17:00.000
CÂNDIDO MOTA,2026-02-24,"1",EYU3361,"1000194379",10,9,1,EYU3361,EYU3361D1,81,COMPLETO,,D1,,,,,,CONFERENTE / SUPERVISOR ,"2026-02-24 23:37:56","2026-02-24 23:37:59",GILMAR DE OLIVEIRA,"2026-02-24 23:36:59",2026-02-24 19:38:00.000,2026-02-25 02:17:00.000
CÂNDIDO MOTA,2026-02-24,"1",EYU3361,"1000194379",10,9,1,EYU3361,EYU3361E1,99,MISTO,"206",E1,,PEDRO,"2026-02-24 22:49:16","2026-02-24 23:03:04",13.80,,"2026-02-24 23:05:22","2026-02-24 23:06:57",GILMAR DE OLIVEIRA,"2026-02-24 23:37:12",2026-02-24 19:38:00.000,2026-02-25 02:17:00.000
CÂNDIDO MOTA,2026-02-24,"1",EYU3361,"1000194379",10,9,1,EYU3361,EYU3361E4,86,MISTO,"104",E4,,JOSÉ,"2026-02-24 22:39:16","2026-02-24 22:57:41",18.42,CONFERENTE / SUPERVISOR ,"2026-02-24 22:58:48","2026-02-24 23:05:18",GILMAR DE OLIVEIRA,"2026-02-24 23:37:15",2026-02-24 19:38:00.000,2026-02-25 02:17:00.000
CÂNDIDO MOTA,2026-02-24,"1",EYU3361,"1000194379",10,9,1,EYU3361,EYU3361D5,21,MISTO,"204",D5,,PEDRO,"2026-02-24 22:09:01","2026-02-24 22:17:17",8.27,CONFERENTE / SUPERVISOR ,"2026-02-24 22:44:36","2026-02-24 22:45:29",GILMAR DE OLIVEIRA,"2026-02-24 23:37:28",2026-02-24 19:38:00.000,2026-02-25 02:17:00.000
CÂNDIDO MOTA,2026-02-24,"1",EYU3361,"1000194379",10,9,1,EYU3361,EYU3361D4,137,MISTO,"6",D4,,LUCAS,"2026-02-24 22:55:54","2026-02-24 23:08:29",12.58,CONFERENTE / SUPERVISOR ,"2026-02-24 23:13:20","2026-02-24 23:16:23",GILMAR DE OLIVEIRA,"2026-02-24 23:37:09",2026-02-24 19:38:00.000,2026-02-25 02:17:00.000
CÂNDIDO MOTA,2026-02-24,"1",DBC8719,"1000194386",8,7,1,DBC8719,DBC8719E4,71,MISTO,"9",E4,,LUCAS,"2026-02-24 23:42:34","2026-02-24 23:54:14",11.67,CONFERENTE / SUPERVISOR ,"2026-02-24 23:56:40","2026-02-24 23:57:52",GILMAR DE OLIVEIRA,"2026-02-25 00:26:05",2026-02-24 19:38:00.000,2026-02-25 02:17:00.000
CÂNDIDO MOTA,2026-02-24,"1",DBC8719,"1000194386",8,7,1,DBC8719,DBC8719D4,46,MISTO,"8",D4,,LUCAS,"2026-02-24 23:26:11","2026-02-24 23:42:07",15.93,CONFERENTE / SUPERVISOR ,"2026-02-24 23:52:43","2026-02-24 23:53:39",GILMAR DE OLIVEIRA,"2026-02-25 00:26:15",2026-02-24 19:38:00.000,2026-02-25 02:17:00.000
CÂNDIDO MOTA,2026-02-24,"1",DBC8719,"1000194386",8,7,1,DBC8719,DBC8719D1,81,COMPLETO,,D1,,,,,,CONFERENTE / SUPERVISOR ,"2026-02-25 00:27:03","2026-02-25 00:27:07",GILMAR DE OLIVEIRA,"2026-02-25 00:25:54",2026-02-24 19:38:00.000,2026-02-25 02:17:00.000
CÂNDIDO MOTA,2026-02-24,"1",DBC8719,"1000194386",8,7,1,DBC8719,DBC8719E3,47,MISTO,"7",E3,,LUCAS,"2026-02-24 23:09:03","2026-02-24 23:25:51",16.80,CONFERENTE / SUPERVISOR ,"2026-02-24 23:31:04","2026-02-24 23:33:46",GILMAR DE OLIVEIRA,"2026-02-25 00:26:18",2026-02-24 19:38:00.000,2026-02-25 02:17:00.000
CÂNDIDO MOTA,2026-02-24,"1",DBC8719,"1000194386",8,7,1,DBC8719,DBC8719D2,169,MISTO,"107",D2,,JOSÉ,"2026-02-24 23:51:57","2026-02-24 23:58:23",6.43,,"2026-02-25 00:16:09","2026-02-25 00:17:20",GILMAR DE OLIVEIRA,"2026-02-25 00:25:58",2026-02-24 19:38:00.000,2026-02-25 02:17:00.000
CÂNDIDO MOTA,2026-02-24,"1",DBC8719,"1000194386",8,7,1,DBC8719,DBC8719E1,100,MISTO,"209",E1,,PEDRO,"2026-02-24 23:46:34","2026-02-25 00:18:36",32.03,CONFERENTE / SUPERVISOR ,"2026-02-25 00:18:39","2026-02-25 00:19:29",GILMAR DE OLIVEIRA,"2026-02-25 00:26:02",2026-02-24 19:38:00.000,2026-02-25 02:17:00.000
CÂNDIDO MOTA,2026-02-24,"1",DBC8719,"1000194386",8,7,1,DBC8719,DBC8719E2,63,MISTO,"208",E2,,PEDRO,"2026-02-24 23:35:19","2026-02-24 23:46:04",10.75,CONFERENTE / SUPERVISOR ,"2026-02-25 00:14:53","2026-02-25 00:15:41",GILMAR DE OLIVEIRA,"2026-02-25 00:26:08",2026-02-24 19:38:00.000,2026-02-25 02:17:00.000
CÂNDIDO MOTA,2026-02-24,"1",DBC8719,"1000194386",8,7,1,DBC8719,DBC8719D3,58,MISTO,"106",D3,,JOSÉ,"2026-02-24 23:32:55","2026-02-24 23:47:39",14.73,CONFERENTE / SUPERVISOR ,"2026-02-24 23:54:08","2026-02-24 23:56:23",GILMAR DE OLIVEIRA,"2026-02-25 00:26:12",2026-02-24 19:38:00.000,2026-02-25 02:17:00.000
CÂNDIDO MOTA,2026-02-24,"1",GDB5855,"1000194384",10,9,1,GDB5855,GDB5855D1,100,COMPLETO,,D1,,,,,,CONFERENTE / SUPERVISOR ,"2026-02-25 01:22:29","2026-02-25 01:22:31",GILMAR DE OLIVEIRA,"2026-02-25 01:21:33",2026-02-24 19:38:00.000,2026-02-25 02:17:00.000
CÂNDIDO MOTA,2026-02-24,"1",GDB5855,"1000194384",10,9,1,GDB5855,GDB5855D4,25,MISTO,"108",D4,,JOSÉ,"2026-02-24 23:58:38","2026-02-25 00:09:53",11.25,CONFERENTE / SUPERVISOR ,"2026-02-25 00:19:59","2026-02-25 00:20:43",GILMAR DE OLIVEIRA,"2026-02-25 01:21:59",2026-02-24 19:38:00.000,2026-02-25 02:17:00.000
CÂNDIDO MOTA,2026-02-24,"1",GDB5855,"1000194384",10,9,1,GDB5855,GDB5855D2,82,MISTO,"109",D2,,JOSÉ,"2026-02-25 00:25:29","2026-02-25 00:46:04",20.58,CONFERENTE / SUPERVISOR ,"2026-02-25 00:51:26","2026-02-25 00:53:33",GILMAR DE OLIVEIRA,"2026-02-25 01:21:49",2026-02-24 19:38:00.000,2026-02-25 02:17:00.000
CÂNDIDO MOTA,2026-02-24,"1",GDB5855,"1000194384",10,9,1,GDB5855,GDB5855E5,44,MISTO,"210",E5,,PEDRO,"2026-02-25 00:21:03","2026-02-25 00:39:05",18.03,CONFERENTE / SUPERVISOR ,"2026-02-25 00:45:11","2026-02-25 00:46:37",GILMAR DE OLIVEIRA,"2026-02-25 01:21:52",2026-02-24 19:38:00.000,2026-02-25 02:17:00.000
CÂNDIDO MOTA,2026-02-24,"1",GDB5855,"1000194384",10,9,1,GDB5855,GDB5855D3,36,MISTO,"11",D3,,LUCAS,"2026-02-25 00:16:51","2026-02-25 00:27:50",10.98,CONFERENTE / SUPERVISOR ,"2026-02-25 00:30:34","2026-02-25 00:31:31",GILMAR DE OLIVEIRA,"2026-02-25 01:21:56",2026-02-24 19:38:00.000,2026-02-25 02:17:00.000
CÂNDIDO MOTA,2026-02-24,"1",GDB5855,"1000194384",10,9,1,GDB5855,GDB5855E3,62,MISTO,"10",E3,,LUCAS,"2026-02-24 23:54:41","2026-02-25 00:16:31",21.83,CONFERENTE / SUPERVISOR ,"2026-02-25 00:27:15","2026-02-25 00:27:25",GILMAR DE OLIVEIRA,"2026-02-25 01:22:02",2026-02-24 19:38:00.000,2026-02-25 02:17:00.000
CÂNDIDO MOTA,2026-02-24,"1",GDB5855,"1000194384",10,9,1,GDB5855,GDB5855E2,182,MISTO,"110",E2,,JOSÉ,"2026-02-25 00:46:41","2026-02-25 00:55:55",9.23,CONFERENTE / SUPERVISOR ,"2026-02-25 00:56:11","2026-02-25 01:08:40",GILMAR DE OLIVEIRA,"2026-02-25 01:21:37",2026-02-24 19:38:00.000,2026-02-25 02:17:00.000
CÂNDIDO MOTA,2026-02-24,"1",GDB5855,"1000194384",10,9,1,GDB5855,GDB5855D5,143,MISTO,"211",D5,,PEDRO,"2026-02-25 00:41:18","2026-02-25 01:13:05",31.78,,"2026-02-25 01:13:57","2026-02-25 01:19:45",GILMAR DE OLIVEIRA,"2026-02-25 01:21:40",2026-02-24 19:38:00.000,2026-02-25 02:17:00.000
CÂNDIDO MOTA,2026-02-24,"1",GDB5855,"1000194384",10,9,1,GDB5855,GDB5855E4,100,MISTO,"13",E4,,LUCAS,"2026-02-25 00:35:28","2026-02-25 00:51:08",15.67,CONFERENTE / SUPERVISOR ,"2026-02-25 00:53:39","2026-02-25 00:54:58",GILMAR DE OLIVEIRA,"2026-02-25 01:21:43",2026-02-24 19:38:00.000,2026-02-25 02:17:00.000
CÂNDIDO MOTA,2026-02-24,"1",GDB5855,"1000194384",10,9,1,GDB5855,GDB5855E1,99,MISTO,"12",E1,,LUCAS,"2026-02-25 00:28:12","2026-02-25 00:35:09",6.95,CONFERENTE / SUPERVISOR ,"2026-02-25 00:35:32","2026-02-25 00:35:59",GILMAR DE OLIVEIRA,"2026-02-25 01:21:46",2026-02-24 19:38:00.000,2026-02-25 02:17:00.000
CÂNDIDO MOTA,2026-02-24,"1",EYU3703,"1000194383",10,9,1,EYU3703,EYU3703D1,60,COMPLETO,,D1,,,,,,CONFERENTE / SUPERVISOR ,"2026-02-25 01:45:15","2026-02-25 01:45:18",GILMAR DE OLIVEIRA,"2026-02-25 01:44:17",2026-02-24 19:38:00.000,2026-02-25 02:17:00.000
CÂNDIDO MOTA,2026-02-24,"1",EYU3703,"1000194383",10,9,1,EYU3703,EYU3703E2,78,MISTO,"112",E2,,JOSÉ,"2026-02-25 01:25:15","2026-02-25 01:36:22",11.12,CONFERENTE / SUPERVISOR ,"2026-02-25 01:37:41","2026-02-25 01:40:25",GILMAR DE OLIVEIRA,"2026-02-25 01:44:28",2026-02-24 19:38:00.000,2026-02-25 02:17:00.000
CÂNDIDO MOTA,2026-02-24,"1",EYU3703,"1000194383",10,9,1,EYU3703,EYU3703E4,67,MISTO,"213",E4,,PEDRO,"2026-02-25 01:23:04","2026-02-25 01:32:42",9.63,CONFERENTE / SUPERVISOR ,"2026-02-25 01:36:26","2026-02-25 01:37:37",GILMAR DE OLIVEIRA,"2026-02-25 01:44:31",2026-02-24 19:38:00.000,2026-02-25 02:17:00.000
CÂNDIDO MOTA,2026-02-24,"1",EYU3703,"1000194383",10,9,1,EYU3703,EYU3703E5,57,MISTO,"16",E5,,LUCAS,"2026-02-25 01:20:35","2026-02-25 01:25:37",5.03,CONFERENTE / SUPERVISOR ,"2026-02-25 01:35:49","2026-02-25 01:36:22",GILMAR DE OLIVEIRA,"2026-02-25 01:44:34",2026-02-24 19:38:00.000,2026-02-25 02:17:00.000
CÂNDIDO MOTA,2026-02-24,"1",EYU3703,"1000194383",10,9,1,EYU3703,EYU3703D3,55,MISTO,"212",D3,,PEDRO,"2026-02-25 01:17:19","2026-02-25 01:22:46",5.45,CONFERENTE / SUPERVISOR ,"2026-02-25 01:34:07","2026-02-25 01:35:45",GILMAR DE OLIVEIRA,"2026-02-25 01:44:37",2026-02-24 19:38:00.000,2026-02-25 02:17:00.000
CÂNDIDO MOTA,2026-02-24,"1",EYU3703,"1000194383",10,9,1,EYU3703,EYU3703D4,54,MISTO,"15",D4,,LUCAS,"2026-02-25 01:06:57","2026-02-25 01:20:19",13.37,CONFERENTE / SUPERVISOR ,"2026-02-25 01:33:57","2026-02-25 01:34:04",GILMAR DE OLIVEIRA,"2026-02-25 01:44:40",2026-02-24 19:38:00.000,2026-02-25 02:17:00.000
CÂNDIDO MOTA,2026-02-24,"1",EYU3703,"1000194383",10,9,1,EYU3703,EYU3703D2,178,MISTO,"214",D2,,PEDRO,"2026-02-25 01:32:56","2026-02-25 01:37:29",4.55,CONFERENTE / SUPERVISOR ,"2026-02-25 01:43:03","2026-02-25 01:43:44",GILMAR DE OLIVEIRA,"2026-02-25 01:44:21",2026-02-24 19:38:00.000,2026-02-25 02:17:00.000
CÂNDIDO MOTA,2026-02-24,"1",EYU3703,"1000194383",10,9,1,EYU3703,EYU3703E1,80,MISTO,"17",E1,,LUCAS,"2026-02-25 01:25:55","2026-02-25 01:36:58",11.05,CONFERENTE / SUPERVISOR ,"2026-02-25 01:40:31","2026-02-25 01:42:59",GILMAR DE OLIVEIRA,"2026-02-25 01:44:25",2026-02-24 19:38:00.000,2026-02-25 02:17:00.000
CÂNDIDO MOTA,2026-02-24,"1",EYU3703,"1000194383",10,9,1,EYU3703,EYU3703E3,64,MISTO,"111",E3,,JOSÉ,"2026-02-25 01:06:09","2026-02-25 01:24:35",18.43,CONFERENTE / SUPERVISOR ,"2026-02-25 01:27:32","2026-02-25 01:32:23",GILMAR DE OLIVEIRA,"2026-02-25 01:44:43",2026-02-24 19:38:00.000,2026-02-25 02:17:00.000
CÂNDIDO MOTA,2026-02-24,"1",EYU3703,"1000194383",10,9,1,EYU3703,EYU3703D5,20,MISTO,"14",D5,,LUCAS,"2026-02-25 00:51:34","2026-02-25 01:06:33",14.98,CONFERENTE / SUPERVISOR ,"2026-02-25 01:08:51","2026-02-25 01:09:34",GILMAR DE OLIVEIRA,"2026-02-25 01:44:46",2026-02-24 19:38:00.000,2026-02-25 02:17:00.000
CÂNDIDO MOTA,2026-02-24,"1",EYU3702,"1000194382",10,10,0,EYU3702,EYU3702E3,54,MISTO,"19",E3,,LUCAS,"2026-02-25 01:45:35","2026-02-25 01:56:57",11.37,CONFERENTE / SUPERVISOR ,"2026-02-25 02:01:28","2026-02-25 02:02:56",GILMAR DE OLIVEIRA,"2026-02-25 02:22:41",2026-02-24 19:38:00.000,2026-02-25 02:17:00.000
CÂNDIDO MOTA,2026-02-24,"1",EYU3702,"1000194382",10,10,0,EYU3702,EYU3702E1,94,MISTO,"115",E1,,JOSÉ,"2026-02-25 01:58:11","2026-02-25 02:04:40",6.48,CONFERENTE / SUPERVISOR ,"2026-02-25 02:05:17","2026-02-25 02:06:16",GILMAR DE OLIVEIRA,"2026-02-25 02:22:27",2026-02-24 19:38:00.000,2026-02-25 02:17:00.000
CÂNDIDO MOTA,2026-02-24,"1",EYU3702,"1000194382",10,10,0,EYU3702,EYU3702E5,72,MISTO,"20",E5,,LUCAS,"2026-02-25 01:57:15","2026-02-25 02:07:07",9.87,CONFERENTE / SUPERVISOR ,"2026-02-25 02:08:16","2026-02-25 02:09:36",GILMAR DE OLIVEIRA,"2026-02-25 02:22:35",2026-02-24 19:38:00.000,2026-02-25 02:17:00.000
CÂNDIDO MOTA,2026-02-24,"1",EYU3702,"1000194382",10,10,0,EYU3702,EYU3702D3,74,MISTO,"215",D3,,PEDRO,"2026-02-25 01:37:54","2026-02-25 01:57:08",19.23,CONFERENTE / SUPERVISOR ,"2026-02-25 01:58:33","2026-02-25 02:01:25",GILMAR DE OLIVEIRA,"2026-02-25 02:22:44",2026-02-24 19:38:00.000,2026-02-25 02:17:00.000
CÂNDIDO MOTA,2026-02-24,"1",EYU3702,"1000194382",10,10,0,EYU3702,EYU3702D2,110,MISTO,"116",D2,,JOSÉ,"2026-02-25 02:04:54","2026-02-25 02:12:47",7.88,CONFERENTE / SUPERVISOR ,"2026-02-25 02:13:19","2026-02-25 02:14:11",GILMAR DE OLIVEIRA,"2026-02-25 02:22:24",2026-02-24 19:38:00.000,2026-02-25 02:17:00.000
CÂNDIDO MOTA,2026-02-24,"1",EYU3702,"1000194382",10,10,0,EYU3702,EYU3702E2,117,MISTO,"217",E2,,PEDRO,"2026-02-25 02:06:53","2026-02-25 02:15:08",8.25,,"2026-02-25 02:15:20","2026-02-25 02:19:08",GILMAR DE OLIVEIRA,"2026-02-25 02:22:21",2026-02-24 19:38:00.000,2026-02-25 02:17:00.000
CÂNDIDO MOTA,2026-02-24,"1",EYU3702,"1000194382",10,10,0,EYU3702,EYU3702E4,79,MISTO,"216",E4,,PEDRO,"2026-02-25 01:57:26","2026-02-25 02:06:34",9.13,CONFERENTE / SUPERVISOR ,"2026-02-25 02:06:37","2026-02-25 02:08:10",GILMAR DE OLIVEIRA,"2026-02-25 02:22:31",2026-02-24 19:38:00.000,2026-02-25 02:17:00.000
CÂNDIDO MOTA,2026-02-24,"1",EYU3702,"1000194382",10,10,0,EYU3702,EYU3702D1,55,MISTO,"114",D1,,JOSÉ,"2026-02-25 01:45:49","2026-02-25 01:57:55",12.10,CONFERENTE / SUPERVISOR ,"2026-02-25 02:02:59","2026-02-25 02:03:20",GILMAR DE OLIVEIRA,"2026-02-25 02:22:38",2026-02-24 19:38:00.000,2026-02-25 02:17:00.000
CÂNDIDO MOTA,2026-02-24,"1",EYU3702,"1000194382",10,10,0,EYU3702,EYU3702D5,31,MISTO,"18",D5,,LUCAS,"2026-02-25 01:37:40","2026-02-25 01:45:00",7.33,CONFERENTE / SUPERVISOR ,"2026-02-25 01:45:44","2026-02-25 01:46:53",GILMAR DE OLIVEIRA,"2026-02-25 02:22:46",2026-02-24 19:38:00.000,2026-02-25 02:17:00.000
CÂNDIDO MOTA,2026-02-24,"1",EYU3702,"1000194382",10,10,0,EYU3702,EYU3702D4,30,MISTO,"113",D4,,JOSÉ,"2026-02-25 01:36:50","2026-02-25 01:44:35",7.75,CONFERENTE / SUPERVISOR ,"2026-02-25 01:46:56","2026-02-25 01:48:07",GILMAR DE OLIVEIRA,"2026-02-25 02:22:49",2026-02-24 19:38:00.000,2026-02-25 02:17:00.000
CÂNDIDO MOTA,2026-08-11,"1",EYU3705,"1000219062",8,7,1,EYU3705,EYU3705D1,180,COMPLETO,,D1,,,,,,CONFERENTE / SUPERVISOR ,"2026-08-11 22:19:56","2026-08-11 22:20:00",GILMAR DE OLIVEIRA,"2026-08-11 19:44:02",2026-08-11 18:45:00.000,2026-08-12 03:26:00.000
CÂNDIDO MOTA,2026-08-11,"1",EYU3705,"1000219062",8,7,1,EYU3705,EYU3705E4,19,MISTO,"5",E4,,JOSÉ,"2026-08-11 20:49:13","2026-08-11 21:03:32",14.32,CONFERENTE / SUPERVISOR ,"2026-08-11 22:18:16","2026-08-11 22:19:50",OP. EMPILHADEIRA 02,"2026-08-11 22:28:45",2026-08-11 18:45:00.000,2026-08-12 03:26:00.000
CÂNDIDO MOTA,2026-08-11,"1",EYU3705,"1000219062",8,7,1,EYU3705,EYU3705D2,178,MISTO,"1",D2,,JOSÉ,"2026-08-11 18:52:07","2026-08-11 19:57:55",65.80,,"2026-08-11 22:08:17","2026-08-11 22:13:16",OP. EMPILHADEIRA 02,"2026-08-11 22:29:16",2026-08-11 18:45:00.000,2026-08-12 03:26:00.000
CÂNDIDO MOTA,2026-08-11,"1",EYU3705,"1000219062",8,7,1,EYU3705,EYU3705E3,22,MISTO,"4",E3,,JOSÉ,"2026-08-11 20:44:38","2026-08-11 20:48:42",4.07,CONFERENTE / SUPERVISOR ,"2026-08-11 22:16:13","2026-08-11 22:16:38",OP. EMPILHADEIRA 02,"2026-08-11 22:28:48",2026-08-11 18:45:00.000,2026-08-12 03:26:00.000
CÂNDIDO MOTA,2026-08-11,"1",EYU3705,"1000219062",8,7,1,EYU3705,EYU3705D3,11,MISTO,"7",D3,,JOSÉ,"2026-08-11 22:22:51","2026-08-11 22:27:21",4.50,CONFERENTE / SUPERVISOR ,"2026-08-11 22:27:23","2026-08-11 22:27:45",OP. EMPILHADEIRA 02,"2026-08-11 22:28:36",2026-08-11 18:45:00.000,2026-08-12 03:26:00.000
CÂNDIDO MOTA,2026-08-11,"1",EYU3705,"1000219062",8,7,1,EYU3705,EYU3705D4,31,MISTO,"6",D4,,JOSÉ,"2026-08-11 22:10:37","2026-08-11 22:20:25",9.80,CONFERENTE / SUPERVISOR ,"2026-08-11 22:20:31","2026-08-11 22:22:11",OP. EMPILHADEIRA 02,"2026-08-11 22:28:40",2026-08-11 18:45:00.000,2026-08-12 03:26:00.000
CÂNDIDO MOTA,2026-08-11,"1",EYU3705,"1000219062",8,7,1,EYU3705,EYU3705E2,32,MISTO,"3",E2,,JOSÉ,"2026-08-11 20:29:41","2026-08-11 20:44:07",14.43,CONFERENTE / SUPERVISOR ,"2026-08-11 22:14:44","2026-08-11 22:16:05",OP. EMPILHADEIRA 02,"2026-08-11 22:28:53",2026-08-11 18:45:00.000,2026-08-12 03:26:00.000
CÂNDIDO MOTA,2026-08-11,"1",EYU3705,"1000219062",8,7,1,EYU3705,EYU3705E1,67,MISTO,"2",E1,,JOSÉ,"2026-08-11 20:04:34","2026-08-11 20:27:36",23.03,CONFERENTE / SUPERVISOR ,"2026-08-11 22:17:30","2026-08-11 22:18:12",OP. EMPILHADEIRA 02,"2026-08-11 22:29:02",2026-08-11 18:45:00.000,2026-08-12 03:26:00.000
CÂNDIDO MOTA,2026-08-11,"1",EYU3376,"1000219063",9,8,1,EYU3376,EYU3376E1,100,MISTO,"9",E1,,JOSÉ,"2026-08-11 23:03:05","2026-08-11 23:08:38",5.55,CONFERENTE / SUPERVISOR ,"2026-08-11 23:08:51","2026-08-11 23:09:18",OP. EMPILHADEIRA 02,"2026-08-12 00:57:16",2026-08-11 18:45:00.000,2026-08-12 03:26:00.000
CÂNDIDO MOTA,2026-08-11,"1",EYU3376,"1000219063",9,8,1,EYU3376,EYU3376D1,100,COMPLETO,,D1,,,,,,CONFERENTE / SUPERVISOR ,"2026-08-11 23:09:25","2026-08-11 23:09:30",GILMAR DE OLIVEIRA,"2026-08-11 19:49:43",2026-08-11 18:45:00.000,2026-08-12 03:26:00.000
CÂNDIDO MOTA,2026-08-11,"1",EYU3376,"1000219063",9,8,1,EYU3376,EYU3376E2,196,MISTO,"8",E2,,JOSÉ,"2026-08-11 22:33:08","2026-08-11 23:00:22",27.23,,"2026-08-11 23:01:42","2026-08-11 23:04:17",OP. EMPILHADEIRA 02,"2026-08-12 00:57:20",2026-08-11 18:45:00.000,2026-08-12 03:26:00.000
CÂNDIDO MOTA,2026-08-11,"1",EYU3376,"1000219063",9,8,1,EYU3376,EYU3376D3,83,MISTO,"10",D3,,JOSÉ,"2026-08-11 23:09:54","2026-08-11 23:33:24",23.50,CONFERENTE / SUPERVISOR ,"2026-08-11 23:33:49","2026-08-11 23:35:19",OP. EMPILHADEIRA 02,"2026-08-12 00:57:11",2026-08-11 18:45:00.000,2026-08-12 03:26:00.000
CÂNDIDO MOTA,2026-08-11,"1",EYU3376,"1000219063",9,8,1,EYU3376,EYU3376E4,37,MISTO,"12",E4,,JOSÉ,"2026-08-11 23:53:11","2026-08-12 00:04:26",11.25,CONFERENTE / SUPERVISOR ,"2026-08-12 00:04:33","2026-08-12 00:05:25",OP. EMPILHADEIRA 02,"2026-08-12 00:57:04",2026-08-11 18:45:00.000,2026-08-12 03:26:00.000
CÂNDIDO MOTA,2026-08-11,"1",EYU3376,"1000219063",9,8,1,EYU3376,EYU3376D2,78,MISTO,"11",D2,,JOSÉ,"2026-08-11 23:38:24","2026-08-11 23:49:38",11.23,CONFERENTE / SUPERVISOR ,"2026-08-11 23:49:49","2026-08-11 23:50:19",OP. EMPILHADEIRA 02,"2026-08-12 00:57:08",2026-08-11 18:45:00.000,2026-08-12 03:26:00.000
CÂNDIDO MOTA,2026-08-11,"1",EYU3376,"1000219063",9,8,1,EYU3376,EYU3376E3,72,MISTO,"15",E3,,JOSÉ,"2026-08-12 00:24:45","2026-08-12 00:40:27",15.70,CONFERENTE / SUPERVISOR ,"2026-08-12 00:52:26","2026-08-12 00:56:01",OP. EMPILHADEIRA 02,"2026-08-12 00:56:53",2026-08-11 18:45:00.000,2026-08-12 03:26:00.000
CÂNDIDO MOTA,2026-08-11,"1",EYU3376,"1000219063",9,8,1,EYU3376,EYU3376D4,31,MISTO,"14",D4,,JOSÉ,"2026-08-12 00:19:39","2026-08-12 00:23:20",3.68,CONFERENTE / SUPERVISOR ,"2026-08-12 00:23:38","2026-08-12 00:24:11",OP. EMPILHADEIRA 02,"2026-08-12 00:56:57",2026-08-11 18:45:00.000,2026-08-12 03:26:00.000
CÂNDIDO MOTA,2026-08-11,"1",EYU3376,"1000219063",9,8,1,EYU3376,EYU3376D5,31,MISTO,"13",D5,,JOSÉ,"2026-08-12 00:05:58","2026-08-12 00:18:30",12.53,CONFERENTE / SUPERVISOR ,"2026-08-12 00:18:36","2026-08-12 00:19:06",OP. EMPILHADEIRA 02,"2026-08-12 00:57:00",2026-08-11 18:45:00.000,2026-08-12 03:26:00.000
CÂNDIDO MOTA,2026-08-11,"1",EYU3702,"1000219060",11,10,1,EYU3702,EYU3702E1,206,MISTO,"16",E1,,JOSÉ,"2026-08-12 00:54:39","2026-08-12 01:53:26",58.78,CONFERENTE / SUPERVISOR ,"2026-08-12 03:36:18","2026-08-12 03:36:22",OP. EMPILHADEIRA 02,"2026-08-12 03:35:28",2026-08-11 18:45:00.000,2026-08-12 03:26:00.000
CÂNDIDO MOTA,2026-08-11,"1",EYU3702,"1000219060",11,10,1,EYU3702,EYU3702E4,162,MISTO,"17",E4,,JOSÉ,"2026-08-12 01:54:45","2026-08-12 02:03:36",8.85,CONFERENTE / SUPERVISOR ,"2026-08-12 03:36:25","2026-08-12 03:36:28",OP. EMPILHADEIRA 02,"2026-08-12 03:35:24",2026-08-11 18:45:00.000,2026-08-12 03:26:00.000
CÂNDIDO MOTA,2026-08-11,"1",EYU3702,"1000219060",11,10,1,EYU3702,EYU3702D1,100,COMPLETO,,D1,,,,,,CONFERENTE / SUPERVISOR ,"2026-08-12 03:38:07","2026-08-12 03:38:12",OP. EMPILHADEIRA 02,"2026-08-12 03:34:25",2026-08-11 18:45:00.000,2026-08-12 03:26:00.000
CÂNDIDO MOTA,2026-08-11,"1",EYU3702,"1000219060",11,10,1,EYU3702,EYU3702D2,99,MISTO,"19",D2,,JOSÉ,"2026-08-12 02:24:25","2026-08-12 02:36:42",12.28,CONFERENTE / SUPERVISOR ,"2026-08-12 03:36:44","2026-08-12 03:36:51",OP. EMPILHADEIRA 02,"2026-08-12 03:35:09",2026-08-11 18:45:00.000,2026-08-12 03:26:00.000
CÂNDIDO MOTA,2026-08-11,"1",EYU3702,"1000219060",11,10,1,EYU3702,EYU3702E5,78,MISTO,"20",E5,,JOSÉ,"2026-08-12 02:39:27","2026-08-12 02:54:38",15.18,CONFERENTE / SUPERVISOR ,"2026-08-12 03:36:56","2026-08-12 03:36:59",OP. EMPILHADEIRA 02,"2026-08-12 03:34:57",2026-08-11 18:45:00.000,2026-08-12 03:26:00.000
CÂNDIDO MOTA,2026-08-11,"1",EYU3702,"1000219060",11,10,1,EYU3702,EYU3702E3,99,MISTO,"21",E3,,PEDRO,"2026-08-12 02:45:35","2026-08-12 03:16:40",31.08,CONFERENTE / SUPERVISOR ,"2026-08-12 03:37:05","2026-08-12 03:37:10",OP. EMPILHADEIRA 02,"2026-08-12 03:34:53",2026-08-11 18:45:00.000,2026-08-12 03:26:00.000
CÂNDIDO MOTA,2026-08-11,"1",EYU3702,"1000219060",11,10,1,EYU3702,EYU3702D5,52,MISTO,"22",D5,,JOSÉ,"2026-08-12 02:57:51","2026-08-12 03:07:03",9.20,CONFERENTE / SUPERVISOR ,"2026-08-12 03:37:14","2026-08-12 03:37:19",OP. EMPILHADEIRA 02,"2026-08-12 03:34:49",2026-08-11 18:45:00.000,2026-08-12 03:26:00.000
CÂNDIDO MOTA,2026-08-11,"1",EYU3702,"1000219060",11,10,1,EYU3702,EYU3702E2,99,MISTO,"18",E2,,JOSÉ,"2026-08-12 02:06:27","2026-08-12 02:20:52",14.42,CONFERENTE / SUPERVISOR ,"2026-08-12 03:36:34","2026-08-12 03:36:39",OP. EMPILHADEIRA 02,"2026-08-12 03:35:13",2026-08-11 18:45:00.000,2026-08-12 03:26:00.000
CÂNDIDO MOTA,2026-08-11,"1",EYU3702,"1000219060",11,10,1,EYU3702,EYU3702D3,42,MISTO,"23",D3,,JOSÉ,"2026-08-12 03:14:46","2026-08-12 03:27:05",12.32,CONFERENTE / SUPERVISOR ,"2026-08-12 03:37:25","2026-08-12 03:37:33",OP. EMPILHADEIRA 02,"2026-08-12 03:34:45",2026-08-11 18:45:00.000,2026-08-12 03:26:00.000
CÂNDIDO MOTA,2026-08-11,"1",EYU3702,"1000219060",11,10,1,EYU3702,EYU3702D4,40,MISTO,"24",D4,,PEDRO,"2026-08-12 03:20:02","2026-08-12 03:30:23",10.35,CONFERENTE / SUPERVISOR ,"2026-08-12 03:37:50","2026-08-12 03:37:54",OP. EMPILHADEIRA 02,"2026-08-12 03:34:35",2026-08-11 18:45:00.000,2026-08-12 03:26:00.000
CÂNDIDO MOTA,2026-08-11,"1",EYU3702,"1000219060",11,10,1,EYU3702,EYU3702COMODATO,96,MISTO,"25",COMODATO,,JOSÉ,"2026-08-12 03:28:56","2026-08-12 03:29:06",0.17,CONFERENTE / SUPERVISOR ,"2026-08-12 03:37:59","2026-08-12 03:38:03",OP. EMPILHADEIRA 02,"2026-08-12 03:34:29",2026-08-11 18:45:00.000,2026-08-12 03:26:00.000
CÂNDIDO MOTA,2026-08-12,"1",OUR1001,"1000219258",3,3,0,OUR1001,OUR1001D2,16,MISTO,"2",D2,,JOSÉ,"2026-08-12 19:20:05","2026-08-12 19:26:58",6.88,CONFERENTE / SUPERVISOR ,"2026-08-12 22:16:49","2026-08-12 22:17:06",OP. EMPILHADEIRA 02,"2026-08-12 22:58:24",2026-08-12 18:38:00.000,2026-08-13 02:27:00.000
CÂNDIDO MOTA,2026-08-12,"1",OUR1001,"1000219258",3,3,0,OUR1001,OUR1001D1,135,MISTO,"1",D1,,JOSÉ,"2026-08-12 18:52:28","2026-08-12 19:17:39",25.18,CONFERENTE / SUPERVISOR ,"2026-08-12 22:17:11","2026-08-12 22:17:56",OP. EMPILHADEIRA 02,"2026-08-12 22:58:28",2026-08-12 18:38:00.000,2026-08-13 02:27:00.000
CÂNDIDO MOTA,2026-08-12,"1",OUR1001,"1000219258",3,3,0,OUR1001,OUR1001E1,6,MISTO,"3",E1,,JOSÉ,"2026-08-12 19:34:37","2026-08-12 19:39:28",4.85,CONFERENTE / SUPERVISOR ,"2026-08-12 22:28:56","2026-08-12 22:29:22",OP. EMPILHADEIRA 02,"2026-08-12 22:58:18",2026-08-12 18:38:00.000,2026-08-13 02:27:00.000
CÂNDIDO MOTA,2026-08-12,"1",DBC8725,"1000219269",8,8,0,DBC8725,DBC8725E1,80,MISTO,"6",E1,,JOSÉ,"2026-08-12 22:53:29","2026-08-12 23:16:38",23.15,CONFERENTE / SUPERVISOR ,"2026-08-12 23:18:55","2026-08-12 23:21:27",OP. EMPILHADEIRA 02,"2026-08-13 00:33:11",2026-08-12 18:38:00.000,2026-08-13 02:27:00.000
CÂNDIDO MOTA,2026-08-12,"1",DBC8725,"1000219269",8,8,0,DBC8725,DBC8725D4,93,MISTO,"5",D4,,JOSÉ,"2026-08-12 22:13:27","2026-08-12 22:44:25",30.97,CONFERENTE / SUPERVISOR ,"2026-08-12 23:07:55","2026-08-12 23:07:59",OP. EMPILHADEIRA 02,"2026-08-12 22:58:43",2026-08-12 18:38:00.000,2026-08-13 02:27:00.000
CÂNDIDO MOTA,2026-08-12,"1",DBC8725,"1000219269",8,8,0,DBC8725,DBC8725D1,254,MISTO,"104",D1,,PEDRO,"2026-08-12 20:26:16","2026-08-12 20:39:09",12.88,CONFERENTE / SUPERVISOR ,"2026-08-12 23:07:41","2026-08-12 23:07:45",OP. EMPILHADEIRA 02,"2026-08-12 22:58:50",2026-08-12 18:38:00.000,2026-08-13 02:27:00.000
CÂNDIDO MOTA,2026-08-12,"1",DBC8725,"1000219269",8,8,0,DBC8725,DBC8725E4,178,MISTO,"105",E4,,PEDRO,"2026-08-12 20:40:53","2026-08-12 20:54:39",13.77,CONFERENTE / SUPERVISOR ,"2026-08-12 23:07:48","2026-08-12 23:07:52",OP. EMPILHADEIRA 02,"2026-08-12 22:58:47",2026-08-12 18:38:00.000,2026-08-13 02:27:00.000
CÂNDIDO MOTA,2026-08-12,"1",DBC8725,"1000219269",8,8,0,DBC8725,DBC8725D2,38,MISTO,"8",D2,,JOSÉ,"2026-08-12 23:35:13","2026-08-12 23:58:04",22.85,CONFERENTE / SUPERVISOR ,"2026-08-13 00:00:01","2026-08-13 00:02:33",OP. EMPILHADEIRA 02,"2026-08-13 00:33:05",2026-08-12 18:38:00.000,2026-08-13 02:27:00.000
CÂNDIDO MOTA,2026-08-12,"1",DBC8725,"1000219269",8,8,0,DBC8725,DBC8725E2,19,MISTO,"10",E2,,JOSÉ,"2026-08-13 00:18:26","2026-08-13 00:25:34",7.13,CONFERENTE / SUPERVISOR ,"2026-08-13 00:26:58","2026-08-13 00:27:44",OP. EMPILHADEIRA 02,"2026-08-13 00:32:58",2026-08-12 18:38:00.000,2026-08-13 02:27:00.000
CÂNDIDO MOTA,2026-08-12,"1",DBC8725,"1000219269",8,8,0,DBC8725,DBC8725E3,64,MISTO,"9",E3,,JOSÉ,"2026-08-13 00:00:58","2026-08-13 00:15:39",14.68,CONFERENTE / SUPERVISOR ,"2026-08-13 00:28:42","2026-08-13 00:32:05",OP. EMPILHADEIRA 02,"2026-08-13 00:33:01",2026-08-12 18:38:00.000,2026-08-13 02:27:00.000
CÂNDIDO MOTA,2026-08-12,"1",DBC8725,"1000219269",8,8,0,DBC8725,DBC8725D3,61,MISTO,"7",D3,,JOSÉ,"2026-08-12 23:19:00","2026-08-12 23:32:51",13.85,,"2026-08-12 23:52:41","2026-08-12 23:54:50",OP. EMPILHADEIRA 02,"2026-08-13 00:33:08",2026-08-12 18:38:00.000,2026-08-13 02:27:00.000
CÂNDIDO MOTA,2026-08-12,"1",DBC8717,"1000219268",4,4,0,DBC8717,DBC8717D1,245,MISTO,"4",D1,,JOSÉ,"2026-08-12 19:42:56","2026-08-12 20:56:15",73.32,CONFERENTE / SUPERVISOR ,"2026-08-12 22:26:36","2026-08-12 22:26:44",OP. EMPILHADEIRA 02,"2026-08-12 22:58:20",2026-08-12 18:38:00.000,2026-08-13 02:27:00.000
CÂNDIDO MOTA,2026-08-12,"1",DBC8717,"1000219268",4,4,0,DBC8717,DBC8717D3,17,MISTO,"103",D3,,PEDRO,"2026-08-12 20:18:37","2026-08-12 20:22:38",4.02,CONFERENTE / SUPERVISOR ,"2026-08-12 22:28:09","2026-08-12 22:28:28",OP. EMPILHADEIRA 02,"2026-08-12 22:58:06",2026-08-12 18:38:00.000,2026-08-13 02:27:00.000
CÂNDIDO MOTA,2026-08-12,"1",DBC8717,"1000219268",4,4,0,DBC8717,DBC8717E1,59,MISTO,"102",E1,,PEDRO,"2026-08-12 20:03:26","2026-08-12 20:17:52",14.43,CONFERENTE / SUPERVISOR ,"2026-08-12 22:14:00","2026-08-12 22:15:38",OP. EMPILHADEIRA 02,"2026-08-12 22:58:09",2026-08-12 18:38:00.000,2026-08-13 02:27:00.000
CÂNDIDO MOTA,2026-08-12,"1",DBC8717,"1000219268",4,4,0,DBC8717,DBC8717E2,105,MISTO,"101",E2,,PEDRO,"2026-08-12 19:48:13","2026-08-12 20:02:16",14.05,CONFERENTE / SUPERVISOR ,"2026-08-12 22:15:54","2026-08-12 22:16:35",OP. EMPILHADEIRA 02,"2026-08-12 22:58:13",2026-08-12 18:38:00.000,2026-08-13 02:27:00.000
CÂNDIDO MOTA,2026-08-12,"1",EYU3370,"1000219261",8,8,0,EYU3370,EYU3370E3,83,MISTO,"13",E3,,JOSÉ,"2026-08-13 01:54:26","2026-08-13 02:02:01",7.58,CONFERENTE / SUPERVISOR ,"2026-08-13 02:07:40","2026-08-13 02:08:17",OP. EMPILHADEIRA 02,"2026-08-13 02:39:11",2026-08-12 18:38:00.000,2026-08-13 02:27:00.000
CÂNDIDO MOTA,2026-08-12,"1",EYU3370,"1000219261",8,8,0,EYU3370,EYU3370E1,99,MISTO,"12",E1,,JOSÉ,"2026-08-13 01:40:16","2026-08-13 01:53:58",13.70,,"2026-08-13 02:02:09","2026-08-13 02:05:59",OP. EMPILHADEIRA 02,"2026-08-13 02:39:15",2026-08-12 18:38:00.000,2026-08-13 02:27:00.000
CÂNDIDO MOTA,2026-08-12,"1",EYU3370,"1000219261",8,8,0,EYU3370,EYU3370D4,1,MISTO,"18",D4,,JOSÉ,"2026-08-13 02:30:06","2026-08-13 02:30:14",0.13,CONFERENTE / SUPERVISOR ,"2026-08-13 02:30:33","2026-08-13 02:30:41",OP. EMPILHADEIRA 02,"2026-08-13 02:38:44",2026-08-12 18:38:00.000,2026-08-13 02:27:00.000
CÂNDIDO MOTA,2026-08-12,"1",EYU3370,"1000219261",8,8,0,EYU3370,EYU3370COMODATO,1,MISTO,"17",COMODATO,,JOSÉ,"2026-08-13 02:29:44","2026-08-13 02:29:51",0.12,CONFERENTE / SUPERVISOR ,"2026-08-13 02:29:59","2026-08-13 02:30:08",OP. EMPILHADEIRA 02,"2026-08-13 02:38:49",2026-08-12 18:38:00.000,2026-08-13 02:27:00.000
CÂNDIDO MOTA,2026-08-12,"1",EYU3370,"1000219261",8,8,0,EYU3370,EYU3370E4,30,MISTO,"16",E4,,JOSÉ,"2026-08-13 02:24:35","2026-08-13 02:28:17",3.70,CONFERENTE / SUPERVISOR ,"2026-08-13 02:28:20","2026-08-13 02:29:15",OP. EMPILHADEIRA 02,"2026-08-13 02:38:53",2026-08-12 18:38:00.000,2026-08-13 02:27:00.000
CÂNDIDO MOTA,2026-08-12,"1",EYU3370,"1000219261",8,8,0,EYU3370,EYU3370D1,54,MISTO,"15",D1,,JOSÉ,"2026-08-13 02:21:44","2026-08-13 02:24:07",2.38,CONFERENTE / SUPERVISOR ,"2026-08-13 02:24:13","2026-08-13 02:24:21",OP. EMPILHADEIRA 02,"2026-08-13 02:38:57",2026-08-12 18:38:00.000,2026-08-13 02:27:00.000
CÂNDIDO MOTA,2026-08-12,"1",EYU3370,"1000219261",8,8,0,EYU3370,EYU3370E2,111,MISTO,"14",E2,,JOSÉ,"2026-08-13 02:07:04","2026-08-13 02:20:40",13.60,CONFERENTE / SUPERVISOR ,"2026-08-13 02:20:49","2026-08-13 02:22:55",OP. EMPILHADEIRA 02,"2026-08-13 02:39:07",2026-08-12 18:38:00.000,2026-08-13 02:27:00.000
CÂNDIDO MOTA,2026-08-12,"1",EYU3370,"1000219261",8,8,0,EYU3370,EYU3370D2,175,MISTO,"11",D2,,JOSÉ,"2026-08-13 00:27:58","2026-08-13 01:36:28",68.50,CONFERENTE / SUPERVISOR ,"2026-08-13 01:36:49","2026-08-13 01:39:48",OP. EMPILHADEIRA 02,"2026-08-13 02:39:19",2026-08-12 18:38:00.000,2026-08-13 02:27:00.000
CÂNDIDO MOTA,2026-08-13,"1",FQU8482,"1000219480",8,8,0,FQU8482,FQU8482E1,45,MISTO,"108",E1,,PEDRO,"2026-08-13 20:35:17","2026-08-13 20:46:07",10.83,CONFERENTE / SUPERVISOR ,"2026-08-13 22:54:29","2026-08-13 22:54:38",OP. EMPILHADEIRA 02,"2026-08-13 23:25:04",2026-08-13 18:38:00.000,2026-08-14 00:44:00.000
CÂNDIDO MOTA,2026-08-13,"1",FQU8482,"1000219480",8,8,0,FQU8482,FQU8482D4,149,MISTO,"106",D4,,PEDRO,"2026-08-13 19:45:42","2026-08-13 20:14:00",28.30,CONFERENTE / SUPERVISOR ,"2026-08-13 22:46:23","2026-08-13 22:48:04",OP. EMPILHADEIRA 02,"2026-08-13 23:25:18",2026-08-13 18:38:00.000,2026-08-14 00:44:00.000
CÂNDIDO MOTA,2026-08-13,"1",FQU8482,"1000219480",8,8,0,FQU8482,FQU8482COMODATO,21,MISTO,"9",COMODATO,,JOSÉ,"2026-08-13 20:47:41","2026-08-13 20:47:45",0.07,,"2026-08-13 22:50:03","2026-08-13 22:50:24",OP. EMPILHADEIRA 02,"2026-08-13 23:24:57",2026-08-13 18:38:00.000,2026-08-14 00:44:00.000
CÂNDIDO MOTA,2026-08-13,"1",FQU8482,"1000219480",8,8,0,FQU8482,FQU8482D1,173,MISTO,"5",D1,,JOSÉ,"2026-08-13 19:42:50","2026-08-13 19:54:45",11.92,CONFERENTE / SUPERVISOR ,"2026-08-13 22:54:19","2026-08-13 22:54:26",OP. EMPILHADEIRA 02,"2026-08-13 23:25:22",2026-08-13 18:38:00.000,2026-08-14 00:44:00.000
CÂNDIDO MOTA,2026-08-13,"1",FQU8482,"1000219480",8,8,0,FQU8482,FQU8482E4,50,MISTO,"7",E4,,JOSÉ,"2026-08-13 20:20:28","2026-08-13 20:40:46",20.30,CONFERENTE / SUPERVISOR ,"2026-08-13 22:50:28","2026-08-13 22:53:57",OP. EMPILHADEIRA 02,"2026-08-13 23:25:08",2026-08-13 18:38:00.000,2026-08-14 00:44:00.000
CÂNDIDO MOTA,2026-08-13,"1",FQU8482,"1000219480",8,8,0,FQU8482,FQU8482D3,110,MISTO,"107",D3,,PEDRO,"2026-08-13 20:15:29","2026-08-13 20:33:42",18.22,CONFERENTE / SUPERVISOR ,"2026-08-13 22:32:00","2026-08-13 22:38:50",OP. EMPILHADEIRA 02,"2026-08-13 23:25:11",2026-08-13 18:38:00.000,2026-08-14 00:44:00.000
CÂNDIDO MOTA,2026-08-13,"1",FQU8482,"1000219480",8,8,0,FQU8482,FQU8482D2,11,MISTO,"8",D2,,JOSÉ,"2026-08-13 20:41:16","2026-08-13 20:47:11",5.92,CONFERENTE / SUPERVISOR ,"2026-08-13 23:23:38","2026-08-13 23:24:20",OP. EMPILHADEIRA 02,"2026-08-13 23:25:00",2026-08-13 18:38:00.000,2026-08-14 00:44:00.000
CÂNDIDO MOTA,2026-08-13,"1",FQU8482,"1000219480",8,8,0,FQU8482,FQU8482E3,71,MISTO,"6",E3,,JOSÉ,"2026-08-13 19:58:57","2026-08-13 20:15:09",16.20,CONFERENTE / SUPERVISOR ,"2026-08-13 22:44:07","2026-08-13 22:46:13",OP. EMPILHADEIRA 02,"2026-08-13 23:25:14",2026-08-13 18:38:00.000,2026-08-14 00:44:00.000
CÂNDIDO MOTA,2026-08-13,"1",DBC8725,"1000219482",9,8,1,DBC8725,DBC8725D2,46,MISTO,"103",D2,,PEDRO,"2026-08-13 19:27:49","2026-08-13 19:35:05",7.27,CONFERENTE / SUPERVISOR ,"2026-08-13 23:22:56","2026-08-13 23:22:59",OP. EMPILHADEIRA 02,"2026-08-13 23:21:35",2026-08-13 18:38:00.000,2026-08-14 00:44:00.000
CÂNDIDO MOTA,2026-08-13,"1",DBC8725,"1000219482",9,8,1,DBC8725,DBC8725D1,198,COMPLETO,,D1,,,,,,CONFERENTE / SUPERVISOR ,"2026-08-13 23:23:24","2026-08-13 23:23:27",OP. EMPILHADEIRA 02,"2026-08-13 19:09:25",2026-08-13 18:38:00.000,2026-08-14 00:44:00.000
CÂNDIDO MOTA,2026-08-13,"1",DBC8725,"1000219482",9,8,1,DBC8725,DBC8725E3,31,MISTO,"105",E3,,PEDRO,"2026-08-13 19:36:02","2026-08-13 19:43:35",7.55,CONFERENTE / SUPERVISOR ,"2026-08-13 23:23:03","2026-08-13 23:23:06",OP. EMPILHADEIRA 02,"2026-08-13 23:21:31",2026-08-13 18:38:00.000,2026-08-14 00:44:00.000
CÂNDIDO MOTA,2026-08-13,"1",DBC8725,"1000219482",9,8,1,DBC8725,DBC8725COMODATO,14,MISTO,"3",COMODATO,,JOSÉ,"2026-08-13 19:41:37","2026-08-13 19:41:45",0.13,CONFERENTE / SUPERVISOR ,"2026-08-13 23:23:09","2026-08-13 23:23:12",OP. EMPILHADEIRA 02,"2026-08-13 23:21:27",2026-08-13 18:38:00.000,2026-08-14 00:44:00.000
CÂNDIDO MOTA,2026-08-13,"1",DBC8725,"1000219482",9,8,1,DBC8725,DBC8725D4,2,MISTO,"4",D4,,JOSÉ,"2026-08-13 19:42:08","2026-08-13 19:42:12",0.07,CONFERENTE / SUPERVISOR ,"2026-08-13 23:23:16","2026-08-13 23:23:20",OP. EMPILHADEIRA 02,"2026-08-13 23:21:23",2026-08-13 18:38:00.000,2026-08-14 00:44:00.000
CÂNDIDO MOTA,2026-08-13,"1",DBC8725,"1000219482",9,8,1,DBC8725,DBC8725D3,111,MISTO,"101",D3,,PEDRO,"2026-08-13 18:52:50","2026-08-13 19:13:05",20.25,CONFERENTE / SUPERVISOR ,"2026-08-13 23:22:35","2026-08-13 23:22:39",OP. EMPILHADEIRA 02,"2026-08-13 23:21:49",2026-08-13 18:38:00.000,2026-08-14 00:44:00.000
CÂNDIDO MOTA,2026-08-13,"1",DBC8725,"1000219482",9,8,1,DBC8725,DBC8725E1,219,MISTO,"1",E1,,JOSÉ,"2026-08-13 18:51:39","2026-08-13 19:22:25",30.77,CONFERENTE / SUPERVISOR ,"2026-08-13 23:22:29","2026-08-13 23:22:32",OP. EMPILHADEIRA 02,"2026-08-13 23:21:53",2026-08-13 18:38:00.000,2026-08-14 00:44:00.000
CÂNDIDO MOTA,2026-08-13,"1",DBC8725,"1000219482",9,8,1,DBC8725,DBC8725E2,59,MISTO,"2",E2,,JOSÉ,"2026-08-13 19:23:25","2026-08-13 19:40:35",17.17,CONFERENTE / SUPERVISOR ,"2026-08-13 23:22:48","2026-08-13 23:22:52",OP. EMPILHADEIRA 02,"2026-08-13 23:21:39",2026-08-13 18:38:00.000,2026-08-14 00:44:00.000
CÂNDIDO MOTA,2026-08-13,"1",DBC8725,"1000219482",9,8,1,DBC8725,DBC8725E4,61,MISTO,"102",E4,,PEDRO,"2026-08-13 19:14:10","2026-08-13 19:25:57",11.78,CONFERENTE / SUPERVISOR ,"2026-08-13 23:22:42","2026-08-13 23:22:45",OP. EMPILHADEIRA 02,"2026-08-13 23:21:42",2026-08-13 18:38:00.000,2026-08-14 00:44:00.000
CÂNDIDO MOTA,2026-08-13,"1",DBC8717,"1000219481",8,8,0,DBC8717,DBC8717E2,62,MISTO,"115",E2,,PEDRO,"2026-08-14 00:09:37","2026-08-14 00:17:45",8.13,CONFERENTE / SUPERVISOR ,"2026-08-14 00:22:45","2026-08-14 00:23:17",OP. EMPILHADEIRA 02,"2026-08-14 00:47:41",2026-08-13 18:38:00.000,2026-08-14 00:44:00.000
CÂNDIDO MOTA,2026-08-13,"1",DBC8717,"1000219481",8,8,0,DBC8717,DBC8717E1,72,MISTO,"16",E1,,JOSÉ,"2026-08-14 00:05:59","2026-08-14 00:18:41",12.70,CONFERENTE / SUPERVISOR ,"2026-08-14 00:43:42","2026-08-14 00:45:56",OP. EMPILHADEIRA 02,"2026-08-14 00:47:46",2026-08-13 18:38:00.000,2026-08-14 00:44:00.000
CÂNDIDO MOTA,2026-08-13,"1",DBC8717,"1000219481",8,8,0,DBC8717,DBC8717D2,90,MISTO,"114",D2,,PEDRO,"2026-08-13 23:38:11","2026-08-14 00:07:17",29.10,CONFERENTE / SUPERVISOR ,"2026-08-14 00:17:02","2026-08-14 00:22:33",OP. EMPILHADEIRA 02,"2026-08-14 00:47:51",2026-08-13 18:38:00.000,2026-08-14 00:44:00.000
CÂNDIDO MOTA,2026-08-13,"1",DBC8717,"1000219481",8,8,0,DBC8717,DBC8717D1,100,MISTO,"113",D1,,PEDRO,"2026-08-13 23:22:02","2026-08-13 23:36:44",14.70,CONFERENTE / SUPERVISOR ,"2026-08-13 23:39:07","2026-08-13 23:41:16",OP. EMPILHADEIRA 02,"2026-08-14 00:47:54",2026-08-13 18:38:00.000,2026-08-14 00:44:00.000
CÂNDIDO MOTA,2026-08-13,"1",DBC8717,"1000219481",8,8,0,DBC8717,DBC8717E4,11,MISTO,"18",E4,,JOSÉ,"2026-08-14 00:36:17","2026-08-14 00:43:46",7.48,CONFERENTE / SUPERVISOR ,"2026-08-14 00:46:00","2026-08-14 00:46:44",OP. EMPILHADEIRA 02,"2026-08-14 00:47:30",2026-08-13 18:38:00.000,2026-08-14 00:44:00.000
CÂNDIDO MOTA,2026-08-13,"1",DBC8717,"1000219481",8,8,0,DBC8717,DBC8717D4,27,MISTO,"116",D4,,PEDRO,"2026-08-14 00:20:20","2026-08-14 00:30:58",10.63,CONFERENTE / SUPERVISOR ,"2026-08-14 00:36:52","2026-08-14 00:39:17",OP. EMPILHADEIRA 02,"2026-08-14 00:47:34",2026-08-13 18:38:00.000,2026-08-14 00:44:00.000
CÂNDIDO MOTA,2026-08-13,"1",DBC8717,"1000219481",8,8,0,DBC8717,DBC8717D3,91,MISTO,"17",D3,,JOSÉ,"2026-08-14 00:19:40","2026-08-14 00:33:29",13.82,CONFERENTE / SUPERVISOR ,"2026-08-14 00:34:05","2026-08-14 00:35:24",OP. EMPILHADEIRA 02,"2026-08-14 00:47:37",2026-08-13 18:38:00.000,2026-08-14 00:44:00.000
CÂNDIDO MOTA,2026-08-13,"1",DBC8717,"1000219481",8,8,0,DBC8717,DBC8717E3,142,MISTO,"15",E3,,JOSÉ,"2026-08-13 23:26:58","2026-08-14 00:01:53",34.92,,"2026-08-14 00:06:47","2026-08-14 00:14:15",OP. EMPILHADEIRA 02,"2026-08-14 00:47:59",2026-08-13 18:38:00.000,2026-08-14 00:44:00.000
CÂNDIDO MOTA,2026-08-13,"1",EYU3361,"1000219473",10,9,1,EYU3361,EYU3361E1,71,MISTO,"11",E1,,JOSÉ,"2026-08-13 22:44:50","2026-08-13 22:51:30",6.67,,"2026-08-13 23:30:21","2026-08-13 23:31:11",OP. EMPILHADEIRA 02,"2026-08-13 23:33:00",2026-08-13 18:38:00.000,2026-08-14 00:44:00.000
CÂNDIDO MOTA,2026-08-13,"1",EYU3361,"1000219473",10,9,1,EYU3361,EYU3361D5,141,MISTO,"10",D5,,JOSÉ,"2026-08-13 22:09:16","2026-08-13 22:43:24",34.13,CONFERENTE / SUPERVISOR ,"2026-08-13 22:55:48","2026-08-13 22:57:09",OP. EMPILHADEIRA 02,"2026-08-13 23:33:21",2026-08-13 18:38:00.000,2026-08-14 00:44:00.000
CÂNDIDO MOTA,2026-08-13,"1",EYU3361,"1000219473",10,9,1,EYU3361,EYU3361D3,84,MISTO,"111",D3,,PEDRO,"2026-08-13 22:39:34","2026-08-13 22:55:26",15.87,CONFERENTE / SUPERVISOR ,"2026-08-13 23:10:08","2026-08-13 23:10:35",OP. EMPILHADEIRA 02,"2026-08-13 23:33:04",2026-08-13 18:38:00.000,2026-08-14 00:44:00.000
CÂNDIDO MOTA,2026-08-13,"1",EYU3361,"1000219473",10,9,1,EYU3361,EYU3361D1,100,COMPLETO,,D1,,,,,,CONFERENTE / SUPERVISOR ,"2026-08-13 23:16:01","2026-08-13 23:17:07",OP. EMPILHADEIRA 02,"2026-08-13 19:07:04",2026-08-13 18:38:00.000,2026-08-14 00:44:00.000
CÂNDIDO MOTA,2026-08-13,"1",EYU3361,"1000219473",10,9,1,EYU3361,EYU3361D4,31,MISTO,"12",D4,,JOSÉ,"2026-08-13 22:56:59","2026-08-13 23:10:16",13.28,CONFERENTE / SUPERVISOR ,"2026-08-13 23:13:21","2026-08-13 23:14:17",OP. EMPILHADEIRA 02,"2026-08-13 23:32:57",2026-08-13 18:38:00.000,2026-08-14 00:44:00.000
CÂNDIDO MOTA,2026-08-13,"1",EYU3361,"1000219473",10,9,1,EYU3361,EYU3361E4,14,MISTO,"13",E4,,JOSÉ,"2026-08-13 23:15:19","2026-08-13 23:17:57",2.63,CONFERENTE / SUPERVISOR ,"2026-08-13 23:29:04","2026-08-13 23:30:18",OP. EMPILHADEIRA 02,"2026-08-13 23:32:50",2026-08-13 18:38:00.000,2026-08-14 00:44:00.000
CÂNDIDO MOTA,2026-08-13,"1",EYU3361,"1000219473",10,9,1,EYU3361,EYU3361E3,65,MISTO,"112",E3,,PEDRO,"2026-08-13 22:58:59","2026-08-13 23:21:03",22.07,CONFERENTE / SUPERVISOR ,"2026-08-13 23:26:10","2026-08-13 23:28:48",OP. EMPILHADEIRA 02,"2026-08-13 23:32:54",2026-08-13 18:38:00.000,2026-08-14 00:44:00.000
CÂNDIDO MOTA,2026-08-13,"1",EYU3361,"1000219473",10,9,1,EYU3361,EYU3361E2,88,MISTO,"110",E2,,PEDRO,"2026-08-13 22:06:29","2026-08-13 22:31:32",25.05,CONFERENTE / SUPERVISOR ,"2026-08-13 22:57:35","2026-08-13 23:09:27",OP. EMPILHADEIRA 02,"2026-08-13 23:33:07",2026-08-13 18:38:00.000,2026-08-14 00:44:00.000
CÂNDIDO MOTA,2026-08-13,"1",EYU3361,"1000219473",10,9,1,EYU3361,EYU3361D2,100,MISTO,"109",D2,,PEDRO,"2026-08-13 20:49:33","2026-08-13 21:01:04",11.52,CONFERENTE / SUPERVISOR ,"2026-08-13 23:15:35","2026-08-13 23:15:42",OP. EMPILHADEIRA 02,"2026-08-13 23:33:11",2026-08-13 18:38:00.000,2026-08-14 00:44:00.000
CÂNDIDO MOTA,2026-08-13,"1",EYU3361,"1000219473",10,9,1,EYU3361,EYU3361COMODATO,1,MISTO,"14",COMODATO,,JOSÉ,"2026-08-13 23:20:20","2026-08-13 23:20:27",0.12,CONFERENTE / SUPERVISOR ,"2026-08-13 23:28:55","2026-08-13 23:29:01",OP. EMPILHADEIRA 02,"2026-08-13 23:32:46",2026-08-13 18:38:00.000,2026-08-14 00:44:00.000
CÂNDIDO MOTA,2026-08-14,"1",EYU3356,"1000219682",8,7,1,EYU3356,EYU3356E3,50,MISTO,"220",E3,,LEONARDO,"2026-08-15 00:59:05","2026-08-15 01:15:26",16.35,CONFERENTE / SUPERVISOR ,"2026-08-15 01:26:49","2026-08-15 01:27:02",OP. EMPILHADEIRA 02,"2026-08-15 01:24:17",2026-08-14 18:40:00.000,2026-08-15 01:07:00.000
CÂNDIDO MOTA,2026-08-14,"1",EYU3356,"1000219682",8,7,1,EYU3356,EYU3356E4,46,MISTO,"13",E4,,JOSÉ,"2026-08-15 00:58:06","2026-08-15 01:07:13",9.12,CONFERENTE / SUPERVISOR ,"2026-08-15 01:26:35","2026-08-15 01:26:41",OP. EMPILHADEIRA 02,"2026-08-15 01:24:11",2026-08-14 18:40:00.000,2026-08-15 01:07:00.000
CÂNDIDO MOTA,2026-08-14,"1",EYU3356,"1000219682",8,7,1,EYU3356,EYU3356E2,14,MISTO,"124",E2,,PEDRO,"2026-08-15 01:04:19","2026-08-15 01:07:47",3.47,CONFERENTE / SUPERVISOR ,"2026-08-15 01:27:06","2026-08-15 01:27:10",OP. EMPILHADEIRA 02,"2026-08-15 01:24:21",2026-08-14 18:40:00.000,2026-08-15 01:07:00.000
CÂNDIDO MOTA,2026-08-14,"1",EYU3356,"1000219682",8,7,1,EYU3356,EYU3356D2,100,MISTO,"12",D2,,JOSÉ,"2026-08-15 00:29:41","2026-08-15 00:54:08",24.45,CONFERENTE / SUPERVISOR ,"2026-08-15 01:26:14","2026-08-15 01:26:18",OP. EMPILHADEIRA 02,"2026-08-15 01:24:04",2026-08-14 18:40:00.000,2026-08-15 01:07:00.000
CÂNDIDO MOTA,2026-08-14,"1",EYU3356,"1000219682",8,7,1,EYU3356,EYU3356E1,201,MISTO,"122",E1,,PEDRO,"2026-08-15 00:21:05","2026-08-15 00:50:01",28.93,CONFERENTE / SUPERVISOR ,"2026-08-15 01:24:44","2026-08-15 01:24:54",OP. EMPILHADEIRA 02,"2026-08-15 01:23:59",2026-08-14 18:40:00.000,2026-08-15 01:07:00.000
CÂNDIDO MOTA,2026-08-14,"1",EYU3356,"1000219682",8,7,1,EYU3356,EYU3356D1,180,COMPLETO,,D1,,,,,,CONFERENTE / SUPERVISOR ,"2026-08-15 01:27:16","2026-08-15 01:27:24",OP. EMPILHADEIRA 02,"2026-08-15 00:35:08",2026-08-14 18:40:00.000,2026-08-15 01:07:00.000
CÂNDIDO MOTA,2026-08-14,"1",EYU3356,"1000219682",8,7,1,EYU3356,EYU3356D3,55,MISTO,"123",D3,,PEDRO,"2026-08-15 00:52:16","2026-08-15 01:02:09",9.88,CONFERENTE / SUPERVISOR ,"2026-08-15 01:26:26","2026-08-15 01:26:30",OP. EMPILHADEIRA 02,"2026-08-15 01:24:07",2026-08-14 18:40:00.000,2026-08-15 01:07:00.000
CÂNDIDO MOTA,2026-08-14,"1",EYU3356,"1000219682",8,7,1,EYU3356,EYU3356D5,184,MISTO,"219",D5,,LEONARDO,"2026-08-15 00:20:51","2026-08-15 00:58:26",37.58,CONFERENTE / SUPERVISOR ,"2026-08-15 01:25:59","2026-08-15 01:26:03",OP. EMPILHADEIRA 02,"2026-08-15 01:23:50",2026-08-14 18:40:00.000,2026-08-15 01:07:00.000
CÂNDIDO MOTA,2026-08-14,"1",TMG6G62,"1000219688",5,5,0,TMG6G62,TMG6G62E1,108,MISTO,"1",E1,,JOSÉ,"2026-08-14 18:46:11","2026-08-14 19:32:50",46.65,CONFERENTE / SUPERVISOR ,"2026-08-14 19:34:31","2026-08-14 19:44:31",OP. EMPILHADEIRA 02,"2026-08-14 22:04:06",2026-08-14 18:40:00.000,2026-08-15 01:07:00.000
CÂNDIDO MOTA,2026-08-14,"1",TMG6G62,"1000219688",5,5,0,TMG6G62,TMG6G62D1,46,MISTO,"101",D1,,PEDRO,"2026-08-14 18:46:54","2026-08-14 18:54:36",7.70,CONFERENTE / SUPERVISOR ,"2026-08-14 20:27:40","2026-08-14 20:30:01",OP. EMPILHADEIRA 02,"2026-08-14 22:04:02",2026-08-14 18:40:00.000,2026-08-15 01:07:00.000
CÂNDIDO MOTA,2026-08-14,"1",TMG6G62,"1000219688",5,5,0,TMG6G62,TMG6G62D3,21,MISTO,"103",D3,,PEDRO,"2026-08-14 19:06:34","2026-08-14 19:15:50",9.27,CONFERENTE / SUPERVISOR ,"2026-08-14 19:32:46","2026-08-14 19:34:20",OP. EMPILHADEIRA 02,"2026-08-14 22:03:48",2026-08-14 18:40:00.000,2026-08-15 01:07:00.000
CÂNDIDO MOTA,2026-08-14,"1",TMG6G62,"1000219688",5,5,0,TMG6G62,TMG6G62E2,21,MISTO,"102",E2,,PEDRO,"2026-08-14 18:55:38","2026-08-14 19:00:17",4.65,CONFERENTE / SUPERVISOR ,"2026-08-14 19:30:13","2026-08-14 19:30:36",OP. EMPILHADEIRA 02,"2026-08-14 22:03:51",2026-08-14 18:40:00.000,2026-08-15 01:07:00.000
CÂNDIDO MOTA,2026-08-14,"1",TMG6G62,"1000219688",5,5,0,TMG6G62,TMG6G62D2,37,MISTO,"201",D2,,LEONARDO,"2026-08-14 18:45:57","2026-08-14 19:06:04",20.12,CONFERENTE / SUPERVISOR ,"2026-08-14 19:30:49","2026-08-14 19:32:37",OP. EMPILHADEIRA 02,"2026-08-14 22:03:58",2026-08-14 18:40:00.000,2026-08-15 01:07:00.000
CÂNDIDO MOTA,2026-08-14,"1",FQU8482,"1000219689",7,7,0,FQU8482,FQU8482E3,17,MISTO,"208",E3,,LEONARDO,"2026-08-14 20:39:26","2026-08-14 20:41:56",2.50,CONFERENTE / SUPERVISOR ,"2026-08-14 22:20:02","2026-08-14 22:23:34",OP. EMPILHADEIRA 02,"2026-08-14 22:35:12",2026-08-14 18:40:00.000,2026-08-15 01:07:00.000
CÂNDIDO MOTA,2026-08-14,"1",FQU8482,"1000219689",7,7,0,FQU8482,FQU8482D2,26,MISTO,"110",D2,,PEDRO,"2026-08-14 20:33:15","2026-08-14 20:41:00",7.75,CONFERENTE / SUPERVISOR ,"2026-08-14 22:10:13","2026-08-14 22:11:01",OP. EMPILHADEIRA 02,"2026-08-14 22:35:16",2026-08-14 18:40:00.000,2026-08-15 01:07:00.000
CÂNDIDO MOTA,2026-08-14,"1",FQU8482,"1000219689",7,7,0,FQU8482,FQU8482E1,42,MISTO,"207",E1,,LEONARDO,"2026-08-14 20:26:24","2026-08-14 20:37:41",11.28,CONFERENTE / SUPERVISOR ,"2026-08-14 22:11:11","2026-08-14 22:14:16",OP. EMPILHADEIRA 02,"2026-08-14 22:35:19",2026-08-14 18:40:00.000,2026-08-15 01:07:00.000
CÂNDIDO MOTA,2026-08-14,"1",FQU8482,"1000219689",7,7,0,FQU8482,FQU8482E2,50,MISTO,"109",E2,,PEDRO,"2026-08-14 20:23:29","2026-08-14 20:31:30",8.02,CONFERENTE / SUPERVISOR ,"2026-08-14 22:14:23","2026-08-14 22:15:33",OP. EMPILHADEIRA 02,"2026-08-14 22:35:22",2026-08-14 18:40:00.000,2026-08-15 01:07:00.000
CÂNDIDO MOTA,2026-08-14,"1",FQU8482,"1000219689",7,7,0,FQU8482,FQU8482D1,80,MISTO,"108",D1,,PEDRO,"2026-08-14 20:20:16","2026-08-14 20:22:24",2.13,CONFERENTE / SUPERVISOR ,"2026-08-14 22:23:37","2026-08-14 22:23:42",OP. EMPILHADEIRA 02,"2026-08-14 22:35:25",2026-08-14 18:40:00.000,2026-08-15 01:07:00.000
CÂNDIDO MOTA,2026-08-14,"1",FQU8482,"1000219689",7,7,0,FQU8482,FQU8482D4,93,MISTO,"5",D4,,JOSÉ,"2026-08-14 20:17:03","2026-08-14 20:45:46",28.72,,"2026-08-14 22:07:25","2026-08-14 22:09:02",OP. EMPILHADEIRA 02,"2026-08-14 22:35:28",2026-08-14 18:40:00.000,2026-08-15 01:07:00.000
CÂNDIDO MOTA,2026-08-14,"1",FQU8482,"1000219689",7,7,0,FQU8482,FQU8482D3,17,MISTO,"111",D3,,PEDRO,"2026-08-14 20:43:53","2026-08-14 20:49:31",5.63,CONFERENTE / SUPERVISOR ,"2026-08-14 22:16:48","2026-08-14 22:18:50",OP. EMPILHADEIRA 02,"2026-08-14 22:35:09",2026-08-14 18:40:00.000,2026-08-15 01:07:00.000
CÂNDIDO MOTA,2026-08-14,"1",EYU3376,"1000219687",8,7,1,EYU3376,EYU3376E4,121,MISTO,"6",E4,,JOSÉ,"2026-08-14 20:57:29","2026-08-14 22:39:32",102.05,CONFERENTE / SUPERVISOR ,"2026-08-14 23:00:54","2026-08-14 23:01:07",OP. EMPILHADEIRA 02,"2026-08-14 23:01:20",2026-08-14 18:40:00.000,2026-08-15 01:07:00.000
CÂNDIDO MOTA,2026-08-14,"1",EYU3376,"1000219687",8,7,1,EYU3376,EYU3376D2,100,MISTO,"112",D2,,PEDRO,"2026-08-14 20:51:14","2026-08-14 21:05:45",14.52,CONFERENTE / SUPERVISOR ,"2026-08-14 22:48:38","2026-08-14 22:48:42",OP. EMPILHADEIRA 02,"2026-08-14 22:39:20",2026-08-14 18:40:00.000,2026-08-15 01:07:00.000
CÂNDIDO MOTA,2026-08-14,"1",EYU3376,"1000219687",8,7,1,EYU3376,EYU3376D4,29,MISTO,"212",D4,,LEONARDO,"2026-08-14 21:36:29","2026-08-14 21:42:56",6.45,CONFERENTE / SUPERVISOR ,"2026-08-14 22:49:26","2026-08-14 22:49:29",OP. EMPILHADEIRA 02,"2026-08-14 22:39:11",2026-08-14 18:40:00.000,2026-08-15 01:07:00.000
CÂNDIDO MOTA,2026-08-14,"1",EYU3376,"1000219687",8,7,1,EYU3376,EYU3376E1,212,MISTO,"209",E1,,LEONARDO,"2026-08-14 20:45:05","2026-08-14 21:12:35",27.50,CONFERENTE / SUPERVISOR ,"2026-08-14 22:48:29","2026-08-14 22:48:34",OP. EMPILHADEIRA 02,"2026-08-14 22:39:28",2026-08-14 18:40:00.000,2026-08-15 01:07:00.000
CÂNDIDO MOTA,2026-08-14,"1",EYU3376,"1000219687",8,7,1,EYU3376,EYU3376E2,36,MISTO,"210",E2,,LEONARDO,"2026-08-14 21:13:01","2026-08-14 21:20:54",7.88,CONFERENTE / SUPERVISOR ,"2026-08-14 22:49:08","2026-08-14 22:49:12",OP. EMPILHADEIRA 02,"2026-08-14 22:39:22",2026-08-14 18:40:00.000,2026-08-15 01:07:00.000
CÂNDIDO MOTA,2026-08-14,"1",EYU3376,"1000219687",8,7,1,EYU3376,EYU3376D1,180,COMPLETO,,D1,,,,,,CONFERENTE / SUPERVISOR ,"2026-08-14 22:49:33","2026-08-14 22:49:37",OP. EMPILHADEIRA 02,"2026-08-14 22:39:04",2026-08-14 18:40:00.000,2026-08-15 01:07:00.000
CÂNDIDO MOTA,2026-08-14,"1",EYU3376,"1000219687",8,7,1,EYU3376,EYU3376E3,74,MISTO,"211",E3,,LEONARDO,"2026-08-14 21:21:11","2026-08-14 21:36:08",14.95,CONFERENTE / SUPERVISOR ,"2026-08-14 22:49:17","2026-08-14 22:49:22",OP. EMPILHADEIRA 02,"2026-08-14 22:39:15",2026-08-14 18:40:00.000,2026-08-15 01:07:00.000
CÂNDIDO MOTA,2026-08-14,"1",EYU3376,"1000219687",8,7,1,EYU3376,EYU3376D3,27,MISTO,"213",D3,,LEONARDO,"2026-08-14 21:43:58","2026-08-14 21:46:09",2.18,CONFERENTE / SUPERVISOR ,"2026-08-14 22:49:41","2026-08-14 22:49:45",OP. EMPILHADEIRA 02,"2026-08-14 22:39:08",2026-08-14 18:40:00.000,2026-08-15 01:07:00.000
CÂNDIDO MOTA,2026-08-14,"1",DBC8717,"1000219690",9,7,2,DBC8717,DBC8717E4,34,MISTO,"206",E4,,LEONARDO,"2026-08-14 20:13:16","2026-08-14 20:26:03",12.78,CONFERENTE / SUPERVISOR ,"2026-08-14 22:34:29","2026-08-14 22:34:34",OP. EMPILHADEIRA 02,"2026-08-14 22:33:37",2026-08-14 18:40:00.000,2026-08-15 01:07:00.000
CÂNDIDO MOTA,2026-08-14,"1",DBC8717,"1000219690",9,7,2,DBC8717,DBC8717D4,30,MISTO,"204",D4,,LEONARDO,"2026-08-14 19:59:16","2026-08-14 20:08:55",9.65,CONFERENTE / SUPERVISOR ,"2026-08-14 22:34:06","2026-08-14 22:34:12",OP. EMPILHADEIRA 02,"2026-08-14 22:06:35",2026-08-14 18:40:00.000,2026-08-15 01:07:00.000
CÂNDIDO MOTA,2026-08-14,"1",DBC8717,"1000219690",9,7,2,DBC8717,DBC8717D3,31,MISTO,"4",D3,,JOSÉ,"2026-08-14 19:55:31","2026-08-14 20:12:29",16.97,CONFERENTE / SUPERVISOR ,"2026-08-14 22:33:58","2026-08-14 22:34:02",OP. EMPILHADEIRA 02,"2026-08-14 22:06:30",2026-08-14 18:40:00.000,2026-08-15 01:07:00.000
CÂNDIDO MOTA,2026-08-14,"1",DBC8717,"1000219690",9,7,2,DBC8717,DBC8717D5,27,MISTO,"205",D5,,LEONARDO,"2026-08-14 20:10:52","2026-08-14 20:11:40",0.80,CONFERENTE / SUPERVISOR ,"2026-08-14 22:34:16","2026-08-14 22:34:21",OP. EMPILHADEIRA 02,"2026-08-14 22:33:42",2026-08-14 18:40:00.000,2026-08-15 01:07:00.000
CÂNDIDO MOTA,2026-08-14,"1",DBC8717,"1000219690",9,7,2,DBC8717,DBC8717E1,180,COMPLETO,,E1,,,,,,CONFERENTE / SUPERVISOR ,"2026-08-14 22:34:37","2026-08-14 22:34:40",OP. EMPILHADEIRA 02,"2026-08-14 22:33:28",2026-08-14 18:40:00.000,2026-08-15 01:07:00.000
CÂNDIDO MOTA,2026-08-14,"1",DBC8717,"1000219690",9,7,2,DBC8717,DBC8717D1,180,COMPLETO,,D1,,,,,,CONFERENTE / SUPERVISOR ,"2026-08-14 22:34:47","2026-08-14 22:34:52",OP. EMPILHADEIRA 02,"2026-08-14 22:33:32",2026-08-14 18:40:00.000,2026-08-15 01:07:00.000
CÂNDIDO MOTA,2026-08-14,"1",DBC8717,"1000219690",9,7,2,DBC8717,DBC8717D2,181,MISTO,"3",D2,,JOSÉ,"2026-08-14 19:48:08","2026-08-14 19:51:55",3.78,CONFERENTE / SUPERVISOR ,"2026-08-14 22:26:50","2026-08-14 22:26:53",OP. EMPILHADEIRA 02,"2026-08-14 22:06:21",2026-08-14 18:40:00.000,2026-08-15 01:07:00.000
CÂNDIDO MOTA,2026-08-14,"1",DBC8717,"1000219690",9,7,2,DBC8717,DBC8717E5,146,MISTO,"107",E5,,PEDRO,"2026-08-14 19:43:06","2026-08-14 20:19:00",35.90,CONFERENTE / SUPERVISOR ,"2026-08-14 22:26:58","2026-08-14 22:27:01",OP. EMPILHADEIRA 02,"2026-08-14 22:06:26",2026-08-14 18:40:00.000,2026-08-15 01:07:00.000
CÂNDIDO MOTA,2026-08-14,"1",DBC8717,"1000219690",9,7,2,DBC8717,DBC8717E2,62,MISTO,"203",E2,,LEONARDO,"2026-08-14 19:50:07","2026-08-14 19:57:57",7.83,CONFERENTE / SUPERVISOR ,"2026-08-14 22:33:50","2026-08-14 22:33:54",OP. EMPILHADEIRA 02,"2026-08-14 22:33:46",2026-08-14 18:40:00.000,2026-08-15 01:07:00.000
CÂNDIDO MOTA,2026-08-14,"1",DBC8725,"1000219691",5,5,0,DBC8725,DBC8725D3,26,MISTO,"106",D3,,PEDRO,"2026-08-14 19:36:32","2026-08-14 19:42:17",5.75,CONFERENTE / SUPERVISOR ,"2026-08-14 19:56:41","2026-08-14 19:57:35",OP. EMPILHADEIRA 02,"2026-08-14 22:04:18",2026-08-14 18:40:00.000,2026-08-15 01:07:00.000
CÂNDIDO MOTA,2026-08-14,"1",DBC8725,"1000219691",5,5,0,DBC8725,DBC8725D2,19,MISTO,"105",D2,,PEDRO,"2026-08-14 19:30:51","2026-08-14 19:35:33",4.70,CONFERENTE / SUPERVISOR ,"2026-08-14 20:30:16","2026-08-14 20:31:39",OP. EMPILHADEIRA 02,"2026-08-14 22:04:37",2026-08-14 18:40:00.000,2026-08-15 01:07:00.000
CÂNDIDO MOTA,2026-08-14,"1",DBC8725,"1000219691",5,5,0,DBC8725,DBC8725E1,55,MISTO,"104",E1,,PEDRO,"2026-08-14 19:16:49","2026-08-14 19:29:05",12.27,CONFERENTE / SUPERVISOR ,"2026-08-14 19:44:46","2026-08-14 19:46:08",OP. EMPILHADEIRA 02,"2026-08-14 22:04:43",2026-08-14 18:40:00.000,2026-08-15 01:07:00.000
CÂNDIDO MOTA,2026-08-14,"1",DBC8725,"1000219691",5,5,0,DBC8725,DBC8725E2,18,MISTO,"2",E2,,JOSÉ,"2026-08-14 19:34:49","2026-08-14 19:41:57",7.13,CONFERENTE / SUPERVISOR ,"2026-08-14 19:46:16","2026-08-14 19:47:10",OP. EMPILHADEIRA 02,"2026-08-14 22:04:27",2026-08-14 18:40:00.000,2026-08-15 01:07:00.000
CÂNDIDO MOTA,2026-08-14,"1",DBC8725,"1000219691",5,5,0,DBC8725,DBC8725D1,186,MISTO,"202",D1,,LEONARDO,"2026-08-14 19:10:25","2026-08-14 19:49:24",38.98,,"2026-08-14 19:49:43","2026-08-14 19:55:57",OP. EMPILHADEIRA 02,"2026-08-14 22:04:50",2026-08-14 18:40:00.000,2026-08-15 01:07:00.000
CÂNDIDO MOTA,2026-08-14,"1",EYU3702,"1000219686",10,9,1,EYU3702,EYU3702D4,160,MISTO,"113",D4,,PEDRO,"2026-08-14 22:04:57","2026-08-14 22:34:21",29.40,CONFERENTE / SUPERVISOR ,"2026-08-14 23:56:27","2026-08-14 23:56:31",OP. EMPILHADEIRA 02,"2026-08-14 23:56:01",2026-08-14 18:40:00.000,2026-08-15 01:07:00.000
CÂNDIDO MOTA,2026-08-14,"1",EYU3702,"1000219686",10,9,1,EYU3702,EYU3702E1,99,MISTO,"114",E1,,PEDRO,"2026-08-14 22:36:00","2026-08-14 22:42:37",6.62,CONFERENTE / SUPERVISOR ,"2026-08-14 23:56:34","2026-08-14 23:56:38",OP. EMPILHADEIRA 02,"2026-08-14 23:55:57",2026-08-14 18:40:00.000,2026-08-15 01:07:00.000
CÂNDIDO MOTA,2026-08-14,"1",EYU3702,"1000219686",10,9,1,EYU3702,EYU3702D2,205,MISTO,"214",D2,,LEONARDO,"2026-08-14 22:59:26","2026-08-14 23:17:22",17.93,CONFERENTE / SUPERVISOR ,"2026-08-14 23:56:20","2026-08-14 23:56:23",OP. EMPILHADEIRA 02,"2026-08-14 23:56:04",2026-08-14 18:40:00.000,2026-08-15 01:07:00.000
CÂNDIDO MOTA,2026-08-14,"1",EYU3702,"1000219686",10,9,1,EYU3702,EYU3702D1,81,COMPLETO,,D1,,,,,,CONFERENTE / SUPERVISOR ,"2026-08-14 23:58:03","2026-08-14 23:58:07",OP. EMPILHADEIRA 02,"2026-08-14 23:55:25",2026-08-14 18:40:00.000,2026-08-15 01:07:00.000
CÂNDIDO MOTA,2026-08-14,"1",EYU3702,"1000219686",10,9,1,EYU3702,EYU3702D3,118,MISTO,"215",D3,,LEONARDO,"2026-08-14 23:18:20","2026-08-14 23:37:11",18.85,CONFERENTE / SUPERVISOR ,"2026-08-14 23:57:31","2026-08-14 23:57:41",OP. EMPILHADEIRA 02,"2026-08-14 23:55:39",2026-08-14 18:40:00.000,2026-08-15 01:07:00.000
CÂNDIDO MOTA,2026-08-14,"1",EYU3702,"1000219686",10,9,1,EYU3702,EYU3702D5,68,MISTO,"115",D5,,PEDRO,"2026-08-14 22:44:46","2026-08-14 22:57:56",13.17,CONFERENTE / SUPERVISOR ,"2026-08-14 23:56:54","2026-08-14 23:57:01",OP. EMPILHADEIRA 02,"2026-08-14 23:55:50",2026-08-14 18:40:00.000,2026-08-15 01:07:00.000
CÂNDIDO MOTA,2026-08-14,"1",EYU3702,"1000219686",10,9,1,EYU3702,EYU3702E3,38,MISTO,"117",E3,,PEDRO,"2026-08-14 23:16:56","2026-08-14 23:23:22",6.43,CONFERENTE / SUPERVISOR ,"2026-08-14 23:57:14","2026-08-14 23:57:20",OP. EMPILHADEIRA 02,"2026-08-14 23:55:45",2026-08-14 18:40:00.000,2026-08-15 01:07:00.000
CÂNDIDO MOTA,2026-08-14,"1",EYU3702,"1000219686",10,9,1,EYU3702,EYU3702E4,73,MISTO,"7",E4,,JOSÉ,"2026-08-14 22:48:16","2026-08-14 23:22:19",34.05,CONFERENTE / SUPERVISOR ,"2026-08-14 23:56:42","2026-08-14 23:56:45",OP. EMPILHADEIRA 02,"2026-08-14 23:55:53",2026-08-14 18:40:00.000,2026-08-15 01:07:00.000
CÂNDIDO MOTA,2026-08-14,"1",EYU3702,"1000219686",10,9,1,EYU3702,EYU3702E2,23,MISTO,"8",E2,,JOSÉ,"2026-08-14 23:23:04","2026-08-14 23:28:45",5.68,CONFERENTE / SUPERVISOR ,"2026-08-14 23:57:53","2026-08-14 23:57:58",OP. EMPILHADEIRA 02,"2026-08-14 23:55:42",2026-08-14 18:40:00.000,2026-08-15 01:07:00.000
CÂNDIDO MOTA,2026-08-14,"1",EYU3702,"1000219686",10,9,1,EYU3702,EYU3702E5,53,MISTO,"116",E5,,PEDRO,"2026-08-14 22:58:40","2026-08-14 23:14:11",15.52,CONFERENTE / SUPERVISOR ,"2026-08-14 23:15:00","2026-08-14 23:16:57",OP. EMPILHADEIRA 02,"2026-08-14 23:17:18",2026-08-14 18:40:00.000,2026-08-15 01:07:00.000
CÂNDIDO MOTA,2026-08-14,"1",EYU3372,"1000219685",11,10,1,EYU3372,EYU3372E2,167,MISTO,"9",E2,,JOSÉ,"2026-08-14 23:33:43","2026-08-15 00:04:01",30.30,CONFERENTE / SUPERVISOR ,"2026-08-15 00:11:38","2026-08-15 00:11:45",OP. EMPILHADEIRA 02,"2026-08-15 00:06:08",2026-08-14 18:40:00.000,2026-08-15 01:07:00.000
CÂNDIDO MOTA,2026-08-14,"1",EYU3372,"1000219685",11,10,1,EYU3372,EYU3372E1,193,MISTO,"118",E1,,PEDRO,"2026-08-14 23:25:19","2026-08-14 23:55:28",30.15,CONFERENTE / SUPERVISOR ,"2026-08-15 00:05:57","2026-08-15 00:06:04",OP. EMPILHADEIRA 02,"2026-08-15 00:04:16",2026-08-14 18:40:00.000,2026-08-15 01:07:00.000
CÂNDIDO MOTA,2026-08-14,"1",EYU3372,"1000219685",11,10,1,EYU3372,EYU3372E3,68,MISTO,"217",E3,,LEONARDO,"2026-08-15 00:02:55","2026-08-15 00:18:15",15.33,CONFERENTE / SUPERVISOR ,"2026-08-15 00:30:58","2026-08-15 00:31:06",OP. EMPILHADEIRA 02,"2026-08-15 00:33:11",2026-08-14 18:40:00.000,2026-08-15 01:07:00.000
CÂNDIDO MOTA,2026-08-14,"1",EYU3372,"1000219685",11,10,1,EYU3372,EYU3372E4,28,MISTO,"10",E4,,JOSÉ,"2026-08-15 00:05:27","2026-08-15 00:13:59",8.53,CONFERENTE / SUPERVISOR ,"2026-08-15 00:26:09","2026-08-15 00:26:13",OP. EMPILHADEIRA 02,"2026-08-15 00:15:29",2026-08-14 18:40:00.000,2026-08-15 01:07:00.000
CÂNDIDO MOTA,2026-08-14,"1",EYU3372,"1000219685",11,10,1,EYU3372,EYU3372D3,106,MISTO,"216",D3,,LEONARDO,"2026-08-14 23:38:13","2026-08-15 00:02:31",24.30,CONFERENTE / SUPERVISOR ,"2026-08-15 00:25:51","2026-08-15 00:25:55",OP. EMPILHADEIRA 02,"2026-08-15 00:15:40",2026-08-14 18:40:00.000,2026-08-15 01:07:00.000
CÂNDIDO MOTA,2026-08-14,"1",EYU3372,"1000219685",11,10,1,EYU3372,EYU3372D2,89,MISTO,"119",D2,,PEDRO,"2026-08-14 23:57:48","2026-08-15 00:02:23",4.58,CONFERENTE / SUPERVISOR ,"2026-08-15 00:25:59","2026-08-15 00:26:03",OP. EMPILHADEIRA 02,"2026-08-15 00:15:37",2026-08-14 18:40:00.000,2026-08-15 01:07:00.000
CÂNDIDO MOTA,2026-08-14,"1",EYU3372,"1000219685",11,10,1,EYU3372,EYU3372D4,95,MISTO,"11",D4,,JOSÉ,"2026-08-15 00:18:16","2026-08-15 00:26:02",7.77,CONFERENTE / SUPERVISOR ,"2026-08-15 00:31:11","2026-08-15 00:31:23",OP. EMPILHADEIRA 02,"2026-08-15 00:28:36",2026-08-14 18:40:00.000,2026-08-15 01:07:00.000
CÂNDIDO MOTA,2026-08-14,"1",EYU3372,"1000219685",11,10,1,EYU3372,EYU3372E5,71,MISTO,"120",E5,,PEDRO,"2026-08-15 00:03:07","2026-08-15 00:12:42",9.58,CONFERENTE / SUPERVISOR ,"2026-08-15 00:26:17","2026-08-15 00:26:21",OP. EMPILHADEIRA 02,"2026-08-15 00:15:33",2026-08-14 18:40:00.000,2026-08-15 01:07:00.000
CÂNDIDO MOTA,2026-08-14,"1",EYU3372,"1000219685",11,10,1,EYU3372,EYU3372D1,180,COMPLETO,,D1,,,,,,CONFERENTE / SUPERVISOR ,"2026-08-15 00:33:21","2026-08-15 00:33:24",OP. EMPILHADEIRA 02,"2026-08-15 00:29:39",2026-08-14 18:40:00.000,2026-08-15 01:07:00.000
CÂNDIDO MOTA,2026-08-14,"1",EYU3372,"1000219685",11,10,1,EYU3372,EYU3372COMODATO,16,MISTO,"218",COMODATO,,LEONARDO,"2026-08-15 00:19:51","2026-08-15 00:20:00",0.15,CONFERENTE / SUPERVISOR ,"2026-08-15 00:28:18","2026-08-15 00:28:26",OP. EMPILHADEIRA 02,"2026-08-15 00:26:39",2026-08-14 18:40:00.000,2026-08-15 01:07:00.000
CÂNDIDO MOTA,2026-08-14,"1",EYU3372,"1000219685",11,10,1,EYU3372,EYU3372D5,18,MISTO,"121",D5,,PEDRO,"2026-08-15 00:14:41","2026-08-15 00:19:49",5.13,CONFERENTE / SUPERVISOR ,"2026-08-15 00:31:29","2026-08-15 00:32:50",OP. EMPILHADEIRA 02,"2026-08-15 00:33:06",2026-08-14 18:40:00.000,2026-08-15 01:07:00.000
